2025-01-05 19:40:41,084 Train INFO: DATA:
  NUM_INSTANCES: 4
  NUM_WORKERS: 16
  PKUVID_IMG_SOURCE: 
  QUERY_IMG_SOURCE: 
  SAMPLE: RandomIdentitySampler
  TEST_BATCHSIZE: 256
  TEST_IMG_SOURCE: /root/shared-nvme/Stanford_Online_Products/Ebay_test.txt
  TRAIN_BATCHSIZE: 64
  TRAIN_IMG_SOURCE: /root/shared-nvme/Stanford_Online_Products/Ebay_train.txt
INPUT:
  CROP_SCALE: [0.2, 1]
  CROP_SIZE: [224, 224]
  FLIP_PROB: 0.5
  MODE: RGB
  ORIGIN_SIZE: [256, 256]
  PIXEL_MEAN: [0.485, 0.456, 0.406]
  PIXEL_STD: [0.229, 0.224, 0.225]
LOGGER:
  LEVEL: 20
  STREAM: stdout
LOSSES:
  MULTI_SIMILARITY_LOSS:
    HARD_MINING: True
    SCALE_NEG: 40.0
    SCALE_POS: 2.0
  NAME: contrastive_loss
MODEL:
  BACKBONE:
    LAST_STRIDE: 2
    NAME: resnet50
  DEVICE: cuda
  HEAD:
    DIM: 256
    IN_CHANNELS: 2048
    NAME: linear_norm
    NUM_CLASSES: 1000
  PRETRAIN: imagenet
  PRETRIANED_PATH:
    bninception: ~/.torch/models/bn_inception-52deb4733.pth
    googlenet: ~/.torch/models/googlenet-1378be20.pth
    resnet50: ~/.torch/models/pytorch_resnet50.pth
  WEIGHT: 
NAME: save_mobilenet
SAVE: True
SAVE_DIR: /root/shared-nvme/
SOLVER:
  BASE_LR: 0.0001
  BIAS_LR_FACTOR: 1
  CHECKPOINT_PERIOD: 1000
  FINETURN_MODE_PATH: 
  FIX_BN: False
  GAMMA: 0.1
  IS_FINETURN: False
  MAX_ITERS: 40000
  MOMENTUM: 0.9
  OPTIMIZER_NAME: Adam
  RNG_SEED: 1
  STEPS: 2
  WEIGHT_DECAY: 0.0005
  WEIGHT_DECAY_BIAS: 0.0005
TB_SAVE_DIR: /root/shared-nvme/
VALIDATION:
  IS_VALIDATION: True
  R: [1]
  VERBOSE: 1000
XBM:
  ENABLE: True
  SIZE: 55000
  START_ITERATION: 1000
  WEIGHT: 1.0
2025-01-05 19:40:41,544 Train INFO: | Dataset Info |datasize: 59551|num_labels: 11318|
2025-01-05 19:40:41,545 Train INFO: | Dataset Info |datasize: 60502|num_labels: 11316|
2025-01-05 19:40:41,549 Train INFO: Start training
2025-01-05 19:40:41,549 Train INFO: >>> use XBM
2025-01-05 19:40:47,865 Train INFO: eta: 3:29:47  iter: 20  time: 0.0930 (0.3148)  data: 0.0256 (0.1644)  loss: 1.7276 (3.0006)  lr: 0.000100  max mem: 2.8 GB
2025-01-05 19:40:49,823 Train INFO: eta: 2:17:27  iter: 40  time: 0.0975 (0.2064)  data: 0.0250 (0.0948)  loss: 2.6019 (2.8823)  lr: 0.000100  max mem: 2.8 GB
2025-01-05 19:40:51,798 Train INFO: eta: 1:53:28  iter: 60  time: 0.0960 (0.1705)  data: 0.0251 (0.0717)  loss: 2.3294 (2.7516)  lr: 0.000100  max mem: 2.8 GB
2025-01-05 19:40:53,794 Train INFO: eta: 1:41:41  iter: 80  time: 0.0997 (0.1528)  data: 0.0253 (0.0602)  loss: 2.3069 (2.6619)  lr: 0.000100  max mem: 2.8 GB
2025-01-05 19:40:55,776 Train INFO: eta: 1:34:28  iter: 100  time: 0.0980 (0.1421)  data: 0.0257 (0.0534)  loss: 2.5413 (2.6315)  lr: 0.000100  max mem: 2.8 GB
2025-01-05 19:40:57,759 Train INFO: eta: 1:29:40  iter: 120  time: 0.0986 (0.1349)  data: 0.0262 (0.0489)  loss: 2.2812 (2.5973)  lr: 0.000100  max mem: 2.8 GB
2025-01-05 19:40:59,716 Train INFO: eta: 1:26:06  iter: 140  time: 0.0980 (0.1296)  data: 0.0265 (0.0457)  loss: 2.3653 (2.5788)  lr: 0.000100  max mem: 2.8 GB
2025-01-05 19:41:01,689 Train INFO: eta: 1:23:30  iter: 160  time: 0.0963 (0.1258)  data: 0.0260 (0.0432)  loss: 2.2708 (2.5438)  lr: 0.000100  max mem: 2.8 GB
2025-01-05 19:41:03,628 Train INFO: eta: 1:21:19  iter: 180  time: 0.0976 (0.1226)  data: 0.0256 (0.0413)  loss: 2.1119 (2.5136)  lr: 0.000100  max mem: 2.8 GB
2025-01-05 19:41:05,586 Train INFO: eta: 1:19:39  iter: 200  time: 0.0969 (0.1201)  data: 0.0261 (0.0398)  loss: 2.3271 (2.4991)  lr: 0.000100  max mem: 2.8 GB
2025-01-05 19:41:07,528 Train INFO: eta: 1:18:14  iter: 220  time: 0.0962 (0.1180)  data: 0.0255 (0.0385)  loss: 2.3293 (2.4858)  lr: 0.000100  max mem: 2.8 GB
2025-01-05 19:41:09,497 Train INFO: eta: 1:17:06  iter: 240  time: 0.0971 (0.1164)  data: 0.0259 (0.0375)  loss: 2.2644 (2.4654)  lr: 0.000100  max mem: 2.8 GB
2025-01-05 19:41:11,440 Train INFO: eta: 1:16:05  iter: 260  time: 0.0961 (0.1149)  data: 0.0261 (0.0366)  loss: 2.2018 (2.4497)  lr: 0.000100  max mem: 2.8 GB
2025-01-05 19:41:13,352 Train INFO: eta: 1:15:08  iter: 280  time: 0.0953 (0.1135)  data: 0.0260 (0.0358)  loss: 1.9994 (2.4236)  lr: 0.000100  max mem: 2.8 GB
2025-01-05 19:41:15,295 Train INFO: eta: 1:14:23  iter: 300  time: 0.0957 (0.1124)  data: 0.0255 (0.0352)  loss: 2.0826 (2.4102)  lr: 0.000100  max mem: 2.8 GB
2025-01-05 19:41:17,260 Train INFO: eta: 1:13:45  iter: 320  time: 0.0975 (0.1115)  data: 0.0255 (0.0346)  loss: 2.1052 (2.4010)  lr: 0.000100  max mem: 2.8 GB
2025-01-05 19:41:19,186 Train INFO: eta: 1:13:07  iter: 340  time: 0.0966 (0.1106)  data: 0.0253 (0.0340)  loss: 2.1106 (2.3874)  lr: 0.000100  max mem: 2.8 GB
2025-01-05 19:41:21,120 Train INFO: eta: 1:12:35  iter: 360  time: 0.0967 (0.1099)  data: 0.0255 (0.0336)  loss: 2.0654 (2.3702)  lr: 0.000100  max mem: 2.8 GB
2025-01-05 19:41:23,054 Train INFO: eta: 1:12:05  iter: 380  time: 0.0960 (0.1092)  data: 0.0256 (0.0331)  loss: 2.0164 (2.3596)  lr: 0.000100  max mem: 2.8 GB
2025-01-05 19:41:24,992 Train INFO: eta: 1:11:38  iter: 400  time: 0.0966 (0.1086)  data: 0.0252 (0.0328)  loss: 2.2554 (2.3513)  lr: 0.000100  max mem: 2.8 GB
2025-01-05 19:41:26,891 Train INFO: eta: 1:11:11  iter: 420  time: 0.0948 (0.1079)  data: 0.0246 (0.0324)  loss: 2.1118 (2.3387)  lr: 0.000100  max mem: 2.8 GB
2025-01-05 19:41:28,802 Train INFO: eta: 1:10:46  iter: 440  time: 0.0954 (0.1073)  data: 0.0252 (0.0321)  loss: 2.1371 (2.3281)  lr: 0.000100  max mem: 2.8 GB
2025-01-05 19:41:30,698 Train INFO: eta: 1:10:23  iter: 460  time: 0.0942 (0.1068)  data: 0.0248 (0.0317)  loss: 1.9763 (2.3145)  lr: 0.000100  max mem: 2.8 GB
2025-01-05 19:41:32,615 Train INFO: eta: 1:10:02  iter: 480  time: 0.0961 (0.1063)  data: 0.0250 (0.0315)  loss: 2.0427 (2.3073)  lr: 0.000100  max mem: 2.8 GB
2025-01-05 19:41:34,529 Train INFO: eta: 1:09:43  iter: 500  time: 0.0956 (0.1059)  data: 0.0249 (0.0312)  loss: 1.9762 (2.2950)  lr: 0.000100  max mem: 2.8 GB
2025-01-05 19:41:36,420 Train INFO: eta: 1:09:24  iter: 520  time: 0.0942 (0.1055)  data: 0.0256 (0.0310)  loss: 2.1317 (2.2864)  lr: 0.000100  max mem: 2.8 GB
2025-01-05 19:41:38,303 Train INFO: eta: 1:09:05  iter: 540  time: 0.0937 (0.1051)  data: 0.0256 (0.0308)  loss: 2.0119 (2.2753)  lr: 0.000100  max mem: 2.8 GB
2025-01-05 19:41:40,204 Train INFO: eta: 1:08:49  iter: 560  time: 0.0941 (0.1047)  data: 0.0250 (0.0306)  loss: 2.1673 (2.2695)  lr: 0.000100  max mem: 2.8 GB
2025-01-05 19:41:42,105 Train INFO: eta: 1:08:34  iter: 580  time: 0.0951 (0.1044)  data: 0.0253 (0.0304)  loss: 1.9261 (2.2596)  lr: 0.000100  max mem: 2.8 GB
2025-01-05 19:41:44,003 Train INFO: eta: 1:08:19  iter: 600  time: 0.0945 (0.1041)  data: 0.0247 (0.0302)  loss: 2.0259 (2.2518)  lr: 0.000100  max mem: 2.8 GB
2025-01-05 19:41:45,898 Train INFO: eta: 1:08:05  iter: 620  time: 0.0950 (0.1038)  data: 0.0242 (0.0300)  loss: 1.8926 (2.2430)  lr: 0.000100  max mem: 2.8 GB
2025-01-05 19:41:47,794 Train INFO: eta: 1:07:52  iter: 640  time: 0.0948 (0.1035)  data: 0.0244 (0.0298)  loss: 1.8818 (2.2325)  lr: 0.000100  max mem: 2.8 GB
2025-01-05 19:41:49,714 Train INFO: eta: 1:07:41  iter: 660  time: 0.0952 (0.1033)  data: 0.0246 (0.0297)  loss: 1.9075 (2.2255)  lr: 0.000100  max mem: 2.8 GB
2025-01-05 19:41:51,609 Train INFO: eta: 1:07:29  iter: 680  time: 0.0943 (0.1030)  data: 0.0239 (0.0295)  loss: 1.9562 (2.2194)  lr: 0.000100  max mem: 2.8 GB
2025-01-05 19:41:53,501 Train INFO: eta: 1:07:18  iter: 700  time: 0.0945 (0.1028)  data: 0.0242 (0.0294)  loss: 1.9901 (2.2131)  lr: 0.000100  max mem: 2.8 GB
2025-01-05 19:41:55,368 Train INFO: eta: 1:07:06  iter: 720  time: 0.0934 (0.1025)  data: 0.0245 (0.0292)  loss: 1.9472 (2.2073)  lr: 0.000100  max mem: 2.8 GB
2025-01-05 19:41:57,270 Train INFO: eta: 1:06:56  iter: 740  time: 0.0956 (0.1023)  data: 0.0240 (0.0291)  loss: 2.0065 (2.2003)  lr: 0.000100  max mem: 2.8 GB
2025-01-05 19:41:59,157 Train INFO: eta: 1:06:45  iter: 760  time: 0.0941 (0.1021)  data: 0.0236 (0.0289)  loss: 1.9146 (2.1951)  lr: 0.000100  max mem: 2.8 GB
2025-01-05 19:42:01,044 Train INFO: eta: 1:06:36  iter: 780  time: 0.0935 (0.1019)  data: 0.0236 (0.0288)  loss: 1.9446 (2.1883)  lr: 0.000100  max mem: 2.8 GB
2025-01-05 19:42:02,928 Train INFO: eta: 1:06:26  iter: 800  time: 0.0932 (0.1017)  data: 0.0237 (0.0287)  loss: 1.8199 (2.1819)  lr: 0.000100  max mem: 2.8 GB
2025-01-05 19:42:04,814 Train INFO: eta: 1:06:17  iter: 820  time: 0.0934 (0.1015)  data: 0.0240 (0.0286)  loss: 1.9021 (2.1739)  lr: 0.000100  max mem: 2.8 GB
2025-01-05 19:42:06,678 Train INFO: eta: 1:06:07  iter: 840  time: 0.0916 (0.1013)  data: 0.0236 (0.0285)  loss: 1.9901 (2.1699)  lr: 0.000100  max mem: 2.8 GB
2025-01-05 19:42:08,536 Train INFO: eta: 1:05:57  iter: 860  time: 0.0928 (0.1011)  data: 0.0240 (0.0284)  loss: 1.9265 (2.1650)  lr: 0.000100  max mem: 2.8 GB
2025-01-05 19:42:10,394 Train INFO: eta: 1:05:48  iter: 880  time: 0.0926 (0.1009)  data: 0.0237 (0.0282)  loss: 1.9253 (2.1595)  lr: 0.000100  max mem: 2.8 GB
2025-01-05 19:42:12,237 Train INFO: eta: 1:05:38  iter: 900  time: 0.0920 (0.1007)  data: 0.0238 (0.0281)  loss: 1.7693 (2.1526)  lr: 0.000100  max mem: 2.8 GB
2025-01-05 19:42:14,078 Train INFO: eta: 1:05:29  iter: 920  time: 0.0915 (0.1006)  data: 0.0236 (0.0281)  loss: 1.8940 (2.1466)  lr: 0.000100  max mem: 2.8 GB
2025-01-05 19:42:15,923 Train INFO: eta: 1:05:20  iter: 940  time: 0.0915 (0.1004)  data: 0.0235 (0.0280)  loss: 1.8787 (2.1422)  lr: 0.000100  max mem: 2.8 GB
2025-01-05 19:42:17,783 Train INFO: eta: 1:05:12  iter: 960  time: 0.0924 (0.1002)  data: 0.0233 (0.0279)  loss: 1.8740 (2.1364)  lr: 0.000100  max mem: 2.8 GB
2025-01-05 19:42:19,705 Train INFO: eta: 1:05:07  iter: 980  time: 0.0949 (0.1001)  data: 0.0209 (0.0277)  loss: 1.9023 (2.1328)  lr: 0.000100  max mem: 2.8 GB
2025-01-05 19:42:21,578 Train INFO: eta: 1:05:00  iter: 1000  time: 0.0932 (0.1000)  data: 0.0230 (0.0276)  loss: 1.9378 (2.1278)  lr: 0.000100  max mem: 2.8 GB
2025-01-05 19:42:21,679 Train INFO: Validation
2025-01-05 19:42:21,684 Train INFO: Begin extract
2025-01-05 19:43:14,624 Train INFO: Best iteration 1000: {'mean_average_precision_at_r': 0.37441565325795445, 'precision_at_1': 0.6640276354500678, 'r_precision': 0.40387781177424503}
2025-01-05 19:43:17,288 Train INFO: eta: 1:39:10  iter: 1020  time: 0.1313 (0.1527)  data: 0.0226 (0.0795)  loss: 6.9823 (2.2432)  lr: 0.000100  max mem: 2.8 GB
2025-01-05 19:43:19,985 Train INFO: eta: 1:38:54  iter: 1040  time: 0.1330 (0.1523)  data: 0.0225 (0.0784)  loss: 10.9389 (2.4426)  lr: 0.000100  max mem: 2.8 GB
2025-01-05 19:43:22,723 Train INFO: eta: 1:38:40  iter: 1060  time: 0.1349 (0.1520)  data: 0.0221 (0.0774)  loss: 13.8621 (2.6673)  lr: 0.000100  max mem: 2.8 GB
2025-01-05 19:43:25,511 Train INFO: eta: 1:38:27  iter: 1080  time: 0.1331 (0.1518)  data: 0.0221 (0.0763)  loss: 11.4667 (2.8426)  lr: 0.000100  max mem: 2.8 GB
2025-01-05 19:43:28,194 Train INFO: eta: 1:38:12  iter: 1100  time: 0.1332 (0.1515)  data: 0.0219 (0.0754)  loss: 10.7540 (2.9966)  lr: 0.000100  max mem: 2.8 GB
2025-01-05 19:43:30,865 Train INFO: eta: 1:37:56  iter: 1120  time: 0.1331 (0.1512)  data: 0.0218 (0.0744)  loss: 10.4635 (3.1312)  lr: 0.000100  max mem: 2.8 GB
2025-01-05 19:43:33,770 Train INFO: eta: 1:37:49  iter: 1140  time: 0.1306 (0.1511)  data: 0.0217 (0.0737)  loss: 10.0661 (3.2527)  lr: 0.000100  max mem: 2.8 GB
2025-01-05 19:43:36,502 Train INFO: eta: 1:37:37  iter: 1160  time: 0.1359 (0.1508)  data: 0.0267 (0.0729)  loss: 9.3801 (3.3591)  lr: 0.000100  max mem: 2.8 GB
2025-01-05 19:43:39,211 Train INFO: eta: 1:37:24  iter: 1180  time: 0.1354 (0.1505)  data: 0.0263 (0.0721)  loss: 9.1673 (3.4618)  lr: 0.000100  max mem: 2.8 GB
2025-01-05 19:43:41,922 Train INFO: eta: 1:37:11  iter: 1200  time: 0.1356 (0.1503)  data: 0.0262 (0.0714)  loss: 9.2333 (3.5597)  lr: 0.000100  max mem: 2.8 GB
2025-01-05 19:43:44,641 Train INFO: eta: 1:36:59  iter: 1220  time: 0.1358 (0.1501)  data: 0.0265 (0.0706)  loss: 9.9935 (3.6625)  lr: 0.000100  max mem: 2.8 GB
2025-01-05 19:43:47,389 Train INFO: eta: 1:36:48  iter: 1240  time: 0.1362 (0.1499)  data: 0.0261 (0.0699)  loss: 9.6690 (3.7610)  lr: 0.000100  max mem: 2.8 GB
2025-01-05 19:43:50,107 Train INFO: eta: 1:36:36  iter: 1260  time: 0.1344 (0.1496)  data: 0.0265 (0.0692)  loss: 9.1489 (3.8433)  lr: 0.000100  max mem: 2.8 GB
2025-01-05 19:43:52,827 Train INFO: eta: 1:36:25  iter: 1280  time: 0.1351 (0.1494)  data: 0.0264 (0.0685)  loss: 9.3798 (3.9330)  lr: 0.000100  max mem: 2.8 GB
2025-01-05 19:43:55,546 Train INFO: eta: 1:36:14  iter: 1300  time: 0.1347 (0.1492)  data: 0.0262 (0.0679)  loss: 9.3233 (4.0187)  lr: 0.000100  max mem: 2.8 GB
2025-01-05 19:43:58,264 Train INFO: eta: 1:36:03  iter: 1320  time: 0.1346 (0.1490)  data: 0.0260 (0.0673)  loss: 9.2666 (4.1058)  lr: 0.000100  max mem: 2.8 GB
2025-01-05 19:44:00,964 Train INFO: eta: 1:35:52  iter: 1340  time: 0.1349 (0.1488)  data: 0.0262 (0.0667)  loss: 7.7418 (4.1663)  lr: 0.000100  max mem: 2.8 GB
2025-01-05 19:44:03,670 Train INFO: eta: 1:35:42  iter: 1360  time: 0.1336 (0.1486)  data: 0.0260 (0.0661)  loss: 8.3318 (4.2349)  lr: 0.000100  max mem: 2.8 GB
2025-01-05 19:44:06,397 Train INFO: eta: 1:35:32  iter: 1380  time: 0.1343 (0.1484)  data: 0.0258 (0.0655)  loss: 9.7363 (4.3145)  lr: 0.000100  max mem: 2.8 GB
2025-01-05 19:44:09,117 Train INFO: eta: 1:35:22  iter: 1400  time: 0.1351 (0.1482)  data: 0.0261 (0.0649)  loss: 9.6797 (4.3904)  lr: 0.000100  max mem: 2.8 GB
2025-01-05 19:44:11,792 Train INFO: eta: 1:35:11  iter: 1420  time: 0.1337 (0.1480)  data: 0.0260 (0.0644)  loss: 9.3113 (4.4594)  lr: 0.000100  max mem: 2.8 GB
2025-01-05 19:44:14,494 Train INFO: eta: 1:35:01  iter: 1440  time: 0.1341 (0.1479)  data: 0.0260 (0.0638)  loss: 9.5396 (4.5303)  lr: 0.000100  max mem: 2.8 GB
2025-01-05 19:44:17,176 Train INFO: eta: 1:34:51  iter: 1460  time: 0.1343 (0.1477)  data: 0.0262 (0.0633)  loss: 9.0838 (4.5967)  lr: 0.000100  max mem: 2.8 GB
2025-01-05 19:44:19,877 Train INFO: eta: 1:34:41  iter: 1480  time: 0.1346 (0.1475)  data: 0.0263 (0.0628)  loss: 9.9888 (4.6707)  lr: 0.000100  max mem: 2.8 GB
2025-01-05 19:44:22,569 Train INFO: eta: 1:34:32  iter: 1500  time: 0.1343 (0.1473)  data: 0.0255 (0.0623)  loss: 10.3885 (4.7509)  lr: 0.000100  max mem: 2.8 GB
2025-01-05 19:44:25,295 Train INFO: eta: 1:34:23  iter: 1520  time: 0.1352 (0.1472)  data: 0.0259 (0.0618)  loss: 8.7918 (4.8119)  lr: 0.000100  max mem: 2.8 GB
2025-01-05 19:44:28,003 Train INFO: eta: 1:34:14  iter: 1540  time: 0.1334 (0.1470)  data: 0.0257 (0.0614)  loss: 8.1959 (4.8634)  lr: 0.000100  max mem: 2.8 GB
2025-01-05 19:44:30,664 Train INFO: eta: 1:34:05  iter: 1560  time: 0.1313 (0.1469)  data: 0.0254 (0.0609)  loss: 8.4504 (4.9209)  lr: 0.000100  max mem: 2.8 GB
2025-01-05 19:44:33,365 Train INFO: eta: 1:33:56  iter: 1580  time: 0.1349 (0.1467)  data: 0.0254 (0.0605)  loss: 10.2891 (4.9976)  lr: 0.000100  max mem: 2.8 GB
2025-01-05 19:44:36,042 Train INFO: eta: 1:33:47  iter: 1600  time: 0.1333 (0.1465)  data: 0.0259 (0.0600)  loss: 9.1483 (5.0537)  lr: 0.000100  max mem: 2.8 GB
2025-01-05 19:44:38,726 Train INFO: eta: 1:33:38  iter: 1620  time: 0.1340 (0.1464)  data: 0.0256 (0.0596)  loss: 10.2635 (5.1212)  lr: 0.000100  max mem: 2.8 GB
2025-01-05 19:44:41,415 Train INFO: eta: 1:33:30  iter: 1640  time: 0.1324 (0.1462)  data: 0.0252 (0.0592)  loss: 9.5815 (5.1753)  lr: 0.000100  max mem: 2.8 GB
2025-01-05 19:44:44,092 Train INFO: eta: 1:33:21  iter: 1660  time: 0.1333 (0.1461)  data: 0.0253 (0.0588)  loss: 9.3223 (5.2265)  lr: 0.000100  max mem: 2.8 GB
2025-01-05 19:44:46,785 Train INFO: eta: 1:33:13  iter: 1680  time: 0.1340 (0.1460)  data: 0.0254 (0.0584)  loss: 10.3252 (5.2838)  lr: 0.000100  max mem: 2.8 GB
2025-01-05 19:44:49,475 Train INFO: eta: 1:33:05  iter: 1700  time: 0.1334 (0.1458)  data: 0.0250 (0.0580)  loss: 10.1400 (5.3376)  lr: 0.000100  max mem: 2.8 GB
2025-01-05 19:44:52,266 Train INFO: eta: 1:32:59  iter: 1720  time: 0.1329 (0.1458)  data: 0.0252 (0.0576)  loss: 9.9281 (5.3921)  lr: 0.000100  max mem: 2.8 GB
2025-01-05 19:44:54,950 Train INFO: eta: 1:32:51  iter: 1740  time: 0.1332 (0.1456)  data: 0.0248 (0.0572)  loss: 10.2221 (5.4461)  lr: 0.000100  max mem: 2.8 GB
2025-01-05 19:44:57,672 Train INFO: eta: 1:32:44  iter: 1760  time: 0.1353 (0.1455)  data: 0.0247 (0.0569)  loss: 10.5804 (5.5071)  lr: 0.000100  max mem: 2.8 GB
2025-01-05 19:45:00,338 Train INFO: eta: 1:32:36  iter: 1780  time: 0.1320 (0.1454)  data: 0.0252 (0.0565)  loss: 10.4802 (5.5647)  lr: 0.000100  max mem: 2.8 GB
2025-01-05 19:45:02,996 Train INFO: eta: 1:32:28  iter: 1800  time: 0.1320 (0.1452)  data: 0.0252 (0.0562)  loss: 10.5381 (5.6203)  lr: 0.000100  max mem: 2.8 GB
2025-01-05 19:45:05,659 Train INFO: eta: 1:32:20  iter: 1820  time: 0.1328 (0.1451)  data: 0.0247 (0.0558)  loss: 9.4061 (5.6633)  lr: 0.000100  max mem: 2.9 GB
2025-01-05 19:45:08,327 Train INFO: eta: 1:32:12  iter: 1840  time: 0.1329 (0.1450)  data: 0.0246 (0.0555)  loss: 10.6604 (5.7168)  lr: 0.000100  max mem: 2.9 GB
2025-01-05 19:45:10,998 Train INFO: eta: 1:32:04  iter: 1860  time: 0.1324 (0.1449)  data: 0.0246 (0.0552)  loss: 10.8904 (5.7731)  lr: 0.000100  max mem: 2.9 GB
2025-01-05 19:45:13,636 Train INFO: eta: 1:31:56  iter: 1880  time: 0.1321 (0.1447)  data: 0.0244 (0.0548)  loss: 10.8405 (5.8269)  lr: 0.000100  max mem: 2.9 GB
2025-01-05 19:45:16,289 Train INFO: eta: 1:31:48  iter: 1900  time: 0.1315 (0.1446)  data: 0.0243 (0.0545)  loss: 10.8346 (5.8796)  lr: 0.000100  max mem: 2.9 GB
2025-01-05 19:45:18,971 Train INFO: eta: 1:31:41  iter: 1920  time: 0.1333 (0.1445)  data: 0.0243 (0.0542)  loss: 10.0095 (5.9262)  lr: 0.000100  max mem: 2.9 GB
2025-01-05 19:45:21,639 Train INFO: eta: 1:31:34  iter: 1940  time: 0.1318 (0.1444)  data: 0.0241 (0.0539)  loss: 9.9092 (5.9692)  lr: 0.000100  max mem: 2.9 GB
2025-01-05 19:45:24,315 Train INFO: eta: 1:31:27  iter: 1960  time: 0.1327 (0.1443)  data: 0.0239 (0.0536)  loss: 8.9846 (5.9994)  lr: 0.000100  max mem: 2.9 GB
2025-01-05 19:45:26,979 Train INFO: eta: 1:31:20  iter: 1980  time: 0.1325 (0.1441)  data: 0.0242 (0.0533)  loss: 11.1539 (6.0523)  lr: 0.000100  max mem: 2.9 GB
2025-01-05 19:45:29,645 Train INFO: eta: 1:31:13  iter: 2000  time: 0.1327 (0.1440)  data: 0.0236 (0.0530)  loss: 10.7631 (6.0981)  lr: 0.000100  max mem: 2.9 GB
2025-01-05 19:45:29,742 Train INFO: Validation
2025-01-05 19:45:29,747 Train INFO: Begin extract
2025-01-05 19:46:24,039 Train INFO: Best iteration 2000: {'mean_average_precision_at_r': 0.4366851720806913, 'precision_at_1': 0.7230174209117054, 'r_precision': 0.4664420786681208}
2025-01-05 19:46:26,779 Train INFO: eta: 1:48:10  iter: 2020  time: 0.1336 (0.1709)  data: 0.0232 (0.0796)  loss: 10.8398 (6.1456)  lr: 0.000100  max mem: 2.9 GB
2025-01-05 19:46:29,452 Train INFO: eta: 1:47:53  iter: 2040  time: 0.1329 (0.1705)  data: 0.0234 (0.0791)  loss: 9.8516 (6.1827)  lr: 0.000100  max mem: 2.9 GB
2025-01-05 19:46:32,218 Train INFO: eta: 1:47:38  iter: 2060  time: 0.1363 (0.1702)  data: 0.0230 (0.0785)  loss: 10.0829 (6.2199)  lr: 0.000100  max mem: 2.9 GB
2025-01-05 19:46:34,912 Train INFO: eta: 1:47:21  iter: 2080  time: 0.1341 (0.1699)  data: 0.0232 (0.0780)  loss: 9.8883 (6.2630)  lr: 0.000100  max mem: 2.9 GB
2025-01-05 19:46:37,582 Train INFO: eta: 1:47:05  iter: 2100  time: 0.1330 (0.1695)  data: 0.0228 (0.0775)  loss: 8.4208 (6.2898)  lr: 0.000100  max mem: 2.9 GB
2025-01-05 19:46:40,268 Train INFO: eta: 1:46:49  iter: 2120  time: 0.1340 (0.1692)  data: 0.0229 (0.0770)  loss: 10.8974 (6.3358)  lr: 0.000100  max mem: 2.9 GB
2025-01-05 19:46:42,932 Train INFO: eta: 1:46:33  iter: 2140  time: 0.1325 (0.1689)  data: 0.0226 (0.0765)  loss: 10.7118 (6.3741)  lr: 0.000100  max mem: 2.9 GB
2025-01-05 19:46:45,634 Train INFO: eta: 1:46:17  iter: 2160  time: 0.1347 (0.1685)  data: 0.0223 (0.0759)  loss: 10.4016 (6.4130)  lr: 0.000100  max mem: 2.9 GB
2025-01-05 19:46:48,286 Train INFO: eta: 1:46:02  iter: 2180  time: 0.1320 (0.1682)  data: 0.0221 (0.0755)  loss: 10.6323 (6.4507)  lr: 0.000100  max mem: 2.9 GB
2025-01-05 19:46:50,941 Train INFO: eta: 1:45:46  iter: 2200  time: 0.1326 (0.1679)  data: 0.0221 (0.0750)  loss: 9.2284 (6.4777)  lr: 0.000100  max mem: 2.9 GB
2025-01-05 19:46:53,601 Train INFO: eta: 1:45:31  iter: 2220  time: 0.1322 (0.1676)  data: 0.0219 (0.0745)  loss: 10.0541 (6.5135)  lr: 0.000100  max mem: 2.9 GB
2025-01-05 19:46:56,231 Train INFO: eta: 1:45:15  iter: 2240  time: 0.1305 (0.1673)  data: 0.0222 (0.0740)  loss: 9.2578 (6.5428)  lr: 0.000100  max mem: 2.9 GB
2025-01-05 19:46:58,836 Train INFO: eta: 1:45:00  iter: 2260  time: 0.1300 (0.1669)  data: 0.0223 (0.0736)  loss: 10.1294 (6.5734)  lr: 0.000100  max mem: 2.9 GB
2025-01-05 19:47:01,474 Train INFO: eta: 1:44:45  iter: 2280  time: 0.1309 (0.1666)  data: 0.0217 (0.0731)  loss: 10.0292 (6.6046)  lr: 0.000100  max mem: 2.9 GB
2025-01-05 19:47:04,120 Train INFO: eta: 1:44:30  iter: 2300  time: 0.1318 (0.1663)  data: 0.0216 (0.0727)  loss: 10.0616 (6.6362)  lr: 0.000100  max mem: 2.9 GB
2025-01-05 19:47:07,128 Train INFO: eta: 1:44:21  iter: 2320  time: 0.1353 (0.1662)  data: 0.0246 (0.0724)  loss: 10.1881 (6.6662)  lr: 0.000100  max mem: 2.9 GB
2025-01-05 19:47:09,859 Train INFO: eta: 1:44:09  iter: 2340  time: 0.1367 (0.1659)  data: 0.0266 (0.0720)  loss: 9.2415 (6.6868)  lr: 0.000100  max mem: 2.9 GB
2025-01-05 19:47:12,560 Train INFO: eta: 1:43:55  iter: 2360  time: 0.1338 (0.1657)  data: 0.0265 (0.0716)  loss: 11.4455 (6.7269)  lr: 0.000100  max mem: 2.9 GB
2025-01-05 19:47:15,373 Train INFO: eta: 1:43:44  iter: 2380  time: 0.1326 (0.1655)  data: 0.0265 (0.0712)  loss: 11.6263 (6.7686)  lr: 0.000100  max mem: 2.9 GB
2025-01-05 19:47:18,088 Train INFO: eta: 1:43:32  iter: 2400  time: 0.1351 (0.1652)  data: 0.0264 (0.0708)  loss: 12.5809 (6.8164)  lr: 0.000100  max mem: 2.9 GB
2025-01-05 19:47:20,799 Train INFO: eta: 1:43:19  iter: 2420  time: 0.1340 (0.1650)  data: 0.0262 (0.0705)  loss: 12.1973 (6.8597)  lr: 0.000100  max mem: 2.9 GB
2025-01-05 19:47:23,520 Train INFO: eta: 1:43:07  iter: 2440  time: 0.1349 (0.1647)  data: 0.0267 (0.0701)  loss: 12.3340 (6.9047)  lr: 0.000100  max mem: 2.9 GB
2025-01-05 19:47:26,216 Train INFO: eta: 1:42:54  iter: 2460  time: 0.1349 (0.1645)  data: 0.0265 (0.0698)  loss: 11.0165 (6.9410)  lr: 0.000100  max mem: 2.9 GB
2025-01-05 19:47:28,933 Train INFO: eta: 1:42:43  iter: 2480  time: 0.1355 (0.1643)  data: 0.0255 (0.0694)  loss: 11.6317 (6.9784)  lr: 0.000100  max mem: 2.9 GB
2025-01-05 19:47:31,657 Train INFO: eta: 1:42:31  iter: 2500  time: 0.1362 (0.1640)  data: 0.0264 (0.0691)  loss: 10.7679 (7.0119)  lr: 0.000100  max mem: 2.9 GB
2025-01-05 19:47:34,364 Train INFO: eta: 1:42:19  iter: 2520  time: 0.1347 (0.1638)  data: 0.0262 (0.0687)  loss: 12.3515 (7.0543)  lr: 0.000100  max mem: 2.9 GB
2025-01-05 19:47:37,077 Train INFO: eta: 1:42:07  iter: 2540  time: 0.1345 (0.1636)  data: 0.0260 (0.0684)  loss: 11.9711 (7.0944)  lr: 0.000100  max mem: 2.9 GB
2025-01-05 19:47:39,784 Train INFO: eta: 1:41:56  iter: 2560  time: 0.1343 (0.1634)  data: 0.0258 (0.0681)  loss: 11.6428 (7.1308)  lr: 0.000100  max mem: 2.9 GB
2025-01-05 19:47:42,500 Train INFO: eta: 1:41:45  iter: 2580  time: 0.1352 (0.1632)  data: 0.0260 (0.0677)  loss: 10.8324 (7.1613)  lr: 0.000100  max mem: 2.9 GB
2025-01-05 19:47:45,303 Train INFO: eta: 1:41:35  iter: 2600  time: 0.1387 (0.1630)  data: 0.0252 (0.0674)  loss: 10.1868 (7.1880)  lr: 0.000100  max mem: 2.9 GB
2025-01-05 19:47:48,104 Train INFO: eta: 1:41:25  iter: 2620  time: 0.1398 (0.1628)  data: 0.0236 (0.0671)  loss: 10.4951 (7.2174)  lr: 0.000100  max mem: 2.9 GB
2025-01-05 19:47:50,895 Train INFO: eta: 1:41:15  iter: 2640  time: 0.1380 (0.1626)  data: 0.0248 (0.0668)  loss: 11.3956 (7.2502)  lr: 0.000100  max mem: 2.9 GB
2025-01-05 19:47:53,661 Train INFO: eta: 1:41:05  iter: 2660  time: 0.1379 (0.1624)  data: 0.0245 (0.0664)  loss: 11.0409 (7.2812)  lr: 0.000100  max mem: 2.9 GB
2025-01-05 19:47:56,442 Train INFO: eta: 1:40:55  iter: 2680  time: 0.1386 (0.1623)  data: 0.0251 (0.0661)  loss: 12.0454 (7.3156)  lr: 0.000100  max mem: 2.9 GB
2025-01-05 19:47:59,219 Train INFO: eta: 1:40:46  iter: 2700  time: 0.1366 (0.1621)  data: 0.0249 (0.0658)  loss: 10.1057 (7.3392)  lr: 0.000100  max mem: 2.9 GB
2025-01-05 19:48:01,957 Train INFO: eta: 1:40:35  iter: 2720  time: 0.1357 (0.1619)  data: 0.0255 (0.0655)  loss: 11.0194 (7.3677)  lr: 0.000100  max mem: 2.9 GB
2025-01-05 19:48:04,741 Train INFO: eta: 1:40:26  iter: 2740  time: 0.1386 (0.1617)  data: 0.0246 (0.0652)  loss: 10.4790 (7.3910)  lr: 0.000100  max mem: 2.9 GB
2025-01-05 19:48:07,532 Train INFO: eta: 1:40:17  iter: 2760  time: 0.1386 (0.1616)  data: 0.0245 (0.0649)  loss: 11.4641 (7.4207)  lr: 0.000100  max mem: 2.9 GB
2025-01-05 19:48:10,262 Train INFO: eta: 1:40:07  iter: 2780  time: 0.1355 (0.1614)  data: 0.0244 (0.0646)  loss: 10.5438 (7.4446)  lr: 0.000100  max mem: 2.9 GB
2025-01-05 19:48:12,993 Train INFO: eta: 1:39:57  iter: 2800  time: 0.1363 (0.1612)  data: 0.0254 (0.0644)  loss: 11.8554 (7.4791)  lr: 0.000100  max mem: 2.9 GB
2025-01-05 19:48:15,713 Train INFO: eta: 1:39:47  iter: 2820  time: 0.1354 (0.1610)  data: 0.0251 (0.0641)  loss: 9.9816 (7.4978)  lr: 0.000100  max mem: 2.9 GB
2025-01-05 19:48:18,425 Train INFO: eta: 1:39:37  iter: 2840  time: 0.1353 (0.1609)  data: 0.0255 (0.0638)  loss: 10.6625 (7.5251)  lr: 0.000100  max mem: 2.9 GB
2025-01-05 19:48:21,141 Train INFO: eta: 1:39:28  iter: 2860  time: 0.1357 (0.1607)  data: 0.0251 (0.0636)  loss: 11.6156 (7.5521)  lr: 0.000100  max mem: 2.9 GB
2025-01-05 19:48:23,876 Train INFO: eta: 1:39:18  iter: 2880  time: 0.1354 (0.1605)  data: 0.0251 (0.0633)  loss: 10.2238 (7.5725)  lr: 0.000100  max mem: 2.9 GB
2025-01-05 19:48:26,597 Train INFO: eta: 1:39:09  iter: 2900  time: 0.1364 (0.1604)  data: 0.0245 (0.0630)  loss: 10.4912 (7.5936)  lr: 0.000100  max mem: 2.9 GB
2025-01-05 19:48:29,321 Train INFO: eta: 1:38:59  iter: 2920  time: 0.1355 (0.1602)  data: 0.0247 (0.0628)  loss: 10.5205 (7.6166)  lr: 0.000100  max mem: 2.9 GB
2025-01-05 19:48:32,061 Train INFO: eta: 1:38:50  iter: 2940  time: 0.1359 (0.1600)  data: 0.0249 (0.0625)  loss: 10.7790 (7.6385)  lr: 0.000100  max mem: 2.9 GB
2025-01-05 19:48:34,782 Train INFO: eta: 1:38:41  iter: 2960  time: 0.1364 (0.1599)  data: 0.0250 (0.0622)  loss: 10.7505 (7.6601)  lr: 0.000100  max mem: 2.9 GB
2025-01-05 19:48:37,518 Train INFO: eta: 1:38:32  iter: 2980  time: 0.1359 (0.1597)  data: 0.0245 (0.0620)  loss: 10.0137 (7.6788)  lr: 0.000100  max mem: 2.9 GB
2025-01-05 19:48:40,215 Train INFO: eta: 1:38:23  iter: 3000  time: 0.1340 (0.1595)  data: 0.0245 (0.0617)  loss: 9.5142 (7.6918)  lr: 0.000100  max mem: 2.9 GB
2025-01-05 19:48:40,338 Train INFO: Validation
2025-01-05 19:48:40,345 Train INFO: Begin extract
2025-01-05 19:49:35,840 Train INFO: Best iteration 3000: {'mean_average_precision_at_r': 0.46459411292782005, 'precision_at_1': 0.7464711910350071, 'r_precision': 0.4939806498949172}
2025-01-05 19:49:38,606 Train INFO: eta: 1:49:36  iter: 3020  time: 0.1375 (0.1778)  data: 0.0237 (0.0799)  loss: 10.2686 (7.7120)  lr: 0.000100  max mem: 2.9 GB
2025-01-05 19:49:41,353 Train INFO: eta: 1:49:22  iter: 3040  time: 0.1368 (0.1776)  data: 0.0240 (0.0795)  loss: 10.2237 (7.7308)  lr: 0.000100  max mem: 2.9 GB
2025-01-05 19:49:44,119 Train INFO: eta: 1:49:09  iter: 3060  time: 0.1363 (0.1773)  data: 0.0241 (0.0792)  loss: 10.2763 (7.7483)  lr: 0.000100  max mem: 2.9 GB
2025-01-05 19:49:46,847 Train INFO: eta: 1:48:56  iter: 3080  time: 0.1348 (0.1770)  data: 0.0237 (0.0788)  loss: 9.9173 (7.7635)  lr: 0.000100  max mem: 2.9 GB
2025-01-05 19:49:49,556 Train INFO: eta: 1:48:42  iter: 3100  time: 0.1341 (0.1768)  data: 0.0238 (0.0785)  loss: 9.8081 (7.7774)  lr: 0.000100  max mem: 2.9 GB
2025-01-05 19:49:52,353 Train INFO: eta: 1:48:30  iter: 3120  time: 0.1389 (0.1765)  data: 0.0228 (0.0781)  loss: 10.0751 (7.7936)  lr: 0.000100  max mem: 2.9 GB
2025-01-05 19:49:55,121 Train INFO: eta: 1:48:18  iter: 3140  time: 0.1377 (0.1763)  data: 0.0230 (0.0778)  loss: 8.3702 (7.8042)  lr: 0.000100  max mem: 2.9 GB
2025-01-05 19:49:57,864 Train INFO: eta: 1:48:05  iter: 3160  time: 0.1359 (0.1760)  data: 0.0236 (0.0774)  loss: 9.1197 (7.8138)  lr: 0.000100  max mem: 2.9 GB
2025-01-05 19:50:00,597 Train INFO: eta: 1:47:52  iter: 3180  time: 0.1360 (0.1758)  data: 0.0229 (0.0771)  loss: 10.3003 (7.8297)  lr: 0.000100  max mem: 2.9 GB
2025-01-05 19:50:03,374 Train INFO: eta: 1:47:40  iter: 3200  time: 0.1373 (0.1756)  data: 0.0228 (0.0767)  loss: 9.5970 (7.8444)  lr: 0.000100  max mem: 2.9 GB
2025-01-05 19:50:06,125 Train INFO: eta: 1:47:28  iter: 3220  time: 0.1373 (0.1753)  data: 0.0225 (0.0764)  loss: 9.4776 (7.8547)  lr: 0.000100  max mem: 2.9 GB
2025-01-05 19:50:08,865 Train INFO: eta: 1:47:16  iter: 3240  time: 0.1355 (0.1751)  data: 0.0231 (0.0761)  loss: 9.3737 (7.8694)  lr: 0.000100  max mem: 2.9 GB
2025-01-05 19:50:11,603 Train INFO: eta: 1:47:04  iter: 3260  time: 0.1357 (0.1749)  data: 0.0226 (0.0757)  loss: 9.4931 (7.8795)  lr: 0.000100  max mem: 2.9 GB
2025-01-05 19:50:14,313 Train INFO: eta: 1:46:51  iter: 3280  time: 0.1347 (0.1746)  data: 0.0227 (0.0754)  loss: 9.2340 (7.8885)  lr: 0.000100  max mem: 2.9 GB
2025-01-05 19:50:16,999 Train INFO: eta: 1:46:39  iter: 3300  time: 0.1344 (0.1744)  data: 0.0227 (0.0751)  loss: 9.7862 (7.8985)  lr: 0.000100  max mem: 2.9 GB
2025-01-05 19:50:19,687 Train INFO: eta: 1:46:27  iter: 3320  time: 0.1336 (0.1741)  data: 0.0225 (0.0748)  loss: 9.8854 (7.9144)  lr: 0.000100  max mem: 2.9 GB
2025-01-05 19:50:22,368 Train INFO: eta: 1:46:14  iter: 3340  time: 0.1332 (0.1739)  data: 0.0223 (0.0745)  loss: 9.4619 (7.9257)  lr: 0.000100  max mem: 2.9 GB
2025-01-05 19:50:25,117 Train INFO: eta: 1:46:03  iter: 3360  time: 0.1359 (0.1737)  data: 0.0218 (0.0742)  loss: 9.8458 (7.9363)  lr: 0.000100  max mem: 2.9 GB
2025-01-05 19:50:27,798 Train INFO: eta: 1:45:51  iter: 3380  time: 0.1336 (0.1734)  data: 0.0219 (0.0739)  loss: 8.9245 (7.9442)  lr: 0.000100  max mem: 2.9 GB
2025-01-05 19:50:30,519 Train INFO: eta: 1:45:39  iter: 3400  time: 0.1352 (0.1732)  data: 0.0212 (0.0735)  loss: 9.4993 (7.9532)  lr: 0.000100  max mem: 2.9 GB
2025-01-05 19:50:33,259 Train INFO: eta: 1:45:28  iter: 3420  time: 0.1355 (0.1730)  data: 0.0212 (0.0732)  loss: 9.8603 (7.9653)  lr: 0.000100  max mem: 2.9 GB
2025-01-05 19:50:36,199 Train INFO: eta: 1:45:19  iter: 3440  time: 0.1368 (0.1729)  data: 0.0207 (0.0729)  loss: 9.9881 (7.9778)  lr: 0.000100  max mem: 2.9 GB
2025-01-05 19:50:38,909 Train INFO: eta: 1:45:08  iter: 3460  time: 0.1345 (0.1726)  data: 0.0208 (0.0726)  loss: 9.0317 (7.9870)  lr: 0.000100  max mem: 2.9 GB
2025-01-05 19:50:41,875 Train INFO: eta: 1:44:59  iter: 3480  time: 0.1326 (0.1725)  data: 0.0216 (0.0724)  loss: 8.9855 (7.9935)  lr: 0.000100  max mem: 2.9 GB
2025-01-05 19:50:44,670 Train INFO: eta: 1:44:49  iter: 3500  time: 0.1384 (0.1723)  data: 0.0261 (0.0722)  loss: 8.6013 (7.9986)  lr: 0.000100  max mem: 2.9 GB
2025-01-05 19:50:47,489 Train INFO: eta: 1:44:39  iter: 3520  time: 0.1410 (0.1721)  data: 0.0259 (0.0719)  loss: 10.8920 (8.0157)  lr: 0.000100  max mem: 2.9 GB
2025-01-05 19:50:50,281 Train INFO: eta: 1:44:29  iter: 3540  time: 0.1388 (0.1720)  data: 0.0251 (0.0716)  loss: 9.7436 (8.0261)  lr: 0.000100  max mem: 2.9 GB
2025-01-05 19:50:53,066 Train INFO: eta: 1:44:19  iter: 3560  time: 0.1387 (0.1718)  data: 0.0255 (0.0714)  loss: 12.0139 (8.0505)  lr: 0.000100  max mem: 2.9 GB
2025-01-05 19:50:55,879 Train INFO: eta: 1:44:09  iter: 3580  time: 0.1398 (0.1716)  data: 0.0252 (0.0711)  loss: 11.4447 (8.0734)  lr: 0.000100  max mem: 2.9 GB
2025-01-05 19:50:58,675 Train INFO: eta: 1:43:59  iter: 3600  time: 0.1388 (0.1714)  data: 0.0257 (0.0709)  loss: 11.6739 (8.0932)  lr: 0.000100  max mem: 2.9 GB
2025-01-05 19:51:01,455 Train INFO: eta: 1:43:49  iter: 3620  time: 0.1381 (0.1712)  data: 0.0255 (0.0706)  loss: 11.1582 (8.1125)  lr: 0.000100  max mem: 2.9 GB
2025-01-05 19:51:04,263 Train INFO: eta: 1:43:40  iter: 3640  time: 0.1407 (0.1711)  data: 0.0255 (0.0704)  loss: 12.0926 (8.1336)  lr: 0.000100  max mem: 2.9 GB
2025-01-05 19:51:07,007 Train INFO: eta: 1:43:29  iter: 3660  time: 0.1367 (0.1709)  data: 0.0256 (0.0701)  loss: 10.4735 (8.1466)  lr: 0.000100  max mem: 2.9 GB
2025-01-05 19:51:09,800 Train INFO: eta: 1:43:20  iter: 3680  time: 0.1392 (0.1707)  data: 0.0256 (0.0699)  loss: 11.9298 (8.1669)  lr: 0.000100  max mem: 2.9 GB
2025-01-05 19:51:12,580 Train INFO: eta: 1:43:10  iter: 3700  time: 0.1387 (0.1705)  data: 0.0262 (0.0696)  loss: 10.7591 (8.1832)  lr: 0.000100  max mem: 2.9 GB
2025-01-05 19:51:15,340 Train INFO: eta: 1:43:00  iter: 3720  time: 0.1369 (0.1704)  data: 0.0254 (0.0694)  loss: 10.3114 (8.1970)  lr: 0.000100  max mem: 2.9 GB
2025-01-05 19:51:18,113 Train INFO: eta: 1:42:51  iter: 3740  time: 0.1381 (0.1702)  data: 0.0253 (0.0692)  loss: 12.9789 (8.2226)  lr: 0.000100  max mem: 2.9 GB
2025-01-05 19:51:20,894 Train INFO: eta: 1:42:41  iter: 3760  time: 0.1386 (0.1700)  data: 0.0250 (0.0689)  loss: 9.6116 (8.2312)  lr: 0.000100  max mem: 2.9 GB
2025-01-05 19:51:23,655 Train INFO: eta: 1:42:32  iter: 3780  time: 0.1379 (0.1699)  data: 0.0253 (0.0687)  loss: 11.2639 (8.2478)  lr: 0.000100  max mem: 2.9 GB
2025-01-05 19:51:26,393 Train INFO: eta: 1:42:22  iter: 3800  time: 0.1351 (0.1697)  data: 0.0258 (0.0685)  loss: 9.6979 (8.2561)  lr: 0.000100  max mem: 2.9 GB
2025-01-05 19:51:29,179 Train INFO: eta: 1:42:13  iter: 3820  time: 0.1383 (0.1695)  data: 0.0256 (0.0683)  loss: 12.1482 (8.2762)  lr: 0.000100  max mem: 2.9 GB
2025-01-05 19:51:31,930 Train INFO: eta: 1:42:04  iter: 3840  time: 0.1367 (0.1694)  data: 0.0251 (0.0680)  loss: 10.6447 (8.2885)  lr: 0.000100  max mem: 2.9 GB
2025-01-05 19:51:34,744 Train INFO: eta: 1:41:55  iter: 3860  time: 0.1369 (0.1692)  data: 0.0253 (0.0678)  loss: 11.5685 (8.3071)  lr: 0.000100  max mem: 2.9 GB
2025-01-05 19:51:37,515 Train INFO: eta: 1:41:46  iter: 3880  time: 0.1362 (0.1691)  data: 0.0254 (0.0676)  loss: 9.4856 (8.3146)  lr: 0.000100  max mem: 2.9 GB
2025-01-05 19:51:40,269 Train INFO: eta: 1:41:37  iter: 3900  time: 0.1376 (0.1689)  data: 0.0254 (0.0674)  loss: 11.3902 (8.3299)  lr: 0.000100  max mem: 2.9 GB
2025-01-05 19:51:43,052 Train INFO: eta: 1:41:28  iter: 3920  time: 0.1382 (0.1687)  data: 0.0251 (0.0672)  loss: 10.9270 (8.3426)  lr: 0.000100  max mem: 2.9 GB
2025-01-05 19:51:45,763 Train INFO: eta: 1:41:18  iter: 3940  time: 0.1348 (0.1686)  data: 0.0253 (0.0670)  loss: 9.6394 (8.3517)  lr: 0.000100  max mem: 2.9 GB
2025-01-05 19:51:48,536 Train INFO: eta: 1:41:10  iter: 3960  time: 0.1379 (0.1684)  data: 0.0250 (0.0667)  loss: 10.2392 (8.3627)  lr: 0.000100  max mem: 2.9 GB
2025-01-05 19:51:51,296 Train INFO: eta: 1:41:01  iter: 3980  time: 0.1364 (0.1683)  data: 0.0249 (0.0665)  loss: 10.5855 (8.3777)  lr: 0.000100  max mem: 2.9 GB
2025-01-05 19:51:54,020 Train INFO: eta: 1:40:52  iter: 4000  time: 0.1360 (0.1681)  data: 0.0245 (0.0663)  loss: 10.5994 (8.3881)  lr: 0.000100  max mem: 2.9 GB
2025-01-05 19:51:54,128 Train INFO: Validation
2025-01-05 19:51:54,132 Train INFO: Begin extract
2025-01-05 19:52:50,937 Train INFO: Best iteration 4000: {'mean_average_precision_at_r': 0.48374169297830605, 'precision_at_1': 0.7607021255495686, 'r_precision': 0.5126149288805069}
2025-01-05 19:52:53,802 Train INFO: eta: 1:49:13  iter: 4020  time: 0.1406 (0.1821)  data: 0.0241 (0.0803)  loss: 10.1411 (8.3989)  lr: 0.000100  max mem: 2.9 GB
2025-01-05 19:52:56,596 Train INFO: eta: 1:49:02  iter: 4040  time: 0.1396 (0.1819)  data: 0.0239 (0.0800)  loss: 9.5636 (8.4078)  lr: 0.000100  max mem: 2.9 GB
2025-01-05 19:52:59,436 Train INFO: eta: 1:48:51  iter: 4060  time: 0.1417 (0.1817)  data: 0.0244 (0.0797)  loss: 9.9882 (8.4162)  lr: 0.000100  max mem: 2.9 GB
2025-01-05 19:53:02,243 Train INFO: eta: 1:48:40  iter: 4080  time: 0.1398 (0.1815)  data: 0.0236 (0.0794)  loss: 9.4513 (8.4216)  lr: 0.000100  max mem: 2.9 GB
2025-01-05 19:53:05,180 Train INFO: eta: 1:48:31  iter: 4100  time: 0.1407 (0.1814)  data: 0.0236 (0.0792)  loss: 10.9157 (8.4345)  lr: 0.000100  max mem: 2.9 GB
2025-01-05 19:53:08,003 Train INFO: eta: 1:48:20  iter: 4120  time: 0.1410 (0.1812)  data: 0.0240 (0.0789)  loss: 9.5334 (8.4405)  lr: 0.000100  max mem: 2.9 GB
2025-01-05 19:53:10,830 Train INFO: eta: 1:48:09  iter: 4140  time: 0.1400 (0.1810)  data: 0.0239 (0.0786)  loss: 9.2512 (8.4473)  lr: 0.000100  max mem: 2.9 GB
2025-01-05 19:53:13,673 Train INFO: eta: 1:47:59  iter: 4160  time: 0.1408 (0.1808)  data: 0.0236 (0.0784)  loss: 10.8020 (8.4583)  lr: 0.000100  max mem: 2.9 GB
2025-01-05 19:53:16,456 Train INFO: eta: 1:47:48  iter: 4180  time: 0.1387 (0.1806)  data: 0.0235 (0.0781)  loss: 9.7214 (8.4630)  lr: 0.000100  max mem: 2.9 GB
2025-01-05 19:53:19,246 Train INFO: eta: 1:47:38  iter: 4200  time: 0.1372 (0.1804)  data: 0.0243 (0.0779)  loss: 9.8914 (8.4689)  lr: 0.000100  max mem: 2.9 GB
2025-01-05 19:53:22,098 Train INFO: eta: 1:47:28  iter: 4220  time: 0.1397 (0.1802)  data: 0.0231 (0.0776)  loss: 11.4058 (8.4824)  lr: 0.000100  max mem: 2.9 GB
2025-01-05 19:53:24,836 Train INFO: eta: 1:47:17  iter: 4240  time: 0.1349 (0.1800)  data: 0.0236 (0.0773)  loss: 10.5383 (8.4910)  lr: 0.000100  max mem: 2.9 GB
2025-01-05 19:53:27,586 Train INFO: eta: 1:47:06  iter: 4260  time: 0.1373 (0.1798)  data: 0.0238 (0.0771)  loss: 9.8054 (8.4978)  lr: 0.000100  max mem: 2.9 GB
2025-01-05 19:53:30,325 Train INFO: eta: 1:46:55  iter: 4280  time: 0.1374 (0.1796)  data: 0.0240 (0.0768)  loss: 9.8730 (8.5051)  lr: 0.000100  max mem: 2.9 GB
2025-01-05 19:53:33,076 Train INFO: eta: 1:46:45  iter: 4300  time: 0.1358 (0.1794)  data: 0.0231 (0.0766)  loss: 8.2337 (8.5047)  lr: 0.000100  max mem: 2.9 GB
2025-01-05 19:53:35,868 Train INFO: eta: 1:46:35  iter: 4320  time: 0.1387 (0.1792)  data: 0.0229 (0.0763)  loss: 8.4012 (8.5075)  lr: 0.000100  max mem: 2.9 GB
2025-01-05 19:53:38,604 Train INFO: eta: 1:46:24  iter: 4340  time: 0.1361 (0.1790)  data: 0.0230 (0.0761)  loss: 9.1899 (8.5105)  lr: 0.000100  max mem: 2.9 GB
2025-01-05 19:53:41,426 Train INFO: eta: 1:46:14  iter: 4360  time: 0.1391 (0.1789)  data: 0.0228 (0.0759)  loss: 10.9128 (8.5218)  lr: 0.000100  max mem: 2.9 GB
2025-01-05 19:53:44,162 Train INFO: eta: 1:46:04  iter: 4380  time: 0.1348 (0.1787)  data: 0.0227 (0.0756)  loss: 8.1178 (8.5206)  lr: 0.000100  max mem: 2.9 GB
2025-01-05 19:53:46,905 Train INFO: eta: 1:45:54  iter: 4400  time: 0.1362 (0.1785)  data: 0.0230 (0.0754)  loss: 9.5321 (8.5260)  lr: 0.000100  max mem: 2.9 GB
2025-01-05 19:53:49,669 Train INFO: eta: 1:45:44  iter: 4420  time: 0.1374 (0.1783)  data: 0.0220 (0.0751)  loss: 9.1266 (8.5281)  lr: 0.000100  max mem: 2.9 GB
2025-01-05 19:53:52,391 Train INFO: eta: 1:45:33  iter: 4440  time: 0.1350 (0.1781)  data: 0.0229 (0.0749)  loss: 9.5135 (8.5343)  lr: 0.000100  max mem: 2.9 GB
2025-01-05 19:53:55,134 Train INFO: eta: 1:45:23  iter: 4460  time: 0.1349 (0.1779)  data: 0.0225 (0.0747)  loss: 8.0729 (8.5348)  lr: 0.000100  max mem: 2.9 GB
2025-01-05 19:53:57,871 Train INFO: eta: 1:45:13  iter: 4480  time: 0.1373 (0.1777)  data: 0.0222 (0.0744)  loss: 8.1907 (8.5356)  lr: 0.000100  max mem: 2.9 GB
2025-01-05 19:54:00,655 Train INFO: eta: 1:45:03  iter: 4500  time: 0.1378 (0.1776)  data: 0.0220 (0.0742)  loss: 10.1758 (8.5426)  lr: 0.000100  max mem: 2.9 GB
2025-01-05 19:54:03,365 Train INFO: eta: 1:44:53  iter: 4520  time: 0.1348 (0.1774)  data: 0.0220 (0.0740)  loss: 8.8990 (8.5458)  lr: 0.000100  max mem: 2.9 GB
2025-01-05 19:54:06,085 Train INFO: eta: 1:44:43  iter: 4540  time: 0.1349 (0.1772)  data: 0.0218 (0.0737)  loss: 9.0128 (8.5505)  lr: 0.000100  max mem: 2.9 GB
2025-01-05 19:54:08,792 Train INFO: eta: 1:44:33  iter: 4560  time: 0.1338 (0.1770)  data: 0.0218 (0.0735)  loss: 8.3556 (8.5516)  lr: 0.000100  max mem: 2.9 GB
2025-01-05 19:54:11,500 Train INFO: eta: 1:44:23  iter: 4580  time: 0.1343 (0.1768)  data: 0.0212 (0.0733)  loss: 9.5384 (8.5572)  lr: 0.000100  max mem: 2.9 GB
2025-01-05 19:54:14,183 Train INFO: eta: 1:44:13  iter: 4600  time: 0.1339 (0.1767)  data: 0.0218 (0.0731)  loss: 8.9273 (8.5609)  lr: 0.000100  max mem: 2.9 GB
2025-01-05 19:54:16,894 Train INFO: eta: 1:44:03  iter: 4620  time: 0.1352 (0.1765)  data: 0.0214 (0.0728)  loss: 9.9117 (8.5659)  lr: 0.000100  max mem: 2.9 GB
2025-01-05 19:54:19,607 Train INFO: eta: 1:43:53  iter: 4640  time: 0.1353 (0.1763)  data: 0.0207 (0.0726)  loss: 10.4665 (8.5746)  lr: 0.000100  max mem: 2.9 GB
2025-01-05 19:54:22,673 Train INFO: eta: 1:43:46  iter: 4660  time: 0.1394 (0.1762)  data: 0.0243 (0.0725)  loss: 8.8419 (8.5762)  lr: 0.000100  max mem: 2.9 GB
2025-01-05 19:54:25,449 Train INFO: eta: 1:43:37  iter: 4680  time: 0.1369 (0.1760)  data: 0.0261 (0.0723)  loss: 9.9139 (8.5821)  lr: 0.000100  max mem: 2.9 GB
2025-01-05 19:54:28,219 Train INFO: eta: 1:43:28  iter: 4700  time: 0.1372 (0.1759)  data: 0.0257 (0.0721)  loss: 10.6812 (8.5918)  lr: 0.000100  max mem: 2.9 GB
2025-01-05 19:54:30,990 Train INFO: eta: 1:43:19  iter: 4720  time: 0.1376 (0.1757)  data: 0.0265 (0.0719)  loss: 11.9290 (8.6053)  lr: 0.000100  max mem: 2.9 GB
2025-01-05 19:54:33,790 Train INFO: eta: 1:43:10  iter: 4740  time: 0.1384 (0.1756)  data: 0.0255 (0.0717)  loss: 12.8644 (8.6238)  lr: 0.000100  max mem: 2.9 GB
2025-01-05 19:54:36,575 Train INFO: eta: 1:43:01  iter: 4760  time: 0.1387 (0.1754)  data: 0.0259 (0.0715)  loss: 11.0871 (8.6352)  lr: 0.000100  max mem: 2.9 GB
2025-01-05 19:54:39,423 Train INFO: eta: 1:42:53  iter: 4780  time: 0.1358 (0.1753)  data: 0.0262 (0.0713)  loss: 11.9837 (8.6505)  lr: 0.000100  max mem: 2.9 GB
2025-01-05 19:54:42,198 Train INFO: eta: 1:42:44  iter: 4800  time: 0.1383 (0.1751)  data: 0.0264 (0.0711)  loss: 11.9801 (8.6638)  lr: 0.000100  max mem: 2.9 GB
2025-01-05 19:54:44,980 Train INFO: eta: 1:42:35  iter: 4820  time: 0.1385 (0.1750)  data: 0.0252 (0.0709)  loss: 10.4737 (8.6712)  lr: 0.000100  max mem: 2.9 GB
2025-01-05 19:54:47,737 Train INFO: eta: 1:42:26  iter: 4840  time: 0.1378 (0.1748)  data: 0.0253 (0.0707)  loss: 11.2652 (8.6822)  lr: 0.000100  max mem: 2.9 GB
2025-01-05 19:54:50,535 Train INFO: eta: 1:42:18  iter: 4860  time: 0.1394 (0.1747)  data: 0.0255 (0.0705)  loss: 10.8477 (8.6909)  lr: 0.000100  max mem: 2.9 GB
2025-01-05 19:54:53,311 Train INFO: eta: 1:42:09  iter: 4880  time: 0.1379 (0.1745)  data: 0.0257 (0.0704)  loss: 11.9771 (8.7038)  lr: 0.000100  max mem: 2.9 GB
2025-01-05 19:54:56,097 Train INFO: eta: 1:42:01  iter: 4900  time: 0.1376 (0.1744)  data: 0.0251 (0.0702)  loss: 10.7824 (8.7139)  lr: 0.000100  max mem: 2.9 GB
2025-01-05 19:54:58,853 Train INFO: eta: 1:41:52  iter: 4920  time: 0.1374 (0.1742)  data: 0.0262 (0.0700)  loss: 10.1366 (8.7210)  lr: 0.000100  max mem: 2.9 GB
2025-01-05 19:55:01,684 Train INFO: eta: 1:41:44  iter: 4940  time: 0.1411 (0.1741)  data: 0.0252 (0.0698)  loss: 10.5181 (8.7308)  lr: 0.000100  max mem: 2.9 GB
2025-01-05 19:55:04,477 Train INFO: eta: 1:41:36  iter: 4960  time: 0.1390 (0.1740)  data: 0.0246 (0.0696)  loss: 10.7092 (8.7399)  lr: 0.000100  max mem: 2.9 GB
2025-01-05 19:55:07,237 Train INFO: eta: 1:41:27  iter: 4980  time: 0.1377 (0.1738)  data: 0.0253 (0.0695)  loss: 12.0051 (8.7525)  lr: 0.000100  max mem: 2.9 GB
2025-01-05 19:55:10,001 Train INFO: eta: 1:41:19  iter: 5000  time: 0.1378 (0.1737)  data: 0.0249 (0.0693)  loss: 10.2470 (8.7591)  lr: 0.000100  max mem: 2.9 GB
2025-01-05 19:55:10,107 Train INFO: Validation
2025-01-05 19:55:10,112 Train INFO: Begin extract
2025-01-05 19:56:05,878 Train INFO: Best iteration 5000: {'mean_average_precision_at_r': 0.49147691725302084, 'precision_at_1': 0.7671647218273776, 'r_precision': 0.5203824502384881}
2025-01-05 19:56:08,680 Train INFO: eta: 1:47:40  iter: 5020  time: 0.1396 (0.1847)  data: 0.0252 (0.0802)  loss: 10.2435 (8.7655)  lr: 0.000100  max mem: 2.9 GB
2025-01-05 19:56:11,720 Train INFO: eta: 1:47:31  iter: 5040  time: 0.1439 (0.1846)  data: 0.0248 (0.0800)  loss: 10.8081 (8.7739)  lr: 0.000100  max mem: 2.9 GB
2025-01-05 19:56:14,586 Train INFO: eta: 1:47:22  iter: 5060  time: 0.1419 (0.1844)  data: 0.0249 (0.0798)  loss: 10.3557 (8.7820)  lr: 0.000100  max mem: 2.9 GB
2025-01-05 19:56:17,376 Train INFO: eta: 1:47:12  iter: 5080  time: 0.1390 (0.1842)  data: 0.0246 (0.0796)  loss: 9.5230 (8.7854)  lr: 0.000100  max mem: 2.9 GB
2025-01-05 19:56:20,175 Train INFO: eta: 1:47:02  iter: 5100  time: 0.1392 (0.1840)  data: 0.0245 (0.0794)  loss: 10.0836 (8.7918)  lr: 0.000100  max mem: 2.9 GB
2025-01-05 19:56:22,976 Train INFO: eta: 1:46:53  iter: 5120  time: 0.1405 (0.1839)  data: 0.0251 (0.0791)  loss: 9.6490 (8.7954)  lr: 0.000100  max mem: 2.9 GB
2025-01-05 19:56:25,786 Train INFO: eta: 1:46:43  iter: 5140  time: 0.1413 (0.1837)  data: 0.0244 (0.0789)  loss: 11.2807 (8.8053)  lr: 0.000100  max mem: 2.9 GB
2025-01-05 19:56:28,548 Train INFO: eta: 1:46:33  iter: 5160  time: 0.1375 (0.1835)  data: 0.0245 (0.0787)  loss: 9.9286 (8.8118)  lr: 0.000100  max mem: 2.9 GB
2025-01-05 19:56:31,333 Train INFO: eta: 1:46:24  iter: 5180  time: 0.1383 (0.1834)  data: 0.0242 (0.0785)  loss: 11.5094 (8.8217)  lr: 0.000100  max mem: 2.9 GB
2025-01-05 19:56:34,126 Train INFO: eta: 1:46:14  iter: 5200  time: 0.1377 (0.1832)  data: 0.0240 (0.0783)  loss: 9.0817 (8.8241)  lr: 0.000100  max mem: 2.9 GB
2025-01-05 19:56:36,892 Train INFO: eta: 1:46:05  iter: 5220  time: 0.1384 (0.1830)  data: 0.0243 (0.0781)  loss: 10.6901 (8.8301)  lr: 0.000100  max mem: 2.9 GB
2025-01-05 19:56:39,695 Train INFO: eta: 1:45:55  iter: 5240  time: 0.1381 (0.1828)  data: 0.0243 (0.0779)  loss: 10.5832 (8.8359)  lr: 0.000100  max mem: 2.9 GB
2025-01-05 19:56:42,477 Train INFO: eta: 1:45:46  iter: 5260  time: 0.1380 (0.1827)  data: 0.0244 (0.0777)  loss: 9.2373 (8.8387)  lr: 0.000100  max mem: 2.9 GB
2025-01-05 19:56:45,259 Train INFO: eta: 1:45:36  iter: 5280  time: 0.1393 (0.1825)  data: 0.0240 (0.0775)  loss: 10.7820 (8.8478)  lr: 0.000100  max mem: 2.9 GB
2025-01-05 19:56:48,011 Train INFO: eta: 1:45:27  iter: 5300  time: 0.1362 (0.1823)  data: 0.0237 (0.0773)  loss: 9.8806 (8.8512)  lr: 0.000100  max mem: 2.9 GB
2025-01-05 19:56:50,813 Train INFO: eta: 1:45:18  iter: 5320  time: 0.1403 (0.1822)  data: 0.0232 (0.0771)  loss: 10.2978 (8.8552)  lr: 0.000100  max mem: 2.9 GB
2025-01-05 19:56:53,579 Train INFO: eta: 1:45:08  iter: 5340  time: 0.1381 (0.1820)  data: 0.0238 (0.0769)  loss: 9.0111 (8.8556)  lr: 0.000100  max mem: 2.9 GB
2025-01-05 19:56:56,390 Train INFO: eta: 1:44:59  iter: 5360  time: 0.1408 (0.1819)  data: 0.0236 (0.0767)  loss: 10.0506 (8.8621)  lr: 0.000100  max mem: 2.9 GB
2025-01-05 19:56:59,191 Train INFO: eta: 1:44:50  iter: 5380  time: 0.1373 (0.1817)  data: 0.0237 (0.0765)  loss: 9.4513 (8.8651)  lr: 0.000100  max mem: 2.9 GB
2025-01-05 19:57:02,023 Train INFO: eta: 1:44:42  iter: 5400  time: 0.1410 (0.1816)  data: 0.0230 (0.0763)  loss: 10.0176 (8.8702)  lr: 0.000100  max mem: 2.9 GB
2025-01-05 19:57:04,813 Train INFO: eta: 1:44:33  iter: 5420  time: 0.1380 (0.1814)  data: 0.0233 (0.0761)  loss: 9.4438 (8.8715)  lr: 0.000100  max mem: 2.9 GB
2025-01-05 19:57:07,680 Train INFO: eta: 1:44:24  iter: 5440  time: 0.1423 (0.1813)  data: 0.0232 (0.0759)  loss: 10.6169 (8.8770)  lr: 0.000100  max mem: 2.9 GB
2025-01-05 19:57:10,414 Train INFO: eta: 1:44:15  iter: 5460  time: 0.1361 (0.1811)  data: 0.0235 (0.0757)  loss: 8.6482 (8.8785)  lr: 0.000100  max mem: 2.9 GB
2025-01-05 19:57:13,187 Train INFO: eta: 1:44:06  iter: 5480  time: 0.1383 (0.1810)  data: 0.0235 (0.0755)  loss: 9.0483 (8.8799)  lr: 0.000100  max mem: 2.9 GB
2025-01-05 19:57:15,959 Train INFO: eta: 1:43:57  iter: 5500  time: 0.1380 (0.1808)  data: 0.0229 (0.0753)  loss: 10.3835 (8.8847)  lr: 0.000100  max mem: 2.9 GB
2025-01-05 19:57:18,720 Train INFO: eta: 1:43:48  iter: 5520  time: 0.1372 (0.1806)  data: 0.0230 (0.0751)  loss: 9.1227 (8.8849)  lr: 0.000100  max mem: 2.9 GB
2025-01-05 19:57:21,497 Train INFO: eta: 1:43:39  iter: 5540  time: 0.1377 (0.1805)  data: 0.0224 (0.0749)  loss: 7.8374 (8.8843)  lr: 0.000100  max mem: 2.9 GB
2025-01-05 19:57:24,205 Train INFO: eta: 1:43:30  iter: 5560  time: 0.1343 (0.1803)  data: 0.0234 (0.0748)  loss: 9.0282 (8.8855)  lr: 0.000100  max mem: 2.9 GB
2025-01-05 19:57:26,921 Train INFO: eta: 1:43:21  iter: 5580  time: 0.1340 (0.1802)  data: 0.0231 (0.0746)  loss: 9.0381 (8.8870)  lr: 0.000100  max mem: 2.9 GB
2025-01-05 19:57:29,679 Train INFO: eta: 1:43:12  iter: 5600  time: 0.1381 (0.1800)  data: 0.0221 (0.0744)  loss: 7.9697 (8.8854)  lr: 0.000100  max mem: 2.9 GB
2025-01-05 19:57:32,440 Train INFO: eta: 1:43:03  iter: 5620  time: 0.1374 (0.1799)  data: 0.0223 (0.0742)  loss: 9.0375 (8.8862)  lr: 0.000100  max mem: 2.9 GB
2025-01-05 19:57:35,230 Train INFO: eta: 1:42:55  iter: 5640  time: 0.1385 (0.1797)  data: 0.0223 (0.0740)  loss: 9.4819 (8.8887)  lr: 0.000100  max mem: 2.9 GB
2025-01-05 19:57:37,989 Train INFO: eta: 1:42:46  iter: 5660  time: 0.1374 (0.1796)  data: 0.0223 (0.0738)  loss: 9.1245 (8.8891)  lr: 0.000100  max mem: 2.9 GB
2025-01-05 19:57:40,770 Train INFO: eta: 1:42:38  iter: 5680  time: 0.1387 (0.1794)  data: 0.0216 (0.0737)  loss: 8.2050 (8.8892)  lr: 0.000100  max mem: 2.9 GB
2025-01-05 19:57:43,500 Train INFO: eta: 1:42:29  iter: 5700  time: 0.1359 (0.1793)  data: 0.0215 (0.0735)  loss: 7.9089 (8.8869)  lr: 0.000100  max mem: 2.9 GB
2025-01-05 19:57:46,242 Train INFO: eta: 1:42:20  iter: 5720  time: 0.1357 (0.1791)  data: 0.0220 (0.0733)  loss: 9.7547 (8.8906)  lr: 0.000100  max mem: 2.9 GB
2025-01-05 19:57:49,031 Train INFO: eta: 1:42:12  iter: 5740  time: 0.1384 (0.1790)  data: 0.0192 (0.0731)  loss: 8.9381 (8.8909)  lr: 0.000100  max mem: 2.9 GB
2025-01-05 19:57:51,858 Train INFO: eta: 1:42:04  iter: 5760  time: 0.1402 (0.1789)  data: 0.0189 (0.0729)  loss: 9.2468 (8.8926)  lr: 0.000100  max mem: 2.9 GB
2025-01-05 19:57:54,640 Train INFO: eta: 1:41:56  iter: 5780  time: 0.1389 (0.1787)  data: 0.0203 (0.0727)  loss: 8.4136 (8.8912)  lr: 0.000100  max mem: 2.9 GB
2025-01-05 19:57:57,399 Train INFO: eta: 1:41:47  iter: 5800  time: 0.1368 (0.1786)  data: 0.0210 (0.0726)  loss: 9.1660 (8.8935)  lr: 0.000100  max mem: 2.9 GB
2025-01-05 19:58:00,545 Train INFO: eta: 1:41:41  iter: 5820  time: 0.1369 (0.1785)  data: 0.0208 (0.0724)  loss: 8.4670 (8.8955)  lr: 0.000100  max mem: 2.9 GB
2025-01-05 19:58:03,349 Train INFO: eta: 1:41:33  iter: 5840  time: 0.1377 (0.1784)  data: 0.0262 (0.0723)  loss: 8.4511 (8.8955)  lr: 0.000100  max mem: 2.9 GB
2025-01-05 19:58:06,156 Train INFO: eta: 1:41:25  iter: 5860  time: 0.1394 (0.1783)  data: 0.0261 (0.0721)  loss: 9.9975 (8.8993)  lr: 0.000100  max mem: 2.9 GB
2025-01-05 19:58:08,946 Train INFO: eta: 1:41:17  iter: 5880  time: 0.1385 (0.1781)  data: 0.0258 (0.0720)  loss: 12.1260 (8.9095)  lr: 0.000100  max mem: 2.9 GB
2025-01-05 19:58:11,713 Train INFO: eta: 1:41:09  iter: 5900  time: 0.1379 (0.1780)  data: 0.0257 (0.0718)  loss: 11.8233 (8.9196)  lr: 0.000100  max mem: 2.9 GB
2025-01-05 19:58:14,492 Train INFO: eta: 1:41:01  iter: 5920  time: 0.1383 (0.1779)  data: 0.0260 (0.0717)  loss: 11.1707 (8.9283)  lr: 0.000100  max mem: 2.9 GB
2025-01-05 19:58:17,284 Train INFO: eta: 1:40:53  iter: 5940  time: 0.1393 (0.1777)  data: 0.0254 (0.0715)  loss: 12.5520 (8.9393)  lr: 0.000100  max mem: 2.9 GB
2025-01-05 19:58:20,068 Train INFO: eta: 1:40:45  iter: 5960  time: 0.1385 (0.1776)  data: 0.0254 (0.0714)  loss: 10.9013 (8.9463)  lr: 0.000100  max mem: 2.9 GB
2025-01-05 19:58:22,867 Train INFO: eta: 1:40:37  iter: 5980  time: 0.1392 (0.1775)  data: 0.0255 (0.0712)  loss: 11.8220 (8.9560)  lr: 0.000100  max mem: 2.9 GB
2025-01-05 19:58:25,654 Train INFO: eta: 1:40:29  iter: 6000  time: 0.1392 (0.1773)  data: 0.0260 (0.0710)  loss: 10.4149 (8.9613)  lr: 0.000100  max mem: 2.9 GB
2025-01-05 19:58:25,752 Train INFO: Validation
2025-01-05 19:58:25,756 Train INFO: Begin extract
2025-01-05 19:59:20,565 Train INFO: Best iteration 6000: {'mean_average_precision_at_r': 0.4942383950397457, 'precision_at_1': 0.7712802882549337, 'r_precision': 0.522620997991647}
2025-01-05 19:59:23,409 Train INFO: eta: 1:45:32  iter: 6020  time: 0.1418 (0.1864)  data: 0.0233 (0.0800)  loss: 11.1458 (8.9689)  lr: 0.000100  max mem: 2.9 GB
2025-01-05 19:59:26,229 Train INFO: eta: 1:45:23  iter: 6040  time: 0.1405 (0.1862)  data: 0.0237 (0.0798)  loss: 10.5088 (8.9752)  lr: 0.000100  max mem: 2.9 GB
2025-01-05 19:59:29,071 Train INFO: eta: 1:45:14  iter: 6060  time: 0.1417 (0.1861)  data: 0.0229 (0.0796)  loss: 10.9384 (8.9820)  lr: 0.000100  max mem: 2.9 GB
2025-01-05 19:59:31,930 Train INFO: eta: 1:45:06  iter: 6080  time: 0.1420 (0.1859)  data: 0.0233 (0.0795)  loss: 10.6794 (8.9883)  lr: 0.000100  max mem: 2.9 GB
2025-01-05 19:59:34,813 Train INFO: eta: 1:44:57  iter: 6100  time: 0.1428 (0.1858)  data: 0.0250 (0.0793)  loss: 10.5521 (8.9933)  lr: 0.000100  max mem: 2.9 GB
2025-01-05 19:59:37,691 Train INFO: eta: 1:44:49  iter: 6120  time: 0.1433 (0.1856)  data: 0.0241 (0.0791)  loss: 11.2599 (9.0008)  lr: 0.000100  max mem: 2.9 GB
2025-01-05 19:59:40,527 Train INFO: eta: 1:44:40  iter: 6140  time: 0.1414 (0.1855)  data: 0.0234 (0.0789)  loss: 10.6751 (9.0066)  lr: 0.000100  max mem: 2.9 GB
2025-01-05 19:59:43,383 Train INFO: eta: 1:44:32  iter: 6160  time: 0.1422 (0.1854)  data: 0.0231 (0.0787)  loss: 10.1728 (9.0116)  lr: 0.000100  max mem: 2.9 GB
2025-01-05 19:59:46,236 Train INFO: eta: 1:44:24  iter: 6180  time: 0.1416 (0.1852)  data: 0.0228 (0.0786)  loss: 11.6170 (9.0198)  lr: 0.000100  max mem: 2.9 GB
2025-01-05 19:59:49,053 Train INFO: eta: 1:44:15  iter: 6200  time: 0.1401 (0.1851)  data: 0.0232 (0.0784)  loss: 10.4308 (9.0247)  lr: 0.000100  max mem: 2.9 GB
2025-01-05 19:59:51,842 Train INFO: eta: 1:44:06  iter: 6220  time: 0.1393 (0.1849)  data: 0.0244 (0.0782)  loss: 10.6150 (9.0302)  lr: 0.000100  max mem: 2.9 GB
2025-01-05 19:59:54,576 Train INFO: eta: 1:43:58  iter: 6240  time: 0.1366 (0.1848)  data: 0.0242 (0.0780)  loss: 9.6672 (9.0328)  lr: 0.000100  max mem: 2.9 GB
2025-01-05 19:59:57,408 Train INFO: eta: 1:43:49  iter: 6260  time: 0.1432 (0.1846)  data: 0.0236 (0.0779)  loss: 10.6922 (9.0377)  lr: 0.000100  max mem: 2.9 GB
2025-01-05 20:00:00,191 Train INFO: eta: 1:43:41  iter: 6280  time: 0.1377 (0.1845)  data: 0.0246 (0.0777)  loss: 10.2813 (9.0414)  lr: 0.000100  max mem: 2.9 GB
2025-01-05 20:00:03,013 Train INFO: eta: 1:43:32  iter: 6300  time: 0.1411 (0.1844)  data: 0.0244 (0.0775)  loss: 10.8296 (9.0478)  lr: 0.000100  max mem: 2.9 GB
2025-01-05 20:00:05,834 Train INFO: eta: 1:43:24  iter: 6320  time: 0.1400 (0.1842)  data: 0.0244 (0.0774)  loss: 9.8969 (9.0501)  lr: 0.000100  max mem: 2.9 GB
2025-01-05 20:00:08,620 Train INFO: eta: 1:43:16  iter: 6340  time: 0.1377 (0.1841)  data: 0.0245 (0.0772)  loss: 10.7823 (9.0549)  lr: 0.000100  max mem: 2.9 GB
2025-01-05 20:00:11,434 Train INFO: eta: 1:43:07  iter: 6360  time: 0.1387 (0.1839)  data: 0.0242 (0.0770)  loss: 8.9741 (9.0548)  lr: 0.000100  max mem: 2.9 GB
2025-01-05 20:00:14,229 Train INFO: eta: 1:42:59  iter: 6380  time: 0.1392 (0.1838)  data: 0.0238 (0.0769)  loss: 10.3772 (9.0593)  lr: 0.000100  max mem: 2.9 GB
2025-01-05 20:00:17,030 Train INFO: eta: 1:42:51  iter: 6400  time: 0.1393 (0.1837)  data: 0.0238 (0.0767)  loss: 9.8153 (9.0615)  lr: 0.000100  max mem: 2.9 GB
2025-01-05 20:00:19,878 Train INFO: eta: 1:42:43  iter: 6420  time: 0.1415 (0.1835)  data: 0.0237 (0.0765)  loss: 10.8631 (9.0673)  lr: 0.000100  max mem: 2.9 GB
2025-01-05 20:00:22,648 Train INFO: eta: 1:42:34  iter: 6440  time: 0.1376 (0.1834)  data: 0.0235 (0.0764)  loss: 9.0730 (9.0673)  lr: 0.000100  max mem: 2.9 GB
2025-01-05 20:00:25,451 Train INFO: eta: 1:42:26  iter: 6460  time: 0.1401 (0.1833)  data: 0.0239 (0.0762)  loss: 10.5167 (9.0720)  lr: 0.000100  max mem: 2.9 GB
2025-01-05 20:00:28,251 Train INFO: eta: 1:42:18  iter: 6480  time: 0.1398 (0.1831)  data: 0.0239 (0.0760)  loss: 9.1070 (9.0729)  lr: 0.000100  max mem: 2.9 GB
2025-01-05 20:00:31,057 Train INFO: eta: 1:42:10  iter: 6500  time: 0.1408 (0.1830)  data: 0.0234 (0.0759)  loss: 10.0441 (9.0754)  lr: 0.000100  max mem: 2.9 GB
2025-01-05 20:00:33,885 Train INFO: eta: 1:42:02  iter: 6520  time: 0.1388 (0.1829)  data: 0.0238 (0.0757)  loss: 10.1246 (9.0788)  lr: 0.000100  max mem: 2.9 GB
2025-01-05 20:00:36,674 Train INFO: eta: 1:41:54  iter: 6540  time: 0.1386 (0.1827)  data: 0.0237 (0.0756)  loss: 9.4898 (9.0805)  lr: 0.000100  max mem: 2.9 GB
2025-01-05 20:00:39,417 Train INFO: eta: 1:41:46  iter: 6560  time: 0.1370 (0.1826)  data: 0.0239 (0.0754)  loss: 9.5278 (9.0822)  lr: 0.000100  max mem: 2.9 GB
2025-01-05 20:00:42,164 Train INFO: eta: 1:41:37  iter: 6580  time: 0.1375 (0.1825)  data: 0.0238 (0.0752)  loss: 9.4717 (9.0838)  lr: 0.000100  max mem: 2.9 GB
2025-01-05 20:00:44,899 Train INFO: eta: 1:41:29  iter: 6600  time: 0.1370 (0.1823)  data: 0.0238 (0.0751)  loss: 9.4130 (9.0851)  lr: 0.000100  max mem: 2.9 GB
2025-01-05 20:00:47,792 Train INFO: eta: 1:41:22  iter: 6620  time: 0.1386 (0.1822)  data: 0.0236 (0.0749)  loss: 9.3146 (9.0862)  lr: 0.000100  max mem: 2.9 GB
2025-01-05 20:00:50,580 Train INFO: eta: 1:41:14  iter: 6640  time: 0.1386 (0.1821)  data: 0.0227 (0.0748)  loss: 10.1852 (9.0894)  lr: 0.000100  max mem: 2.9 GB
2025-01-05 20:00:53,334 Train INFO: eta: 1:41:06  iter: 6660  time: 0.1367 (0.1819)  data: 0.0235 (0.0746)  loss: 8.4985 (9.0885)  lr: 0.000100  max mem: 2.9 GB
2025-01-05 20:00:56,113 Train INFO: eta: 1:40:58  iter: 6680  time: 0.1391 (0.1818)  data: 0.0225 (0.0745)  loss: 9.2013 (9.0883)  lr: 0.000100  max mem: 2.9 GB
2025-01-05 20:00:58,908 Train INFO: eta: 1:40:50  iter: 6700  time: 0.1358 (0.1817)  data: 0.0235 (0.0743)  loss: 9.3687 (9.0894)  lr: 0.000100  max mem: 2.9 GB
2025-01-05 20:01:01,672 Train INFO: eta: 1:40:42  iter: 6720  time: 0.1369 (0.1816)  data: 0.0231 (0.0742)  loss: 8.4842 (9.0869)  lr: 0.000100  max mem: 2.9 GB
2025-01-05 20:01:04,479 Train INFO: eta: 1:40:34  iter: 6740  time: 0.1391 (0.1814)  data: 0.0222 (0.0740)  loss: 9.0028 (9.0864)  lr: 0.000100  max mem: 2.9 GB
2025-01-05 20:01:07,242 Train INFO: eta: 1:40:26  iter: 6760  time: 0.1356 (0.1813)  data: 0.0229 (0.0739)  loss: 8.7055 (9.0861)  lr: 0.000100  max mem: 2.9 GB
2025-01-05 20:01:09,996 Train INFO: eta: 1:40:18  iter: 6780  time: 0.1356 (0.1812)  data: 0.0225 (0.0737)  loss: 8.6251 (9.0855)  lr: 0.000100  max mem: 2.9 GB
2025-01-05 20:01:12,715 Train INFO: eta: 1:40:10  iter: 6800  time: 0.1352 (0.1811)  data: 0.0223 (0.0736)  loss: 8.0971 (9.0832)  lr: 0.000100  max mem: 2.9 GB
2025-01-05 20:01:15,438 Train INFO: eta: 1:40:02  iter: 6820  time: 0.1360 (0.1809)  data: 0.0226 (0.0734)  loss: 8.4982 (9.0828)  lr: 0.000100  max mem: 2.9 GB
2025-01-05 20:01:18,205 Train INFO: eta: 1:39:55  iter: 6840  time: 0.1369 (0.1808)  data: 0.0220 (0.0732)  loss: 9.0791 (9.0833)  lr: 0.000100  max mem: 2.9 GB
2025-01-05 20:01:20,949 Train INFO: eta: 1:39:47  iter: 6860  time: 0.1364 (0.1807)  data: 0.0223 (0.0731)  loss: 8.9227 (9.0833)  lr: 0.000100  max mem: 2.9 GB
2025-01-05 20:01:23,684 Train INFO: eta: 1:39:39  iter: 6880  time: 0.1360 (0.1805)  data: 0.0218 (0.0730)  loss: 9.2747 (9.0837)  lr: 0.000100  max mem: 2.9 GB
2025-01-05 20:01:26,427 Train INFO: eta: 1:39:31  iter: 6900  time: 0.1354 (0.1804)  data: 0.0215 (0.0728)  loss: 8.5632 (9.0826)  lr: 0.000100  max mem: 2.9 GB
2025-01-05 20:01:29,165 Train INFO: eta: 1:39:23  iter: 6920  time: 0.1360 (0.1803)  data: 0.0217 (0.0727)  loss: 8.8385 (9.0824)  lr: 0.000100  max mem: 2.9 GB
2025-01-05 20:01:31,903 Train INFO: eta: 1:39:16  iter: 6940  time: 0.1367 (0.1802)  data: 0.0214 (0.0725)  loss: 9.0726 (9.0826)  lr: 0.000100  max mem: 2.9 GB
2025-01-05 20:01:34,612 Train INFO: eta: 1:39:08  iter: 6960  time: 0.1342 (0.1800)  data: 0.0214 (0.0724)  loss: 8.8777 (9.0830)  lr: 0.000100  max mem: 2.9 GB
2025-01-05 20:01:37,315 Train INFO: eta: 1:39:00  iter: 6980  time: 0.1344 (0.1799)  data: 0.0211 (0.0722)  loss: 8.2624 (9.0799)  lr: 0.000100  max mem: 2.9 GB
2025-01-05 20:01:40,389 Train INFO: eta: 1:38:54  iter: 7000  time: 0.1400 (0.1798)  data: 0.0251 (0.0721)  loss: 9.1508 (9.0805)  lr: 0.000100  max mem: 2.9 GB
2025-01-05 20:01:40,494 Train INFO: Validation
2025-01-05 20:01:40,498 Train INFO: Begin extract
2025-01-05 20:02:36,172 Train INFO: Best iteration 7000: {'mean_average_precision_at_r': 0.5000279133946852, 'precision_at_1': 0.7731314667283726, 'r_precision': 0.5276311569822528}
2025-01-05 20:02:39,222 Train INFO: eta: 1:43:10  iter: 7020  time: 0.1427 (0.1877)  data: 0.0259 (0.0799)  loss: 8.4410 (9.0809)  lr: 0.000100  max mem: 2.9 GB
2025-01-05 20:02:42,002 Train INFO: eta: 1:43:02  iter: 7040  time: 0.1386 (0.1876)  data: 0.0263 (0.0798)  loss: 10.6137 (9.0847)  lr: 0.000100  max mem: 2.9 GB
2025-01-05 20:02:44,780 Train INFO: eta: 1:42:53  iter: 7060  time: 0.1372 (0.1874)  data: 0.0257 (0.0796)  loss: 10.7048 (9.0901)  lr: 0.000100  max mem: 2.9 GB
2025-01-05 20:02:47,561 Train INFO: eta: 1:42:45  iter: 7080  time: 0.1384 (0.1873)  data: 0.0257 (0.0795)  loss: 12.4699 (9.1001)  lr: 0.000100  max mem: 2.9 GB
2025-01-05 20:02:50,338 Train INFO: eta: 1:42:37  iter: 7100  time: 0.1381 (0.1872)  data: 0.0258 (0.0793)  loss: 10.3987 (9.1034)  lr: 0.000100  max mem: 2.9 GB
2025-01-05 20:02:53,162 Train INFO: eta: 1:42:29  iter: 7120  time: 0.1406 (0.1870)  data: 0.0256 (0.0792)  loss: 11.6160 (9.1106)  lr: 0.000100  max mem: 2.9 GB
2025-01-05 20:02:55,983 Train INFO: eta: 1:42:21  iter: 7140  time: 0.1408 (0.1869)  data: 0.0239 (0.0790)  loss: 10.3100 (9.1143)  lr: 0.000100  max mem: 2.9 GB
2025-01-05 20:02:58,858 Train INFO: eta: 1:42:13  iter: 7160  time: 0.1431 (0.1868)  data: 0.0242 (0.0789)  loss: 11.3937 (9.1205)  lr: 0.000100  max mem: 2.9 GB
2025-01-05 20:03:01,739 Train INFO: eta: 1:42:05  iter: 7180  time: 0.1429 (0.1867)  data: 0.0239 (0.0787)  loss: 10.2365 (9.1236)  lr: 0.000100  max mem: 2.9 GB
2025-01-05 20:03:04,618 Train INFO: eta: 1:41:58  iter: 7200  time: 0.1439 (0.1865)  data: 0.0238 (0.0786)  loss: 11.3650 (9.1309)  lr: 0.000100  max mem: 2.9 GB
2025-01-05 20:03:07,418 Train INFO: eta: 1:41:50  iter: 7220  time: 0.1375 (0.1864)  data: 0.0246 (0.0784)  loss: 10.6594 (9.1345)  lr: 0.000100  max mem: 2.9 GB
2025-01-05 20:03:10,213 Train INFO: eta: 1:41:42  iter: 7240  time: 0.1395 (0.1863)  data: 0.0252 (0.0783)  loss: 10.8372 (9.1389)  lr: 0.000100  max mem: 2.9 GB
2025-01-05 20:03:13,129 Train INFO: eta: 1:41:35  iter: 7260  time: 0.1393 (0.1862)  data: 0.0249 (0.0781)  loss: 10.6367 (9.1439)  lr: 0.000100  max mem: 2.9 GB
2025-01-05 20:03:15,946 Train INFO: eta: 1:41:27  iter: 7280  time: 0.1393 (0.1860)  data: 0.0250 (0.0780)  loss: 10.2635 (9.1476)  lr: 0.000100  max mem: 2.9 GB
2025-01-05 20:03:18,765 Train INFO: eta: 1:41:19  iter: 7300  time: 0.1393 (0.1859)  data: 0.0246 (0.0778)  loss: 11.3326 (9.1530)  lr: 0.000100  max mem: 2.9 GB
2025-01-05 20:03:21,564 Train INFO: eta: 1:41:11  iter: 7320  time: 0.1395 (0.1858)  data: 0.0247 (0.0777)  loss: 9.7051 (9.1550)  lr: 0.000100  max mem: 2.9 GB
2025-01-05 20:03:24,345 Train INFO: eta: 1:41:03  iter: 7340  time: 0.1385 (0.1857)  data: 0.0252 (0.0775)  loss: 10.6996 (9.1598)  lr: 0.000100  max mem: 2.9 GB
2025-01-05 20:03:27,129 Train INFO: eta: 1:40:55  iter: 7360  time: 0.1390 (0.1855)  data: 0.0250 (0.0774)  loss: 9.5837 (9.1615)  lr: 0.000100  max mem: 2.9 GB
2025-01-05 20:03:29,968 Train INFO: eta: 1:40:48  iter: 7380  time: 0.1403 (0.1854)  data: 0.0251 (0.0773)  loss: 10.7476 (9.1667)  lr: 0.000100  max mem: 2.9 GB
2025-01-05 20:03:32,767 Train INFO: eta: 1:40:40  iter: 7400  time: 0.1394 (0.1853)  data: 0.0248 (0.0771)  loss: 10.3402 (9.1708)  lr: 0.000100  max mem: 2.9 GB
2025-01-05 20:03:35,538 Train INFO: eta: 1:40:32  iter: 7420  time: 0.1387 (0.1852)  data: 0.0254 (0.0770)  loss: 10.5425 (9.1733)  lr: 0.000100  max mem: 2.9 GB
2025-01-05 20:03:38,333 Train INFO: eta: 1:40:25  iter: 7440  time: 0.1394 (0.1850)  data: 0.0240 (0.0768)  loss: 9.1613 (9.1735)  lr: 0.000100  max mem: 2.9 GB
2025-01-05 20:03:41,151 Train INFO: eta: 1:40:17  iter: 7460  time: 0.1388 (0.1849)  data: 0.0252 (0.0767)  loss: 9.4245 (9.1755)  lr: 0.000100  max mem: 2.9 GB
2025-01-05 20:03:43,935 Train INFO: eta: 1:40:09  iter: 7480  time: 0.1392 (0.1848)  data: 0.0252 (0.0766)  loss: 10.9882 (9.1811)  lr: 0.000100  max mem: 2.9 GB
2025-01-05 20:03:46,701 Train INFO: eta: 1:40:02  iter: 7500  time: 0.1384 (0.1847)  data: 0.0246 (0.0764)  loss: 10.2647 (9.1835)  lr: 0.000100  max mem: 2.9 GB
2025-01-05 20:03:49,492 Train INFO: eta: 1:39:54  iter: 7520  time: 0.1398 (0.1846)  data: 0.0246 (0.0763)  loss: 10.0485 (9.1855)  lr: 0.000100  max mem: 2.9 GB
2025-01-05 20:03:52,301 Train INFO: eta: 1:39:47  iter: 7540  time: 0.1409 (0.1844)  data: 0.0240 (0.0761)  loss: 8.4214 (9.1848)  lr: 0.000100  max mem: 2.9 GB
2025-01-05 20:03:55,112 Train INFO: eta: 1:39:39  iter: 7560  time: 0.1408 (0.1843)  data: 0.0233 (0.0760)  loss: 10.8768 (9.1895)  lr: 0.000100  max mem: 2.9 GB
2025-01-05 20:03:57,863 Train INFO: eta: 1:39:32  iter: 7580  time: 0.1372 (0.1842)  data: 0.0237 (0.0759)  loss: 9.2308 (9.1895)  lr: 0.000100  max mem: 2.9 GB
2025-01-05 20:04:00,625 Train INFO: eta: 1:39:24  iter: 7600  time: 0.1375 (0.1841)  data: 0.0236 (0.0757)  loss: 9.2297 (9.1908)  lr: 0.000100  max mem: 2.9 GB
2025-01-05 20:04:03,415 Train INFO: eta: 1:39:16  iter: 7620  time: 0.1392 (0.1840)  data: 0.0239 (0.0756)  loss: 9.7892 (9.1925)  lr: 0.000100  max mem: 2.9 GB
2025-01-05 20:04:06,269 Train INFO: eta: 1:39:09  iter: 7640  time: 0.1427 (0.1839)  data: 0.0225 (0.0755)  loss: 10.2563 (9.1953)  lr: 0.000100  max mem: 2.9 GB
2025-01-05 20:04:09,082 Train INFO: eta: 1:39:02  iter: 7660  time: 0.1407 (0.1837)  data: 0.0220 (0.0753)  loss: 9.2482 (9.1956)  lr: 0.000100  max mem: 2.9 GB
2025-01-05 20:04:11,938 Train INFO: eta: 1:38:55  iter: 7680  time: 0.1414 (0.1836)  data: 0.0223 (0.0752)  loss: 8.7759 (9.1954)  lr: 0.000100  max mem: 2.9 GB
2025-01-05 20:04:14,736 Train INFO: eta: 1:38:47  iter: 7700  time: 0.1391 (0.1835)  data: 0.0238 (0.0750)  loss: 10.2022 (9.1988)  lr: 0.000100  max mem: 2.9 GB
2025-01-05 20:04:17,518 Train INFO: eta: 1:38:40  iter: 7720  time: 0.1399 (0.1834)  data: 0.0237 (0.0749)  loss: 8.9346 (9.1990)  lr: 0.000100  max mem: 2.9 GB
2025-01-05 20:04:20,344 Train INFO: eta: 1:38:33  iter: 7740  time: 0.1393 (0.1833)  data: 0.0233 (0.0748)  loss: 9.6773 (9.1997)  lr: 0.000100  max mem: 2.9 GB
2025-01-05 20:04:23,135 Train INFO: eta: 1:38:26  iter: 7760  time: 0.1390 (0.1832)  data: 0.0238 (0.0746)  loss: 10.1386 (9.2021)  lr: 0.000100  max mem: 2.9 GB
2025-01-05 20:04:25,851 Train INFO: eta: 1:38:18  iter: 7780  time: 0.1347 (0.1831)  data: 0.0236 (0.0745)  loss: 8.9087 (9.2029)  lr: 0.000100  max mem: 2.9 GB
2025-01-05 20:04:28,594 Train INFO: eta: 1:38:11  iter: 7800  time: 0.1369 (0.1830)  data: 0.0233 (0.0744)  loss: 8.5099 (9.2014)  lr: 0.000100  max mem: 2.9 GB
2025-01-05 20:04:31,333 Train INFO: eta: 1:38:03  iter: 7820  time: 0.1367 (0.1828)  data: 0.0239 (0.0743)  loss: 9.0188 (9.2026)  lr: 0.000100  max mem: 2.9 GB
2025-01-05 20:04:34,071 Train INFO: eta: 1:37:56  iter: 7840  time: 0.1359 (0.1827)  data: 0.0234 (0.0741)  loss: 7.4266 (9.1985)  lr: 0.000100  max mem: 2.9 GB
2025-01-05 20:04:36,860 Train INFO: eta: 1:37:48  iter: 7860  time: 0.1391 (0.1826)  data: 0.0229 (0.0740)  loss: 9.2933 (9.1999)  lr: 0.000100  max mem: 2.9 GB
2025-01-05 20:04:39,609 Train INFO: eta: 1:37:41  iter: 7880  time: 0.1357 (0.1825)  data: 0.0228 (0.0739)  loss: 8.8969 (9.1994)  lr: 0.000100  max mem: 2.9 GB
2025-01-05 20:04:42,342 Train INFO: eta: 1:37:34  iter: 7900  time: 0.1353 (0.1824)  data: 0.0230 (0.0737)  loss: 8.5181 (9.1982)  lr: 0.000100  max mem: 2.9 GB
2025-01-05 20:04:45,124 Train INFO: eta: 1:37:27  iter: 7920  time: 0.1401 (0.1823)  data: 0.0225 (0.0736)  loss: 9.7843 (9.1997)  lr: 0.000100  max mem: 2.9 GB
2025-01-05 20:04:47,910 Train INFO: eta: 1:37:19  iter: 7940  time: 0.1384 (0.1822)  data: 0.0225 (0.0735)  loss: 9.2185 (9.2000)  lr: 0.000100  max mem: 2.9 GB
2025-01-05 20:04:50,650 Train INFO: eta: 1:37:12  iter: 7960  time: 0.1356 (0.1820)  data: 0.0227 (0.0733)  loss: 8.3058 (9.1979)  lr: 0.000100  max mem: 2.9 GB
2025-01-05 20:04:53,423 Train INFO: eta: 1:37:05  iter: 7980  time: 0.1383 (0.1819)  data: 0.0220 (0.0732)  loss: 7.2511 (9.1941)  lr: 0.000100  max mem: 2.9 GB
2025-01-05 20:04:56,220 Train INFO: eta: 1:36:58  iter: 8000  time: 0.1398 (0.1818)  data: 0.0215 (0.0731)  loss: 9.3417 (9.1945)  lr: 0.000100  max mem: 2.9 GB
2025-01-05 20:04:56,321 Train INFO: Validation
2025-01-05 20:04:56,325 Train INFO: Begin extract
2025-01-05 20:05:52,166 Train INFO: Best iteration 8000: {'mean_average_precision_at_r': 0.5053825242298762, 'precision_at_1': 0.7757429506462596, 'r_precision': 0.5330585824193473}
2025-01-05 20:05:54,898 Train INFO: eta: 1:40:34  iter: 8020  time: 0.1366 (0.1887)  data: 0.0222 (0.0799)  loss: 9.1406 (9.1952)  lr: 0.000100  max mem: 2.9 GB
2025-01-05 20:05:57,654 Train INFO: eta: 1:40:26  iter: 8040  time: 0.1371 (0.1886)  data: 0.0210 (0.0798)  loss: 8.0164 (9.1930)  lr: 0.000100  max mem: 2.9 GB
2025-01-05 20:06:00,405 Train INFO: eta: 1:40:18  iter: 8060  time: 0.1368 (0.1884)  data: 0.0217 (0.0796)  loss: 9.3145 (9.1938)  lr: 0.000100  max mem: 2.9 GB
2025-01-05 20:06:03,148 Train INFO: eta: 1:40:10  iter: 8080  time: 0.1366 (0.1883)  data: 0.0214 (0.0795)  loss: 8.5264 (9.1925)  lr: 0.000100  max mem: 2.9 GB
2025-01-05 20:06:05,918 Train INFO: eta: 1:40:03  iter: 8100  time: 0.1372 (0.1882)  data: 0.0211 (0.0794)  loss: 8.5696 (9.1914)  lr: 0.000100  max mem: 2.9 GB
2025-01-05 20:06:08,615 Train INFO: eta: 1:39:55  iter: 8120  time: 0.1336 (0.1881)  data: 0.0215 (0.0792)  loss: 9.2576 (9.1914)  lr: 0.000100  max mem: 2.9 GB
2025-01-05 20:06:11,358 Train INFO: eta: 1:39:47  iter: 8140  time: 0.1367 (0.1879)  data: 0.0196 (0.0791)  loss: 9.1580 (9.1912)  lr: 0.000100  max mem: 2.9 GB
2025-01-05 20:06:14,594 Train INFO: eta: 1:39:41  iter: 8160  time: 0.1356 (0.1879)  data: 0.0193 (0.0790)  loss: 7.7783 (9.1889)  lr: 0.000100  max mem: 2.9 GB
2025-01-05 20:06:17,461 Train INFO: eta: 1:39:34  iter: 8180  time: 0.1434 (0.1878)  data: 0.0239 (0.0789)  loss: 9.2499 (9.1894)  lr: 0.000100  max mem: 2.9 GB
2025-01-05 20:06:20,348 Train INFO: eta: 1:39:27  iter: 8200  time: 0.1440 (0.1877)  data: 0.0244 (0.0787)  loss: 9.7005 (9.1913)  lr: 0.000100  max mem: 2.9 GB
2025-01-05 20:06:23,196 Train INFO: eta: 1:39:20  iter: 8220  time: 0.1419 (0.1875)  data: 0.0251 (0.0786)  loss: 10.7619 (9.1952)  lr: 0.000100  max mem: 2.9 GB
2025-01-05 20:06:25,972 Train INFO: eta: 1:39:12  iter: 8240  time: 0.1385 (0.1874)  data: 0.0249 (0.0785)  loss: 10.7273 (9.1991)  lr: 0.000100  max mem: 2.9 GB
2025-01-05 20:06:28,760 Train INFO: eta: 1:39:05  iter: 8260  time: 0.1384 (0.1873)  data: 0.0254 (0.0783)  loss: 11.7222 (9.2058)  lr: 0.000100  max mem: 2.9 GB
2025-01-05 20:06:31,581 Train INFO: eta: 1:38:57  iter: 8280  time: 0.1409 (0.1872)  data: 0.0254 (0.0782)  loss: 10.4518 (9.2093)  lr: 0.000100  max mem: 2.9 GB
2025-01-05 20:06:34,360 Train INFO: eta: 1:38:50  iter: 8300  time: 0.1387 (0.1871)  data: 0.0253 (0.0781)  loss: 11.4118 (9.2143)  lr: 0.000100  max mem: 2.9 GB
2025-01-05 20:06:37,199 Train INFO: eta: 1:38:43  iter: 8320  time: 0.1419 (0.1870)  data: 0.0254 (0.0780)  loss: 11.2259 (9.2191)  lr: 0.000100  max mem: 2.9 GB
2025-01-05 20:06:39,993 Train INFO: eta: 1:38:36  iter: 8340  time: 0.1394 (0.1869)  data: 0.0248 (0.0778)  loss: 10.4179 (9.2218)  lr: 0.000100  max mem: 2.9 GB
2025-01-05 20:06:42,813 Train INFO: eta: 1:38:28  iter: 8360  time: 0.1402 (0.1868)  data: 0.0254 (0.0777)  loss: 10.5125 (9.2264)  lr: 0.000100  max mem: 2.9 GB
2025-01-05 20:06:45,603 Train INFO: eta: 1:38:21  iter: 8380  time: 0.1395 (0.1866)  data: 0.0252 (0.0776)  loss: 9.9980 (9.2284)  lr: 0.000100  max mem: 2.9 GB
2025-01-05 20:06:48,417 Train INFO: eta: 1:38:14  iter: 8400  time: 0.1392 (0.1865)  data: 0.0249 (0.0774)  loss: 11.1507 (9.2331)  lr: 0.000100  max mem: 2.9 GB
2025-01-05 20:06:51,199 Train INFO: eta: 1:38:07  iter: 8420  time: 0.1390 (0.1864)  data: 0.0248 (0.0773)  loss: 9.9752 (9.2357)  lr: 0.000100  max mem: 2.9 GB
2025-01-05 20:06:54,003 Train INFO: eta: 1:37:59  iter: 8440  time: 0.1399 (0.1863)  data: 0.0246 (0.0772)  loss: 10.3247 (9.2393)  lr: 0.000100  max mem: 2.9 GB
2025-01-05 20:06:56,810 Train INFO: eta: 1:37:52  iter: 8460  time: 0.1397 (0.1862)  data: 0.0250 (0.0771)  loss: 9.8521 (9.2410)  lr: 0.000100  max mem: 2.9 GB
2025-01-05 20:06:59,617 Train INFO: eta: 1:37:45  iter: 8480  time: 0.1379 (0.1861)  data: 0.0251 (0.0770)  loss: 10.0276 (9.2436)  lr: 0.000100  max mem: 2.9 GB
2025-01-05 20:07:02,432 Train INFO: eta: 1:37:38  iter: 8500  time: 0.1397 (0.1860)  data: 0.0252 (0.0768)  loss: 10.5331 (9.2472)  lr: 0.000100  max mem: 2.9 GB
2025-01-05 20:07:05,258 Train INFO: eta: 1:37:31  iter: 8520  time: 0.1395 (0.1859)  data: 0.0246 (0.0767)  loss: 11.4650 (9.2527)  lr: 0.000100  max mem: 2.9 GB
2025-01-05 20:07:08,022 Train INFO: eta: 1:37:24  iter: 8540  time: 0.1368 (0.1858)  data: 0.0248 (0.0766)  loss: 8.4194 (9.2510)  lr: 0.000100  max mem: 2.9 GB
2025-01-05 20:07:10,863 Train INFO: eta: 1:37:17  iter: 8560  time: 0.1404 (0.1857)  data: 0.0244 (0.0765)  loss: 10.0549 (9.2538)  lr: 0.000100  max mem: 2.9 GB
2025-01-05 20:07:13,697 Train INFO: eta: 1:37:10  iter: 8580  time: 0.1412 (0.1856)  data: 0.0244 (0.0763)  loss: 9.7306 (9.2561)  lr: 0.000100  max mem: 2.9 GB
2025-01-05 20:07:16,529 Train INFO: eta: 1:37:03  iter: 8600  time: 0.1405 (0.1855)  data: 0.0245 (0.0762)  loss: 9.8123 (9.2580)  lr: 0.000100  max mem: 2.9 GB
2025-01-05 20:07:19,304 Train INFO: eta: 1:36:56  iter: 8620  time: 0.1372 (0.1854)  data: 0.0244 (0.0761)  loss: 10.8128 (9.2618)  lr: 0.000100  max mem: 2.9 GB
2025-01-05 20:07:22,073 Train INFO: eta: 1:36:49  iter: 8640  time: 0.1377 (0.1852)  data: 0.0244 (0.0760)  loss: 9.7764 (9.2628)  lr: 0.000100  max mem: 2.9 GB
2025-01-05 20:07:24,907 Train INFO: eta: 1:36:42  iter: 8660  time: 0.1408 (0.1851)  data: 0.0247 (0.0759)  loss: 9.9664 (9.2653)  lr: 0.000100  max mem: 2.9 GB
2025-01-05 20:07:27,732 Train INFO: eta: 1:36:35  iter: 8680  time: 0.1397 (0.1850)  data: 0.0239 (0.0758)  loss: 9.5132 (9.2662)  lr: 0.000100  max mem: 2.9 GB
2025-01-05 20:07:30,543 Train INFO: eta: 1:36:28  iter: 8700  time: 0.1405 (0.1849)  data: 0.0239 (0.0756)  loss: 10.6923 (9.2689)  lr: 0.000100  max mem: 2.9 GB
2025-01-05 20:07:33,345 Train INFO: eta: 1:36:21  iter: 8720  time: 0.1379 (0.1848)  data: 0.0240 (0.0755)  loss: 9.7947 (9.2703)  lr: 0.000100  max mem: 2.9 GB
2025-01-05 20:07:36,109 Train INFO: eta: 1:36:14  iter: 8740  time: 0.1372 (0.1847)  data: 0.0244 (0.0754)  loss: 8.9423 (9.2705)  lr: 0.000100  max mem: 2.9 GB
2025-01-05 20:07:38,896 Train INFO: eta: 1:36:07  iter: 8760  time: 0.1393 (0.1846)  data: 0.0245 (0.0753)  loss: 10.7442 (9.2739)  lr: 0.000100  max mem: 2.9 GB
2025-01-05 20:07:41,647 Train INFO: eta: 1:36:00  iter: 8780  time: 0.1363 (0.1845)  data: 0.0243 (0.0752)  loss: 9.9966 (9.2751)  lr: 0.000100  max mem: 2.9 GB
2025-01-05 20:07:44,382 Train INFO: eta: 1:35:53  iter: 8800  time: 0.1376 (0.1844)  data: 0.0245 (0.0751)  loss: 9.3682 (9.2751)  lr: 0.000100  max mem: 2.9 GB
2025-01-05 20:07:47,311 Train INFO: eta: 1:35:47  iter: 8820  time: 0.1447 (0.1843)  data: 0.0238 (0.0749)  loss: 10.3179 (9.2767)  lr: 0.000100  max mem: 2.9 GB
2025-01-05 20:07:50,017 Train INFO: eta: 1:35:40  iter: 8840  time: 0.1340 (0.1842)  data: 0.0243 (0.0748)  loss: 8.4121 (9.2750)  lr: 0.000100  max mem: 2.9 GB
2025-01-05 20:07:52,772 Train INFO: eta: 1:35:33  iter: 8860  time: 0.1358 (0.1841)  data: 0.0241 (0.0747)  loss: 9.0636 (9.2752)  lr: 0.000100  max mem: 2.9 GB
2025-01-05 20:07:55,559 Train INFO: eta: 1:35:26  iter: 8880  time: 0.1370 (0.1840)  data: 0.0234 (0.0746)  loss: 9.2862 (9.2759)  lr: 0.000100  max mem: 2.9 GB
2025-01-05 20:07:58,321 Train INFO: eta: 1:35:19  iter: 8900  time: 0.1363 (0.1839)  data: 0.0238 (0.0745)  loss: 9.9269 (9.2785)  lr: 0.000100  max mem: 2.9 GB
2025-01-05 20:08:01,081 Train INFO: eta: 1:35:12  iter: 8920  time: 0.1358 (0.1838)  data: 0.0240 (0.0744)  loss: 9.4992 (9.2786)  lr: 0.000100  max mem: 2.9 GB
2025-01-05 20:08:03,856 Train INFO: eta: 1:35:05  iter: 8940  time: 0.1378 (0.1837)  data: 0.0231 (0.0742)  loss: 9.6307 (9.2797)  lr: 0.000100  max mem: 2.9 GB
2025-01-05 20:08:06,604 Train INFO: eta: 1:34:58  iter: 8960  time: 0.1372 (0.1836)  data: 0.0234 (0.0741)  loss: 8.1123 (9.2777)  lr: 0.000100  max mem: 2.9 GB
2025-01-05 20:08:09,371 Train INFO: eta: 1:34:52  iter: 8980  time: 0.1381 (0.1835)  data: 0.0230 (0.0740)  loss: 9.9031 (9.2782)  lr: 0.000100  max mem: 2.9 GB
2025-01-05 20:08:12,104 Train INFO: eta: 1:34:45  iter: 9000  time: 0.1361 (0.1834)  data: 0.0230 (0.0739)  loss: 8.1788 (9.2770)  lr: 0.000100  max mem: 2.9 GB
2025-01-05 20:08:12,207 Train INFO: Validation
2025-01-05 20:08:12,211 Train INFO: Begin extract
2025-01-05 20:09:06,861 Train INFO: Best iteration 9000: {'mean_average_precision_at_r': 0.513703615807368, 'precision_at_1': 0.7831311361607881, 'r_precision': 0.541457570147944}
2025-01-05 20:09:09,621 Train INFO: eta: 1:37:46  iter: 9020  time: 0.1365 (0.1894)  data: 0.0226 (0.0799)  loss: 7.7802 (9.2745)  lr: 0.000100  max mem: 2.9 GB
2025-01-05 20:09:12,399 Train INFO: eta: 1:37:39  iter: 9040  time: 0.1380 (0.1893)  data: 0.0222 (0.0797)  loss: 9.6404 (9.2747)  lr: 0.000100  max mem: 2.9 GB
2025-01-05 20:09:15,124 Train INFO: eta: 1:37:31  iter: 9060  time: 0.1360 (0.1891)  data: 0.0226 (0.0796)  loss: 8.2894 (9.2731)  lr: 0.000100  max mem: 2.9 GB
2025-01-05 20:09:17,993 Train INFO: eta: 1:37:24  iter: 9080  time: 0.1373 (0.1890)  data: 0.0226 (0.0795)  loss: 8.1378 (9.2714)  lr: 0.000100  max mem: 2.9 GB
2025-01-05 20:09:20,779 Train INFO: eta: 1:37:17  iter: 9100  time: 0.1379 (0.1889)  data: 0.0219 (0.0794)  loss: 9.3155 (9.2725)  lr: 0.000100  max mem: 2.9 GB
2025-01-05 20:09:23,614 Train INFO: eta: 1:37:10  iter: 9120  time: 0.1415 (0.1888)  data: 0.0210 (0.0792)  loss: 8.3362 (9.2711)  lr: 0.000100  max mem: 2.9 GB
2025-01-05 20:09:26,423 Train INFO: eta: 1:37:03  iter: 9140  time: 0.1393 (0.1887)  data: 0.0206 (0.0791)  loss: 8.1281 (9.2692)  lr: 0.000100  max mem: 2.9 GB
2025-01-05 20:09:29,251 Train INFO: eta: 1:36:56  iter: 9160  time: 0.1407 (0.1886)  data: 0.0205 (0.0790)  loss: 7.9737 (9.2679)  lr: 0.000100  max mem: 2.9 GB
2025-01-05 20:09:32,030 Train INFO: eta: 1:36:49  iter: 9180  time: 0.1388 (0.1885)  data: 0.0217 (0.0789)  loss: 9.0055 (9.2679)  lr: 0.000100  max mem: 2.9 GB
2025-01-05 20:09:34,858 Train INFO: eta: 1:36:42  iter: 9200  time: 0.1401 (0.1884)  data: 0.0213 (0.0787)  loss: 9.1368 (9.2676)  lr: 0.000100  max mem: 2.9 GB
2025-01-05 20:09:37,688 Train INFO: eta: 1:36:35  iter: 9220  time: 0.1408 (0.1883)  data: 0.0210 (0.0786)  loss: 8.1105 (9.2654)  lr: 0.000100  max mem: 2.9 GB
2025-01-05 20:09:40,548 Train INFO: eta: 1:36:29  iter: 9240  time: 0.1421 (0.1882)  data: 0.0213 (0.0785)  loss: 8.8011 (9.2642)  lr: 0.000100  max mem: 2.9 GB
2025-01-05 20:09:43,343 Train INFO: eta: 1:36:22  iter: 9260  time: 0.1386 (0.1881)  data: 0.0213 (0.0784)  loss: 8.5251 (9.2629)  lr: 0.000100  max mem: 2.9 GB
2025-01-05 20:09:46,086 Train INFO: eta: 1:36:14  iter: 9280  time: 0.1369 (0.1880)  data: 0.0214 (0.0782)  loss: 9.2612 (9.2628)  lr: 0.000100  max mem: 2.9 GB
2025-01-05 20:09:48,812 Train INFO: eta: 1:36:07  iter: 9300  time: 0.1358 (0.1879)  data: 0.0208 (0.0781)  loss: 8.5585 (9.2607)  lr: 0.000100  max mem: 2.9 GB
2025-01-05 20:09:51,586 Train INFO: eta: 1:36:00  iter: 9320  time: 0.1381 (0.1878)  data: 0.0210 (0.0780)  loss: 8.8918 (9.2606)  lr: 0.000100  max mem: 2.9 GB
2025-01-05 20:09:54,631 Train INFO: eta: 1:35:54  iter: 9340  time: 0.1389 (0.1877)  data: 0.0256 (0.0779)  loss: 8.2285 (9.2588)  lr: 0.000100  max mem: 2.9 GB
2025-01-05 20:09:57,456 Train INFO: eta: 1:35:47  iter: 9360  time: 0.1404 (0.1876)  data: 0.0260 (0.0778)  loss: 7.9921 (9.2563)  lr: 0.000100  max mem: 2.9 GB
2025-01-05 20:10:00,215 Train INFO: eta: 1:35:40  iter: 9380  time: 0.1370 (0.1875)  data: 0.0263 (0.0777)  loss: 10.4094 (9.2588)  lr: 0.000100  max mem: 2.9 GB
2025-01-05 20:10:02,987 Train INFO: eta: 1:35:33  iter: 9400  time: 0.1380 (0.1874)  data: 0.0261 (0.0776)  loss: 11.1377 (9.2634)  lr: 0.000100  max mem: 2.9 GB
2025-01-05 20:10:05,776 Train INFO: eta: 1:35:27  iter: 9420  time: 0.1385 (0.1873)  data: 0.0258 (0.0775)  loss: 11.8132 (9.2687)  lr: 0.000100  max mem: 2.9 GB
2025-01-05 20:10:08,583 Train INFO: eta: 1:35:20  iter: 9440  time: 0.1386 (0.1872)  data: 0.0257 (0.0774)  loss: 11.4918 (9.2738)  lr: 0.000100  max mem: 2.9 GB
2025-01-05 20:10:11,392 Train INFO: eta: 1:35:13  iter: 9460  time: 0.1386 (0.1871)  data: 0.0260 (0.0772)  loss: 10.4585 (9.2761)  lr: 0.000100  max mem: 2.9 GB
2025-01-05 20:10:14,204 Train INFO: eta: 1:35:06  iter: 9480  time: 0.1386 (0.1870)  data: 0.0252 (0.0771)  loss: 10.7785 (9.2791)  lr: 0.000100  max mem: 2.9 GB
2025-01-05 20:10:17,003 Train INFO: eta: 1:35:00  iter: 9500  time: 0.1380 (0.1869)  data: 0.0259 (0.0770)  loss: 11.2370 (9.2825)  lr: 0.000100  max mem: 2.9 GB
2025-01-05 20:10:19,862 Train INFO: eta: 1:34:53  iter: 9520  time: 0.1409 (0.1868)  data: 0.0256 (0.0769)  loss: 10.4764 (9.2847)  lr: 0.000100  max mem: 2.9 GB
2025-01-05 20:10:22,644 Train INFO: eta: 1:34:46  iter: 9540  time: 0.1392 (0.1867)  data: 0.0259 (0.0768)  loss: 10.3115 (9.2880)  lr: 0.000100  max mem: 2.9 GB
2025-01-05 20:10:25,496 Train INFO: eta: 1:34:40  iter: 9560  time: 0.1412 (0.1866)  data: 0.0253 (0.0767)  loss: 10.4159 (9.2906)  lr: 0.000100  max mem: 2.9 GB
2025-01-05 20:10:28,295 Train INFO: eta: 1:34:33  iter: 9580  time: 0.1396 (0.1865)  data: 0.0260 (0.0766)  loss: 10.1919 (9.2931)  lr: 0.000100  max mem: 2.9 GB
2025-01-05 20:10:31,086 Train INFO: eta: 1:34:26  iter: 9600  time: 0.1389 (0.1864)  data: 0.0255 (0.0765)  loss: 10.2675 (9.2958)  lr: 0.000100  max mem: 2.9 GB
2025-01-05 20:10:33,842 Train INFO: eta: 1:34:19  iter: 9620  time: 0.1371 (0.1863)  data: 0.0261 (0.0764)  loss: 9.7107 (9.2973)  lr: 0.000100  max mem: 2.9 GB
2025-01-05 20:10:36,675 Train INFO: eta: 1:34:13  iter: 9640  time: 0.1397 (0.1862)  data: 0.0254 (0.0763)  loss: 11.0816 (9.3010)  lr: 0.000100  max mem: 2.9 GB
2025-01-05 20:10:39,493 Train INFO: eta: 1:34:06  iter: 9660  time: 0.1395 (0.1861)  data: 0.0255 (0.0762)  loss: 10.1352 (9.3026)  lr: 0.000100  max mem: 2.9 GB
2025-01-05 20:10:42,414 Train INFO: eta: 1:34:00  iter: 9680  time: 0.1453 (0.1860)  data: 0.0231 (0.0761)  loss: 10.1402 (9.3045)  lr: 0.000100  max mem: 2.9 GB
2025-01-05 20:10:45,305 Train INFO: eta: 1:33:54  iter: 9700  time: 0.1437 (0.1860)  data: 0.0228 (0.0760)  loss: 10.5160 (9.3074)  lr: 0.000100  max mem: 2.9 GB
2025-01-05 20:10:48,167 Train INFO: eta: 1:33:47  iter: 9720  time: 0.1413 (0.1859)  data: 0.0243 (0.0759)  loss: 10.4210 (9.3099)  lr: 0.000100  max mem: 2.9 GB
2025-01-05 20:10:51,007 Train INFO: eta: 1:33:41  iter: 9740  time: 0.1417 (0.1858)  data: 0.0243 (0.0757)  loss: 10.2875 (9.3124)  lr: 0.000100  max mem: 2.9 GB
2025-01-05 20:10:54,027 Train INFO: eta: 1:33:35  iter: 9760  time: 0.1417 (0.1857)  data: 0.0244 (0.0756)  loss: 10.6874 (9.3149)  lr: 0.000100  max mem: 2.9 GB
2025-01-05 20:10:56,861 Train INFO: eta: 1:33:29  iter: 9780  time: 0.1396 (0.1856)  data: 0.0244 (0.0755)  loss: 9.0951 (9.3144)  lr: 0.000100  max mem: 2.9 GB
2025-01-05 20:10:59,725 Train INFO: eta: 1:33:22  iter: 9800  time: 0.1427 (0.1855)  data: 0.0241 (0.0754)  loss: 10.0379 (9.3166)  lr: 0.000100  max mem: 2.9 GB
2025-01-05 20:11:02,599 Train INFO: eta: 1:33:16  iter: 9820  time: 0.1408 (0.1854)  data: 0.0238 (0.0753)  loss: 10.3668 (9.3193)  lr: 0.000100  max mem: 2.9 GB
2025-01-05 20:11:05,456 Train INFO: eta: 1:33:10  iter: 9840  time: 0.1431 (0.1854)  data: 0.0239 (0.0752)  loss: 10.1244 (9.3212)  lr: 0.000100  max mem: 2.9 GB
2025-01-05 20:11:08,347 Train INFO: eta: 1:33:04  iter: 9860  time: 0.1433 (0.1853)  data: 0.0235 (0.0751)  loss: 9.9993 (9.3220)  lr: 0.000100  max mem: 2.9 GB
2025-01-05 20:11:11,388 Train INFO: eta: 1:32:58  iter: 9880  time: 0.1475 (0.1852)  data: 0.0238 (0.0750)  loss: 9.1849 (9.3230)  lr: 0.000100  max mem: 2.9 GB
2025-01-05 20:11:14,394 Train INFO: eta: 1:32:52  iter: 9900  time: 0.1454 (0.1851)  data: 0.0231 (0.0749)  loss: 10.4247 (9.3256)  lr: 0.000100  max mem: 2.9 GB
2025-01-05 20:11:17,301 Train INFO: eta: 1:32:46  iter: 9920  time: 0.1468 (0.1851)  data: 0.0244 (0.0748)  loss: 9.9592 (9.3271)  lr: 0.000100  max mem: 2.9 GB
2025-01-05 20:11:20,126 Train INFO: eta: 1:32:40  iter: 9940  time: 0.1401 (0.1850)  data: 0.0242 (0.0747)  loss: 9.4994 (9.3268)  lr: 0.000100  max mem: 2.9 GB
2025-01-05 20:11:23,047 Train INFO: eta: 1:32:34  iter: 9960  time: 0.1457 (0.1849)  data: 0.0236 (0.0746)  loss: 9.6722 (9.3276)  lr: 0.000100  max mem: 2.9 GB
2025-01-05 20:11:25,967 Train INFO: eta: 1:32:27  iter: 9980  time: 0.1439 (0.1848)  data: 0.0233 (0.0745)  loss: 9.7309 (9.3281)  lr: 0.000100  max mem: 2.9 GB
2025-01-05 20:11:28,913 Train INFO: eta: 1:32:22  iter: 10000  time: 0.1470 (0.1847)  data: 0.0233 (0.0744)  loss: 8.8986 (9.3283)  lr: 0.000100  max mem: 2.9 GB
2025-01-05 20:11:29,029 Train INFO: Validation
2025-01-05 20:11:29,034 Train INFO: Begin extract
2025-01-05 20:12:29,090 Train INFO: Best iteration 10000: {'mean_average_precision_at_r': 0.5145166180906209, 'precision_at_1': 0.7835608740206935, 'r_precision': 0.542384924916081}
2025-01-05 20:12:31,844 Train INFO: eta: 1:35:15  iter: 10020  time: 0.1381 (0.1906)  data: 0.0236 (0.0803)  loss: 9.1872 (9.3285)  lr: 0.000100  max mem: 2.9 GB
2025-01-05 20:12:34,609 Train INFO: eta: 1:35:08  iter: 10040  time: 0.1380 (0.1905)  data: 0.0233 (0.0802)  loss: 8.8349 (9.3278)  lr: 0.000100  max mem: 2.9 GB
2025-01-05 20:12:37,364 Train INFO: eta: 1:35:01  iter: 10060  time: 0.1370 (0.1904)  data: 0.0231 (0.0801)  loss: 9.8457 (9.3296)  lr: 0.000100  max mem: 2.9 GB
2025-01-05 20:12:40,125 Train INFO: eta: 1:34:54  iter: 10080  time: 0.1377 (0.1903)  data: 0.0231 (0.0800)  loss: 8.4077 (9.3277)  lr: 0.000100  max mem: 2.9 GB
2025-01-05 20:12:42,831 Train INFO: eta: 1:34:47  iter: 10100  time: 0.1344 (0.1902)  data: 0.0241 (0.0799)  loss: 9.4962 (9.3287)  lr: 0.000100  max mem: 2.9 GB
2025-01-05 20:12:45,589 Train INFO: eta: 1:34:40  iter: 10120  time: 0.1372 (0.1901)  data: 0.0229 (0.0797)  loss: 8.9196 (9.3288)  lr: 0.000100  max mem: 2.9 GB
2025-01-05 20:12:48,329 Train INFO: eta: 1:34:33  iter: 10140  time: 0.1366 (0.1900)  data: 0.0225 (0.0796)  loss: 8.5132 (9.3276)  lr: 0.000100  max mem: 2.9 GB
2025-01-05 20:12:51,115 Train INFO: eta: 1:34:27  iter: 10160  time: 0.1379 (0.1899)  data: 0.0224 (0.0795)  loss: 8.7658 (9.3263)  lr: 0.000100  max mem: 2.9 GB
2025-01-05 20:12:53,887 Train INFO: eta: 1:34:20  iter: 10180  time: 0.1376 (0.1898)  data: 0.0226 (0.0794)  loss: 8.9374 (9.3261)  lr: 0.000100  max mem: 2.9 GB
2025-01-05 20:12:56,627 Train INFO: eta: 1:34:13  iter: 10200  time: 0.1363 (0.1897)  data: 0.0223 (0.0793)  loss: 8.2255 (9.3243)  lr: 0.000100  max mem: 2.9 GB
2025-01-05 20:12:59,372 Train INFO: eta: 1:34:06  iter: 10220  time: 0.1367 (0.1896)  data: 0.0226 (0.0792)  loss: 8.0996 (9.3221)  lr: 0.000100  max mem: 2.9 GB
2025-01-05 20:13:02,379 Train INFO: eta: 1:34:00  iter: 10240  time: 0.1384 (0.1895)  data: 0.0229 (0.0791)  loss: 8.3712 (9.3199)  lr: 0.000100  max mem: 2.9 GB
2025-01-05 20:13:05,120 Train INFO: eta: 1:33:53  iter: 10260  time: 0.1374 (0.1894)  data: 0.0226 (0.0790)  loss: 8.9039 (9.3192)  lr: 0.000100  max mem: 2.9 GB
2025-01-05 20:13:08,145 Train INFO: eta: 1:33:47  iter: 10280  time: 0.1360 (0.1894)  data: 0.0228 (0.0789)  loss: 9.8065 (9.3198)  lr: 0.000100  max mem: 2.9 GB
2025-01-05 20:13:10,831 Train INFO: eta: 1:33:40  iter: 10300  time: 0.1331 (0.1892)  data: 0.0226 (0.0787)  loss: 7.9008 (9.3160)  lr: 0.000100  max mem: 2.9 GB
2025-01-05 20:13:13,592 Train INFO: eta: 1:33:33  iter: 10320  time: 0.1369 (0.1891)  data: 0.0216 (0.0786)  loss: 8.8578 (9.3154)  lr: 0.000100  max mem: 2.9 GB
2025-01-05 20:13:16,311 Train INFO: eta: 1:33:27  iter: 10340  time: 0.1353 (0.1890)  data: 0.0213 (0.0785)  loss: 8.7001 (9.3140)  lr: 0.000100  max mem: 2.9 GB
2025-01-05 20:13:19,083 Train INFO: eta: 1:33:20  iter: 10360  time: 0.1356 (0.1889)  data: 0.0215 (0.0784)  loss: 7.8880 (9.3116)  lr: 0.000100  max mem: 2.9 GB
2025-01-05 20:13:21,816 Train INFO: eta: 1:33:13  iter: 10380  time: 0.1354 (0.1888)  data: 0.0212 (0.0783)  loss: 8.3933 (9.3111)  lr: 0.000100  max mem: 2.9 GB
2025-01-05 20:13:24,552 Train INFO: eta: 1:33:06  iter: 10400  time: 0.1353 (0.1887)  data: 0.0209 (0.0782)  loss: 8.4367 (9.3099)  lr: 0.000100  max mem: 2.9 GB
2025-01-05 20:13:27,253 Train INFO: eta: 1:33:00  iter: 10420  time: 0.1342 (0.1886)  data: 0.0209 (0.0781)  loss: 8.8092 (9.3096)  lr: 0.000100  max mem: 2.9 GB
2025-01-05 20:13:29,932 Train INFO: eta: 1:32:53  iter: 10440  time: 0.1338 (0.1885)  data: 0.0218 (0.0780)  loss: 8.7743 (9.3087)  lr: 0.000100  max mem: 2.9 GB
2025-01-05 20:13:32,573 Train INFO: eta: 1:32:46  iter: 10460  time: 0.1314 (0.1884)  data: 0.0219 (0.0779)  loss: 8.6423 (9.3076)  lr: 0.000100  max mem: 2.9 GB
2025-01-05 20:13:35,220 Train INFO: eta: 1:32:39  iter: 10480  time: 0.1326 (0.1883)  data: 0.0214 (0.0778)  loss: 7.6213 (9.3045)  lr: 0.000100  max mem: 2.9 GB
2025-01-05 20:13:38,330 Train INFO: eta: 1:32:33  iter: 10500  time: 0.1347 (0.1883)  data: 0.0210 (0.0777)  loss: 9.1259 (9.3039)  lr: 0.000100  max mem: 2.9 GB
2025-01-05 20:13:41,084 Train INFO: eta: 1:32:27  iter: 10520  time: 0.1372 (0.1882)  data: 0.0260 (0.0776)  loss: 8.6361 (9.3028)  lr: 0.000100  max mem: 2.9 GB
2025-01-05 20:13:43,864 Train INFO: eta: 1:32:20  iter: 10540  time: 0.1382 (0.1881)  data: 0.0258 (0.0775)  loss: 9.1834 (9.3032)  lr: 0.000100  max mem: 2.9 GB
2025-01-05 20:13:46,650 Train INFO: eta: 1:32:14  iter: 10560  time: 0.1389 (0.1880)  data: 0.0254 (0.0774)  loss: 10.7323 (9.3064)  lr: 0.000100  max mem: 2.9 GB
2025-01-05 20:13:49,406 Train INFO: eta: 1:32:07  iter: 10580  time: 0.1376 (0.1879)  data: 0.0263 (0.0773)  loss: 11.0269 (9.3099)  lr: 0.000100  max mem: 2.9 GB
2025-01-05 20:13:52,138 Train INFO: eta: 1:32:00  iter: 10600  time: 0.1347 (0.1878)  data: 0.0261 (0.0772)  loss: 11.4482 (9.3140)  lr: 0.000100  max mem: 2.9 GB
2025-01-05 20:13:54,908 Train INFO: eta: 1:31:54  iter: 10620  time: 0.1385 (0.1877)  data: 0.0252 (0.0771)  loss: 10.0493 (9.3160)  lr: 0.000100  max mem: 2.9 GB
2025-01-05 20:13:57,681 Train INFO: eta: 1:31:48  iter: 10640  time: 0.1377 (0.1876)  data: 0.0253 (0.0770)  loss: 10.1428 (9.3181)  lr: 0.000100  max mem: 2.9 GB
2025-01-05 20:14:00,428 Train INFO: eta: 1:31:41  iter: 10660  time: 0.1364 (0.1875)  data: 0.0249 (0.0769)  loss: 10.5848 (9.3211)  lr: 0.000100  max mem: 2.9 GB
2025-01-05 20:14:03,182 Train INFO: eta: 1:31:35  iter: 10680  time: 0.1373 (0.1874)  data: 0.0251 (0.0768)  loss: 10.6047 (9.3240)  lr: 0.000100  max mem: 2.9 GB
2025-01-05 20:14:05,971 Train INFO: eta: 1:31:28  iter: 10700  time: 0.1388 (0.1873)  data: 0.0254 (0.0767)  loss: 10.1574 (9.3263)  lr: 0.000100  max mem: 2.9 GB
2025-01-05 20:14:08,732 Train INFO: eta: 1:31:22  iter: 10720  time: 0.1372 (0.1872)  data: 0.0248 (0.0766)  loss: 11.2108 (9.3300)  lr: 0.000100  max mem: 2.9 GB
2025-01-05 20:14:11,487 Train INFO: eta: 1:31:15  iter: 10740  time: 0.1372 (0.1871)  data: 0.0247 (0.0765)  loss: 10.3994 (9.3321)  lr: 0.000100  max mem: 2.9 GB
2025-01-05 20:14:14,247 Train INFO: eta: 1:31:09  iter: 10760  time: 0.1378 (0.1871)  data: 0.0249 (0.0764)  loss: 10.9025 (9.3350)  lr: 0.000100  max mem: 2.9 GB
2025-01-05 20:14:16,992 Train INFO: eta: 1:31:02  iter: 10780  time: 0.1365 (0.1870)  data: 0.0245 (0.0763)  loss: 9.9638 (9.3372)  lr: 0.000100  max mem: 2.9 GB
2025-01-05 20:14:19,771 Train INFO: eta: 1:30:56  iter: 10800  time: 0.1385 (0.1869)  data: 0.0249 (0.0762)  loss: 10.6688 (9.3393)  lr: 0.000100  max mem: 2.9 GB
2025-01-05 20:14:22,525 Train INFO: eta: 1:30:50  iter: 10820  time: 0.1367 (0.1868)  data: 0.0246 (0.0761)  loss: 10.5706 (9.3416)  lr: 0.000100  max mem: 2.9 GB
2025-01-05 20:14:25,354 Train INFO: eta: 1:30:44  iter: 10840  time: 0.1417 (0.1867)  data: 0.0240 (0.0760)  loss: 10.5338 (9.3439)  lr: 0.000100  max mem: 2.9 GB
2025-01-05 20:14:28,154 Train INFO: eta: 1:30:37  iter: 10860  time: 0.1391 (0.1866)  data: 0.0236 (0.0759)  loss: 10.6460 (9.3461)  lr: 0.000100  max mem: 2.9 GB
2025-01-05 20:14:30,922 Train INFO: eta: 1:30:31  iter: 10880  time: 0.1377 (0.1865)  data: 0.0245 (0.0759)  loss: 9.8986 (9.3470)  lr: 0.000100  max mem: 2.9 GB
2025-01-05 20:14:33,684 Train INFO: eta: 1:30:25  iter: 10900  time: 0.1374 (0.1864)  data: 0.0247 (0.0758)  loss: 10.3249 (9.3493)  lr: 0.000100  max mem: 2.9 GB
2025-01-05 20:14:36,449 Train INFO: eta: 1:30:18  iter: 10920  time: 0.1378 (0.1863)  data: 0.0243 (0.0757)  loss: 10.0570 (9.3512)  lr: 0.000100  max mem: 2.9 GB
2025-01-05 20:14:39,178 Train INFO: eta: 1:30:12  iter: 10940  time: 0.1365 (0.1863)  data: 0.0253 (0.0756)  loss: 9.6688 (9.3521)  lr: 0.000100  max mem: 2.9 GB
2025-01-05 20:14:41,917 Train INFO: eta: 1:30:06  iter: 10960  time: 0.1364 (0.1862)  data: 0.0251 (0.0755)  loss: 9.9935 (9.3534)  lr: 0.000100  max mem: 2.9 GB
2025-01-05 20:14:44,615 Train INFO: eta: 1:29:59  iter: 10980  time: 0.1348 (0.1861)  data: 0.0253 (0.0754)  loss: 10.3204 (9.3553)  lr: 0.000100  max mem: 2.9 GB
2025-01-05 20:14:47,304 Train INFO: eta: 1:29:53  iter: 11000  time: 0.1336 (0.1860)  data: 0.0253 (0.0753)  loss: 10.0606 (9.3564)  lr: 0.000100  max mem: 2.9 GB
2025-01-05 20:14:47,405 Train INFO: Validation
2025-01-05 20:14:47,411 Train INFO: Begin extract
2025-01-05 20:15:42,773 Train INFO: Best iteration 11000: {'mean_average_precision_at_r': 0.5170226835713606, 'precision_at_1': 0.7851641268057254, 'r_precision': 0.5449415300833437}
2025-01-05 20:15:45,535 Train INFO: eta: 1:32:12  iter: 11020  time: 0.1372 (0.1909)  data: 0.0243 (0.0802)  loss: 9.9675 (9.3579)  lr: 0.000100  max mem: 2.9 GB
2025-01-05 20:15:48,272 Train INFO: eta: 1:32:06  iter: 11040  time: 0.1363 (0.1908)  data: 0.0240 (0.0801)  loss: 9.9077 (9.3590)  lr: 0.000100  max mem: 2.9 GB
2025-01-05 20:15:51,018 Train INFO: eta: 1:31:59  iter: 11060  time: 0.1365 (0.1907)  data: 0.0241 (0.0800)  loss: 8.9964 (9.3588)  lr: 0.000100  max mem: 2.9 GB
2025-01-05 20:15:53,770 Train INFO: eta: 1:31:53  iter: 11080  time: 0.1374 (0.1906)  data: 0.0239 (0.0799)  loss: 10.3656 (9.3604)  lr: 0.000100  max mem: 2.9 GB
2025-01-05 20:15:56,474 Train INFO: eta: 1:31:46  iter: 11100  time: 0.1355 (0.1905)  data: 0.0251 (0.0798)  loss: 10.8857 (9.3632)  lr: 0.000100  max mem: 2.9 GB
2025-01-05 20:15:59,185 Train INFO: eta: 1:31:39  iter: 11120  time: 0.1356 (0.1904)  data: 0.0242 (0.0797)  loss: 9.1020 (9.3622)  lr: 0.000100  max mem: 2.9 GB
2025-01-05 20:16:01,939 Train INFO: eta: 1:31:33  iter: 11140  time: 0.1371 (0.1903)  data: 0.0242 (0.0796)  loss: 10.0150 (9.3631)  lr: 0.000100  max mem: 2.9 GB
2025-01-05 20:16:04,702 Train INFO: eta: 1:31:26  iter: 11160  time: 0.1381 (0.1902)  data: 0.0237 (0.0795)  loss: 9.7873 (9.3645)  lr: 0.000100  max mem: 2.9 GB
2025-01-05 20:16:07,427 Train INFO: eta: 1:31:20  iter: 11180  time: 0.1357 (0.1901)  data: 0.0237 (0.0794)  loss: 9.1986 (9.3643)  lr: 0.000100  max mem: 2.9 GB
2025-01-05 20:16:10,153 Train INFO: eta: 1:31:13  iter: 11200  time: 0.1364 (0.1901)  data: 0.0245 (0.0793)  loss: 10.1423 (9.3654)  lr: 0.000100  max mem: 2.9 GB
2025-01-05 20:16:12,875 Train INFO: eta: 1:31:06  iter: 11220  time: 0.1354 (0.1900)  data: 0.0241 (0.0792)  loss: 9.2476 (9.3650)  lr: 0.000100  max mem: 2.9 GB
2025-01-05 20:16:15,596 Train INFO: eta: 1:31:00  iter: 11240  time: 0.1359 (0.1899)  data: 0.0242 (0.0791)  loss: 9.0690 (9.3646)  lr: 0.000100  max mem: 2.9 GB
2025-01-05 20:16:18,307 Train INFO: eta: 1:30:53  iter: 11260  time: 0.1354 (0.1898)  data: 0.0241 (0.0791)  loss: 9.3482 (9.3652)  lr: 0.000100  max mem: 2.9 GB
2025-01-05 20:16:21,047 Train INFO: eta: 1:30:47  iter: 11280  time: 0.1374 (0.1897)  data: 0.0242 (0.0790)  loss: 8.9460 (9.3658)  lr: 0.000100  max mem: 2.9 GB
2025-01-05 20:16:23,778 Train INFO: eta: 1:30:40  iter: 11300  time: 0.1360 (0.1896)  data: 0.0235 (0.0789)  loss: 8.8258 (9.3643)  lr: 0.000100  max mem: 2.9 GB
2025-01-05 20:16:26,464 Train INFO: eta: 1:30:34  iter: 11320  time: 0.1343 (0.1895)  data: 0.0239 (0.0788)  loss: 8.6804 (9.3630)  lr: 0.000100  max mem: 2.9 GB
2025-01-05 20:16:29,190 Train INFO: eta: 1:30:27  iter: 11340  time: 0.1350 (0.1894)  data: 0.0235 (0.0787)  loss: 9.9833 (9.3640)  lr: 0.000100  max mem: 2.9 GB
2025-01-05 20:16:31,909 Train INFO: eta: 1:30:21  iter: 11360  time: 0.1352 (0.1893)  data: 0.0233 (0.0786)  loss: 8.8834 (9.3637)  lr: 0.000100  max mem: 2.9 GB
2025-01-05 20:16:34,596 Train INFO: eta: 1:30:14  iter: 11380  time: 0.1338 (0.1892)  data: 0.0235 (0.0785)  loss: 7.9365 (9.3612)  lr: 0.000100  max mem: 2.9 GB
2025-01-05 20:16:37,288 Train INFO: eta: 1:30:08  iter: 11400  time: 0.1347 (0.1891)  data: 0.0235 (0.0784)  loss: 8.0102 (9.3587)  lr: 0.000100  max mem: 2.9 GB
2025-01-05 20:16:40,000 Train INFO: eta: 1:30:01  iter: 11420  time: 0.1355 (0.1890)  data: 0.0230 (0.0783)  loss: 9.4909 (9.3588)  lr: 0.000100  max mem: 2.9 GB
2025-01-05 20:16:42,737 Train INFO: eta: 1:29:55  iter: 11440  time: 0.1367 (0.1889)  data: 0.0226 (0.0782)  loss: 8.7010 (9.3579)  lr: 0.000100  max mem: 2.9 GB
2025-01-05 20:16:45,437 Train INFO: eta: 1:29:48  iter: 11460  time: 0.1342 (0.1888)  data: 0.0231 (0.0781)  loss: 8.8964 (9.3570)  lr: 0.000100  max mem: 2.9 GB
2025-01-05 20:16:48,120 Train INFO: eta: 1:29:42  iter: 11480  time: 0.1340 (0.1887)  data: 0.0230 (0.0780)  loss: 8.3180 (9.3558)  lr: 0.000100  max mem: 2.9 GB
2025-01-05 20:16:50,844 Train INFO: eta: 1:29:36  iter: 11500  time: 0.1365 (0.1886)  data: 0.0225 (0.0779)  loss: 8.7619 (9.3544)  lr: 0.000100  max mem: 2.9 GB
2025-01-05 20:16:53,546 Train INFO: eta: 1:29:29  iter: 11520  time: 0.1346 (0.1885)  data: 0.0224 (0.0778)  loss: 8.1435 (9.3527)  lr: 0.000100  max mem: 2.9 GB
2025-01-05 20:16:56,482 Train INFO: eta: 1:29:23  iter: 11540  time: 0.1353 (0.1885)  data: 0.0215 (0.0777)  loss: 7.9224 (9.3504)  lr: 0.000100  max mem: 2.9 GB
2025-01-05 20:16:59,226 Train INFO: eta: 1:29:17  iter: 11560  time: 0.1366 (0.1884)  data: 0.0212 (0.0776)  loss: 9.1506 (9.3502)  lr: 0.000100  max mem: 2.9 GB
2025-01-05 20:17:01,903 Train INFO: eta: 1:29:11  iter: 11580  time: 0.1332 (0.1883)  data: 0.0220 (0.0775)  loss: 8.5092 (9.3486)  lr: 0.000100  max mem: 2.9 GB
2025-01-05 20:17:04,662 Train INFO: eta: 1:29:04  iter: 11600  time: 0.1376 (0.1882)  data: 0.0218 (0.0774)  loss: 8.5111 (9.3476)  lr: 0.000100  max mem: 2.9 GB
2025-01-05 20:17:07,394 Train INFO: eta: 1:28:58  iter: 11620  time: 0.1350 (0.1881)  data: 0.0215 (0.0773)  loss: 7.9918 (9.3459)  lr: 0.000100  max mem: 2.9 GB
2025-01-05 20:17:10,126 Train INFO: eta: 1:28:52  iter: 11640  time: 0.1365 (0.1880)  data: 0.0209 (0.0772)  loss: 8.6843 (9.3449)  lr: 0.000100  max mem: 2.9 GB
2025-01-05 20:17:12,846 Train INFO: eta: 1:28:45  iter: 11660  time: 0.1353 (0.1879)  data: 0.0208 (0.0771)  loss: 8.7497 (9.3433)  lr: 0.000100  max mem: 2.9 GB
2025-01-05 20:17:15,837 Train INFO: eta: 1:28:40  iter: 11680  time: 0.1354 (0.1879)  data: 0.0241 (0.0770)  loss: 8.9709 (9.3429)  lr: 0.000100  max mem: 2.9 GB
2025-01-05 20:17:18,577 Train INFO: eta: 1:28:34  iter: 11700  time: 0.1363 (0.1878)  data: 0.0267 (0.0770)  loss: 7.7105 (9.3411)  lr: 0.000100  max mem: 2.9 GB
2025-01-05 20:17:21,305 Train INFO: eta: 1:28:27  iter: 11720  time: 0.1366 (0.1877)  data: 0.0268 (0.0769)  loss: 9.8542 (9.3424)  lr: 0.000100  max mem: 2.9 GB
2025-01-05 20:17:24,068 Train INFO: eta: 1:28:21  iter: 11740  time: 0.1371 (0.1876)  data: 0.0264 (0.0768)  loss: 10.2014 (9.3450)  lr: 0.000100  max mem: 2.9 GB
2025-01-05 20:17:26,805 Train INFO: eta: 1:28:15  iter: 11760  time: 0.1358 (0.1875)  data: 0.0261 (0.0767)  loss: 11.2829 (9.3487)  lr: 0.000100  max mem: 2.9 GB
2025-01-05 20:17:29,528 Train INFO: eta: 1:28:09  iter: 11780  time: 0.1355 (0.1874)  data: 0.0262 (0.0766)  loss: 11.8751 (9.3529)  lr: 0.000100  max mem: 2.9 GB
2025-01-05 20:17:32,228 Train INFO: eta: 1:28:03  iter: 11800  time: 0.1350 (0.1873)  data: 0.0261 (0.0765)  loss: 10.0872 (9.3543)  lr: 0.000100  max mem: 2.9 GB
2025-01-05 20:17:34,948 Train INFO: eta: 1:27:56  iter: 11820  time: 0.1351 (0.1873)  data: 0.0265 (0.0764)  loss: 11.8372 (9.3587)  lr: 0.000100  max mem: 2.9 GB
2025-01-05 20:17:37,653 Train INFO: eta: 1:27:50  iter: 11840  time: 0.1341 (0.1872)  data: 0.0260 (0.0764)  loss: 9.9855 (9.3603)  lr: 0.000100  max mem: 2.9 GB
2025-01-05 20:17:40,391 Train INFO: eta: 1:27:44  iter: 11860  time: 0.1363 (0.1871)  data: 0.0260 (0.0763)  loss: 11.7637 (9.3643)  lr: 0.000100  max mem: 2.9 GB
2025-01-05 20:17:43,137 Train INFO: eta: 1:27:38  iter: 11880  time: 0.1365 (0.1870)  data: 0.0261 (0.0762)  loss: 11.1720 (9.3675)  lr: 0.000100  max mem: 2.9 GB
2025-01-05 20:17:45,912 Train INFO: eta: 1:27:32  iter: 11900  time: 0.1382 (0.1869)  data: 0.0251 (0.0761)  loss: 9.3561 (9.3686)  lr: 0.000100  max mem: 2.9 GB
2025-01-05 20:17:48,677 Train INFO: eta: 1:27:26  iter: 11920  time: 0.1369 (0.1868)  data: 0.0254 (0.0760)  loss: 10.1710 (9.3697)  lr: 0.000100  max mem: 2.9 GB
2025-01-05 20:17:51,440 Train INFO: eta: 1:27:20  iter: 11940  time: 0.1372 (0.1868)  data: 0.0258 (0.0759)  loss: 10.2278 (9.3711)  lr: 0.000100  max mem: 2.9 GB
2025-01-05 20:17:54,204 Train INFO: eta: 1:27:14  iter: 11960  time: 0.1363 (0.1867)  data: 0.0252 (0.0759)  loss: 10.4878 (9.3736)  lr: 0.000100  max mem: 2.9 GB
2025-01-05 20:17:56,973 Train INFO: eta: 1:27:08  iter: 11980  time: 0.1382 (0.1866)  data: 0.0253 (0.0758)  loss: 10.7733 (9.3764)  lr: 0.000100  max mem: 2.9 GB
2025-01-05 20:17:59,665 Train INFO: eta: 1:27:02  iter: 12000  time: 0.1352 (0.1865)  data: 0.0252 (0.0757)  loss: 9.4058 (9.3772)  lr: 0.000100  max mem: 2.9 GB
2025-01-05 20:17:59,760 Train INFO: Validation
2025-01-05 20:17:59,765 Train INFO: Begin extract
2025-01-05 20:18:56,997 Train INFO: Best iteration 12000: {'mean_average_precision_at_r': 0.5193114873183745, 'precision_at_1': 0.786469868764669, 'r_precision': 0.5471494603853866}
2025-01-05 20:18:59,769 Train INFO: eta: 1:29:09  iter: 12020  time: 0.1376 (0.1912)  data: 0.0245 (0.0804)  loss: 10.5534 (9.3793)  lr: 0.000100  max mem: 2.9 GB
2025-01-05 20:19:02,572 Train INFO: eta: 1:29:03  iter: 12040  time: 0.1400 (0.1911)  data: 0.0246 (0.0803)  loss: 10.8790 (9.3822)  lr: 0.000100  max mem: 2.9 GB
2025-01-05 20:19:05,321 Train INFO: eta: 1:28:57  iter: 12060  time: 0.1367 (0.1910)  data: 0.0249 (0.0802)  loss: 9.3559 (9.3827)  lr: 0.000100  max mem: 2.9 GB
2025-01-05 20:19:08,068 Train INFO: eta: 1:28:50  iter: 12080  time: 0.1367 (0.1909)  data: 0.0259 (0.0801)  loss: 10.3432 (9.3843)  lr: 0.000100  max mem: 2.9 GB
2025-01-05 20:19:10,838 Train INFO: eta: 1:28:44  iter: 12100  time: 0.1380 (0.1908)  data: 0.0253 (0.0800)  loss: 11.0238 (9.3870)  lr: 0.000100  max mem: 2.9 GB
2025-01-05 20:19:13,541 Train INFO: eta: 1:28:38  iter: 12120  time: 0.1347 (0.1908)  data: 0.0256 (0.0799)  loss: 9.3064 (9.3864)  lr: 0.000100  max mem: 2.9 GB
2025-01-05 20:19:16,279 Train INFO: eta: 1:28:31  iter: 12140  time: 0.1361 (0.1907)  data: 0.0250 (0.0798)  loss: 10.8154 (9.3884)  lr: 0.000100  max mem: 2.9 GB
2025-01-05 20:19:19,152 Train INFO: eta: 1:28:26  iter: 12160  time: 0.1336 (0.1906)  data: 0.0256 (0.0797)  loss: 8.9556 (9.3881)  lr: 0.000100  max mem: 2.9 GB
2025-01-05 20:19:21,955 Train INFO: eta: 1:28:19  iter: 12180  time: 0.1391 (0.1905)  data: 0.0241 (0.0796)  loss: 10.8776 (9.3903)  lr: 0.000100  max mem: 2.9 GB
2025-01-05 20:19:24,710 Train INFO: eta: 1:28:13  iter: 12200  time: 0.1376 (0.1904)  data: 0.0248 (0.0796)  loss: 9.4670 (9.3904)  lr: 0.000100  max mem: 2.9 GB
2025-01-05 20:19:27,447 Train INFO: eta: 1:28:07  iter: 12220  time: 0.1352 (0.1903)  data: 0.0249 (0.0795)  loss: 9.3388 (9.3907)  lr: 0.000100  max mem: 2.9 GB
2025-01-05 20:19:30,152 Train INFO: eta: 1:28:01  iter: 12240  time: 0.1346 (0.1902)  data: 0.0250 (0.0794)  loss: 9.2849 (9.3909)  lr: 0.000100  max mem: 2.9 GB
2025-01-05 20:19:32,883 Train INFO: eta: 1:27:54  iter: 12260  time: 0.1366 (0.1902)  data: 0.0241 (0.0793)  loss: 8.3668 (9.3903)  lr: 0.000100  max mem: 2.9 GB
2025-01-05 20:19:35,639 Train INFO: eta: 1:27:48  iter: 12280  time: 0.1377 (0.1901)  data: 0.0234 (0.0792)  loss: 9.0115 (9.3897)  lr: 0.000100  max mem: 2.9 GB
2025-01-05 20:19:38,403 Train INFO: eta: 1:27:42  iter: 12300  time: 0.1378 (0.1900)  data: 0.0231 (0.0791)  loss: 10.4099 (9.3914)  lr: 0.000100  max mem: 2.9 GB
2025-01-05 20:19:41,140 Train INFO: eta: 1:27:36  iter: 12320  time: 0.1366 (0.1899)  data: 0.0247 (0.0790)  loss: 9.6496 (9.3923)  lr: 0.000100  max mem: 2.9 GB
2025-01-05 20:19:43,845 Train INFO: eta: 1:27:30  iter: 12340  time: 0.1349 (0.1898)  data: 0.0245 (0.0789)  loss: 9.1230 (9.3921)  lr: 0.000100  max mem: 2.9 GB
2025-01-05 20:19:46,567 Train INFO: eta: 1:27:23  iter: 12360  time: 0.1355 (0.1897)  data: 0.0246 (0.0788)  loss: 9.1889 (9.3918)  lr: 0.000100  max mem: 2.9 GB
2025-01-05 20:19:49,368 Train INFO: eta: 1:27:17  iter: 12380  time: 0.1340 (0.1896)  data: 0.0243 (0.0788)  loss: 8.5472 (9.3905)  lr: 0.000100  max mem: 2.9 GB
2025-01-05 20:19:52,131 Train INFO: eta: 1:27:11  iter: 12400  time: 0.1371 (0.1896)  data: 0.0246 (0.0787)  loss: 9.4750 (9.3919)  lr: 0.000100  max mem: 2.9 GB
2025-01-05 20:19:54,872 Train INFO: eta: 1:27:05  iter: 12420  time: 0.1362 (0.1895)  data: 0.0231 (0.0786)  loss: 8.5597 (9.3906)  lr: 0.000100  max mem: 2.9 GB
2025-01-05 20:19:57,616 Train INFO: eta: 1:26:59  iter: 12440  time: 0.1365 (0.1894)  data: 0.0233 (0.0785)  loss: 9.8231 (9.3907)  lr: 0.000100  max mem: 2.9 GB
2025-01-05 20:20:00,381 Train INFO: eta: 1:26:53  iter: 12460  time: 0.1357 (0.1893)  data: 0.0231 (0.0784)  loss: 8.0883 (9.3890)  lr: 0.000100  max mem: 2.9 GB
2025-01-05 20:20:03,148 Train INFO: eta: 1:26:47  iter: 12480  time: 0.1371 (0.1892)  data: 0.0230 (0.0783)  loss: 8.2653 (9.3880)  lr: 0.000100  max mem: 2.9 GB
2025-01-05 20:20:05,927 Train INFO: eta: 1:26:41  iter: 12500  time: 0.1380 (0.1891)  data: 0.0225 (0.0782)  loss: 9.4113 (9.3878)  lr: 0.000100  max mem: 2.9 GB
2025-01-05 20:20:08,669 Train INFO: eta: 1:26:35  iter: 12520  time: 0.1373 (0.1891)  data: 0.0228 (0.0781)  loss: 8.6773 (9.3872)  lr: 0.000100  max mem: 2.9 GB
2025-01-05 20:20:11,421 Train INFO: eta: 1:26:29  iter: 12540  time: 0.1372 (0.1890)  data: 0.0226 (0.0780)  loss: 8.4349 (9.3862)  lr: 0.000100  max mem: 2.9 GB
2025-01-05 20:20:14,144 Train INFO: eta: 1:26:23  iter: 12560  time: 0.1352 (0.1889)  data: 0.0228 (0.0780)  loss: 8.5768 (9.3858)  lr: 0.000100  max mem: 2.9 GB
2025-01-05 20:20:16,902 Train INFO: eta: 1:26:17  iter: 12580  time: 0.1378 (0.1888)  data: 0.0223 (0.0779)  loss: 8.1054 (9.3843)  lr: 0.000100  max mem: 2.9 GB
2025-01-05 20:20:19,719 Train INFO: eta: 1:26:11  iter: 12600  time: 0.1408 (0.1887)  data: 0.0210 (0.0778)  loss: 8.5177 (9.3833)  lr: 0.000100  max mem: 2.9 GB
2025-01-05 20:20:22,502 Train INFO: eta: 1:26:05  iter: 12620  time: 0.1392 (0.1887)  data: 0.0221 (0.0777)  loss: 7.7758 (9.3810)  lr: 0.000100  max mem: 2.9 GB
2025-01-05 20:20:25,213 Train INFO: eta: 1:25:59  iter: 12640  time: 0.1355 (0.1886)  data: 0.0229 (0.0776)  loss: 8.6832 (9.3799)  lr: 0.000100  max mem: 2.9 GB
2025-01-05 20:20:27,914 Train INFO: eta: 1:25:53  iter: 12660  time: 0.1350 (0.1885)  data: 0.0224 (0.0775)  loss: 8.3398 (9.3786)  lr: 0.000100  max mem: 2.9 GB
2025-01-05 20:20:30,643 Train INFO: eta: 1:25:47  iter: 12680  time: 0.1354 (0.1884)  data: 0.0225 (0.0774)  loss: 8.7616 (9.3778)  lr: 0.000100  max mem: 2.9 GB
2025-01-05 20:20:33,348 Train INFO: eta: 1:25:41  iter: 12700  time: 0.1345 (0.1883)  data: 0.0224 (0.0773)  loss: 7.3597 (9.3755)  lr: 0.000100  max mem: 2.9 GB
2025-01-05 20:20:36,038 Train INFO: eta: 1:25:35  iter: 12720  time: 0.1340 (0.1882)  data: 0.0221 (0.0773)  loss: 8.7260 (9.3747)  lr: 0.000100  max mem: 2.9 GB
2025-01-05 20:20:38,763 Train INFO: eta: 1:25:29  iter: 12740  time: 0.1361 (0.1882)  data: 0.0222 (0.0772)  loss: 8.4572 (9.3738)  lr: 0.000100  max mem: 2.9 GB
2025-01-05 20:20:41,506 Train INFO: eta: 1:25:23  iter: 12760  time: 0.1356 (0.1881)  data: 0.0219 (0.0771)  loss: 8.4237 (9.3725)  lr: 0.000100  max mem: 2.9 GB
2025-01-05 20:20:44,227 Train INFO: eta: 1:25:17  iter: 12780  time: 0.1348 (0.1880)  data: 0.0206 (0.0770)  loss: 7.3195 (9.3702)  lr: 0.000100  max mem: 2.9 GB
2025-01-05 20:20:46,974 Train INFO: eta: 1:25:11  iter: 12800  time: 0.1371 (0.1879)  data: 0.0205 (0.0769)  loss: 8.3209 (9.3693)  lr: 0.000100  max mem: 2.9 GB
2025-01-05 20:20:49,702 Train INFO: eta: 1:25:05  iter: 12820  time: 0.1357 (0.1878)  data: 0.0202 (0.0768)  loss: 8.6034 (9.3680)  lr: 0.000100  max mem: 2.9 GB
2025-01-05 20:20:52,743 Train INFO: eta: 1:25:00  iter: 12840  time: 0.1366 (0.1878)  data: 0.0202 (0.0768)  loss: 7.9272 (9.3668)  lr: 0.000100  max mem: 2.9 GB
2025-01-05 20:20:55,724 Train INFO: eta: 1:24:54  iter: 12860  time: 0.1406 (0.1877)  data: 0.0254 (0.0767)  loss: 8.4176 (9.3657)  lr: 0.000100  max mem: 2.9 GB
2025-01-05 20:20:58,532 Train INFO: eta: 1:24:49  iter: 12880  time: 0.1399 (0.1877)  data: 0.0257 (0.0766)  loss: 8.5558 (9.3648)  lr: 0.000100  max mem: 2.9 GB
2025-01-05 20:21:01,335 Train INFO: eta: 1:24:43  iter: 12900  time: 0.1389 (0.1876)  data: 0.0246 (0.0765)  loss: 10.6442 (9.3667)  lr: 0.000100  max mem: 2.9 GB
2025-01-05 20:21:04,122 Train INFO: eta: 1:24:37  iter: 12920  time: 0.1381 (0.1875)  data: 0.0248 (0.0764)  loss: 11.5200 (9.3700)  lr: 0.000100  max mem: 2.9 GB
2025-01-05 20:21:06,893 Train INFO: eta: 1:24:31  iter: 12940  time: 0.1382 (0.1874)  data: 0.0249 (0.0764)  loss: 11.3737 (9.3737)  lr: 0.000100  max mem: 2.9 GB
2025-01-05 20:21:09,675 Train INFO: eta: 1:24:26  iter: 12960  time: 0.1389 (0.1874)  data: 0.0252 (0.0763)  loss: 10.5988 (9.3760)  lr: 0.000100  max mem: 2.9 GB
2025-01-05 20:21:12,462 Train INFO: eta: 1:24:20  iter: 12980  time: 0.1396 (0.1873)  data: 0.0252 (0.0762)  loss: 10.1282 (9.3777)  lr: 0.000100  max mem: 2.9 GB
2025-01-05 20:21:15,235 Train INFO: eta: 1:24:14  iter: 13000  time: 0.1391 (0.1872)  data: 0.0255 (0.0761)  loss: 10.4799 (9.3792)  lr: 0.000100  max mem: 2.9 GB
2025-01-05 20:21:15,338 Train INFO: Validation
2025-01-05 20:21:15,343 Train INFO: Begin extract
2025-01-05 20:22:10,287 Train INFO: Performance at iteration 013000: {'mean_average_precision_at_r': 0.5181193000212947, 'precision_at_1': 0.7868665498661201, 'r_precision': 0.5461387166049823}
2025-01-05 20:22:13,072 Train INFO: eta: 1:26:02  iter: 13020  time: 0.1393 (0.1914)  data: 0.0262 (0.0803)  loss: 11.2722 (9.3820)  lr: 0.000100  max mem: 2.9 GB
2025-01-05 20:22:15,825 Train INFO: eta: 1:25:56  iter: 13040  time: 0.1366 (0.1913)  data: 0.0262 (0.0802)  loss: 10.3118 (9.3838)  lr: 0.000100  max mem: 2.9 GB
2025-01-05 20:22:18,607 Train INFO: eta: 1:25:50  iter: 13060  time: 0.1386 (0.1912)  data: 0.0259 (0.0801)  loss: 11.0075 (9.3859)  lr: 0.000100  max mem: 2.9 GB
2025-01-05 20:22:21,414 Train INFO: eta: 1:25:44  iter: 13080  time: 0.1396 (0.1911)  data: 0.0253 (0.0800)  loss: 10.7011 (9.3876)  lr: 0.000100  max mem: 2.9 GB
2025-01-05 20:22:24,238 Train INFO: eta: 1:25:39  iter: 13100  time: 0.1402 (0.1910)  data: 0.0249 (0.0799)  loss: 10.2000 (9.3889)  lr: 0.000100  max mem: 2.9 GB
2025-01-05 20:22:27,029 Train INFO: eta: 1:25:33  iter: 13120  time: 0.1373 (0.1910)  data: 0.0254 (0.0799)  loss: 9.7249 (9.3892)  lr: 0.000100  max mem: 2.9 GB
2025-01-05 20:22:29,873 Train INFO: eta: 1:25:27  iter: 13140  time: 0.1399 (0.1909)  data: 0.0253 (0.0798)  loss: 10.8958 (9.3916)  lr: 0.000100  max mem: 2.9 GB
2025-01-05 20:22:32,669 Train INFO: eta: 1:25:21  iter: 13160  time: 0.1382 (0.1908)  data: 0.0247 (0.0797)  loss: 9.7480 (9.3927)  lr: 0.000100  max mem: 2.9 GB
2025-01-05 20:22:35,497 Train INFO: eta: 1:25:15  iter: 13180  time: 0.1400 (0.1907)  data: 0.0252 (0.0796)  loss: 10.2391 (9.3940)  lr: 0.000100  max mem: 2.9 GB
2025-01-05 20:22:38,318 Train INFO: eta: 1:25:09  iter: 13200  time: 0.1400 (0.1907)  data: 0.0246 (0.0795)  loss: 10.1374 (9.3962)  lr: 0.000100  max mem: 2.9 GB
2025-01-05 20:22:41,057 Train INFO: eta: 1:25:03  iter: 13220  time: 0.1365 (0.1906)  data: 0.0250 (0.0794)  loss: 9.1028 (9.3960)  lr: 0.000100  max mem: 2.9 GB
2025-01-05 20:22:43,862 Train INFO: eta: 1:24:57  iter: 13240  time: 0.1395 (0.1905)  data: 0.0247 (0.0794)  loss: 9.5990 (9.3968)  lr: 0.000100  max mem: 2.9 GB
2025-01-05 20:22:46,652 Train INFO: eta: 1:24:52  iter: 13260  time: 0.1377 (0.1904)  data: 0.0254 (0.0793)  loss: 9.9002 (9.3979)  lr: 0.000100  max mem: 2.9 GB
2025-01-05 20:22:49,426 Train INFO: eta: 1:24:46  iter: 13280  time: 0.1381 (0.1904)  data: 0.0251 (0.0792)  loss: 9.5751 (9.3983)  lr: 0.000100  max mem: 2.9 GB
2025-01-05 20:22:52,199 Train INFO: eta: 1:24:40  iter: 13300  time: 0.1382 (0.1903)  data: 0.0249 (0.0791)  loss: 10.0506 (9.3999)  lr: 0.000100  max mem: 2.9 GB
2025-01-05 20:22:54,976 Train INFO: eta: 1:24:34  iter: 13320  time: 0.1378 (0.1902)  data: 0.0249 (0.0790)  loss: 10.2524 (9.4013)  lr: 0.000100  max mem: 2.9 GB
2025-01-05 20:22:57,772 Train INFO: eta: 1:24:28  iter: 13340  time: 0.1391 (0.1901)  data: 0.0240 (0.0790)  loss: 9.4065 (9.4019)  lr: 0.000100  max mem: 2.9 GB
2025-01-05 20:23:00,541 Train INFO: eta: 1:24:22  iter: 13360  time: 0.1380 (0.1900)  data: 0.0243 (0.0789)  loss: 9.2141 (9.4020)  lr: 0.000100  max mem: 2.9 GB
2025-01-05 20:23:03,334 Train INFO: eta: 1:24:16  iter: 13380  time: 0.1398 (0.1900)  data: 0.0241 (0.0788)  loss: 10.1642 (9.4036)  lr: 0.000100  max mem: 2.9 GB
2025-01-05 20:23:06,172 Train INFO: eta: 1:24:11  iter: 13400  time: 0.1403 (0.1899)  data: 0.0228 (0.0787)  loss: 8.8348 (9.4030)  lr: 0.000100  max mem: 2.9 GB
2025-01-05 20:23:09,035 Train INFO: eta: 1:24:05  iter: 13420  time: 0.1419 (0.1898)  data: 0.0239 (0.0786)  loss: 9.7845 (9.4041)  lr: 0.000100  max mem: 2.9 GB
2025-01-05 20:23:11,804 Train INFO: eta: 1:23:59  iter: 13440  time: 0.1373 (0.1897)  data: 0.0241 (0.0785)  loss: 8.6865 (9.4036)  lr: 0.000100  max mem: 2.9 GB
2025-01-05 20:23:14,595 Train INFO: eta: 1:23:53  iter: 13460  time: 0.1387 (0.1897)  data: 0.0236 (0.0785)  loss: 9.2310 (9.4041)  lr: 0.000100  max mem: 2.9 GB
2025-01-05 20:23:17,352 Train INFO: eta: 1:23:48  iter: 13480  time: 0.1360 (0.1896)  data: 0.0242 (0.0784)  loss: 9.5129 (9.4049)  lr: 0.000100  max mem: 2.9 GB
2025-01-05 20:23:20,088 Train INFO: eta: 1:23:42  iter: 13500  time: 0.1372 (0.1895)  data: 0.0237 (0.0783)  loss: 8.5056 (9.4038)  lr: 0.000100  max mem: 2.9 GB
2025-01-05 20:23:22,878 Train INFO: eta: 1:23:36  iter: 13520  time: 0.1382 (0.1894)  data: 0.0243 (0.0782)  loss: 9.2943 (9.4038)  lr: 0.000100  max mem: 2.9 GB
2025-01-05 20:23:25,627 Train INFO: eta: 1:23:30  iter: 13540  time: 0.1361 (0.1894)  data: 0.0239 (0.0781)  loss: 8.9506 (9.4031)  lr: 0.000100  max mem: 2.9 GB
2025-01-05 20:23:28,364 Train INFO: eta: 1:23:24  iter: 13560  time: 0.1362 (0.1893)  data: 0.0241 (0.0781)  loss: 9.3340 (9.4036)  lr: 0.000100  max mem: 2.9 GB
2025-01-05 20:23:31,105 Train INFO: eta: 1:23:19  iter: 13580  time: 0.1369 (0.1892)  data: 0.0239 (0.0780)  loss: 9.1084 (9.4030)  lr: 0.000100  max mem: 2.9 GB
2025-01-05 20:23:33,841 Train INFO: eta: 1:23:13  iter: 13600  time: 0.1353 (0.1891)  data: 0.0238 (0.0779)  loss: 9.2133 (9.4031)  lr: 0.000100  max mem: 2.9 GB
2025-01-05 20:23:36,606 Train INFO: eta: 1:23:07  iter: 13620  time: 0.1384 (0.1891)  data: 0.0233 (0.0778)  loss: 8.8213 (9.4023)  lr: 0.000100  max mem: 2.9 GB
2025-01-05 20:23:39,332 Train INFO: eta: 1:23:01  iter: 13640  time: 0.1344 (0.1890)  data: 0.0236 (0.0777)  loss: 8.2636 (9.4010)  lr: 0.000100  max mem: 2.9 GB
2025-01-05 20:23:42,071 Train INFO: eta: 1:22:55  iter: 13660  time: 0.1365 (0.1889)  data: 0.0236 (0.0777)  loss: 9.0932 (9.4006)  lr: 0.000100  max mem: 2.9 GB
2025-01-05 20:23:44,804 Train INFO: eta: 1:22:50  iter: 13680  time: 0.1354 (0.1888)  data: 0.0235 (0.0776)  loss: 8.5659 (9.3997)  lr: 0.000100  max mem: 2.9 GB
2025-01-05 20:23:47,521 Train INFO: eta: 1:22:44  iter: 13700  time: 0.1348 (0.1888)  data: 0.0235 (0.0775)  loss: 7.9011 (9.3980)  lr: 0.000100  max mem: 2.9 GB
2025-01-05 20:23:50,270 Train INFO: eta: 1:22:38  iter: 13720  time: 0.1367 (0.1887)  data: 0.0230 (0.0774)  loss: 8.4562 (9.3968)  lr: 0.000100  max mem: 2.9 GB
2025-01-05 20:23:53,014 Train INFO: eta: 1:22:32  iter: 13740  time: 0.1366 (0.1886)  data: 0.0229 (0.0773)  loss: 7.8644 (9.3946)  lr: 0.000100  max mem: 2.9 GB
2025-01-05 20:23:55,780 Train INFO: eta: 1:22:27  iter: 13760  time: 0.1375 (0.1885)  data: 0.0227 (0.0773)  loss: 8.6005 (9.3940)  lr: 0.000100  max mem: 2.9 GB
2025-01-05 20:23:58,547 Train INFO: eta: 1:22:21  iter: 13780  time: 0.1372 (0.1885)  data: 0.0224 (0.0772)  loss: 8.4893 (9.3928)  lr: 0.000100  max mem: 2.9 GB
2025-01-05 20:24:01,310 Train INFO: eta: 1:22:15  iter: 13800  time: 0.1369 (0.1884)  data: 0.0219 (0.0771)  loss: 8.3895 (9.3912)  lr: 0.000100  max mem: 2.9 GB
2025-01-05 20:24:04,027 Train INFO: eta: 1:22:09  iter: 13820  time: 0.1348 (0.1883)  data: 0.0226 (0.0770)  loss: 7.7204 (9.3891)  lr: 0.000100  max mem: 2.9 GB
2025-01-05 20:24:06,759 Train INFO: eta: 1:22:04  iter: 13840  time: 0.1353 (0.1882)  data: 0.0222 (0.0770)  loss: 8.5307 (9.3880)  lr: 0.000100  max mem: 2.9 GB
2025-01-05 20:24:09,491 Train INFO: eta: 1:21:58  iter: 13860  time: 0.1354 (0.1882)  data: 0.0223 (0.0769)  loss: 8.1009 (9.3868)  lr: 0.000100  max mem: 2.9 GB
2025-01-05 20:24:12,211 Train INFO: eta: 1:21:52  iter: 13880  time: 0.1351 (0.1881)  data: 0.0217 (0.0768)  loss: 7.5359 (9.3841)  lr: 0.000100  max mem: 2.9 GB
2025-01-05 20:24:14,943 Train INFO: eta: 1:21:47  iter: 13900  time: 0.1358 (0.1880)  data: 0.0219 (0.0767)  loss: 8.9481 (9.3838)  lr: 0.000100  max mem: 2.9 GB
2025-01-05 20:24:17,667 Train INFO: eta: 1:21:41  iter: 13920  time: 0.1344 (0.1879)  data: 0.0218 (0.0766)  loss: 8.4265 (9.3827)  lr: 0.000100  max mem: 2.9 GB
2025-01-05 20:24:20,399 Train INFO: eta: 1:21:35  iter: 13940  time: 0.1361 (0.1879)  data: 0.0218 (0.0766)  loss: 8.2485 (9.3812)  lr: 0.000100  max mem: 2.9 GB
2025-01-05 20:24:23,268 Train INFO: eta: 1:21:30  iter: 13960  time: 0.1367 (0.1878)  data: 0.0215 (0.0765)  loss: 8.0707 (9.3792)  lr: 0.000100  max mem: 2.9 GB
2025-01-05 20:24:25,973 Train INFO: eta: 1:21:24  iter: 13980  time: 0.1336 (0.1877)  data: 0.0215 (0.0764)  loss: 8.4663 (9.3776)  lr: 0.000100  max mem: 2.9 GB
2025-01-05 20:24:28,709 Train INFO: eta: 1:21:18  iter: 14000  time: 0.1352 (0.1877)  data: 0.0202 (0.0763)  loss: 8.4889 (9.3766)  lr: 0.000100  max mem: 2.9 GB
2025-01-05 20:24:28,831 Train INFO: Validation
2025-01-05 20:24:28,836 Train INFO: Begin extract
2025-01-05 20:25:27,060 Train INFO: Performance at iteration 014000: {'mean_average_precision_at_r': 0.5168607920652849, 'precision_at_1': 0.7855938646656309, 'r_precision': 0.5447942223941364}
2025-01-05 20:25:30,202 Train INFO: eta: 1:23:02  iter: 14020  time: 0.1428 (0.1918)  data: 0.0233 (0.0804)  loss: 8.4898 (9.3755)  lr: 0.000100  max mem: 2.9 GB
2025-01-05 20:25:33,104 Train INFO: eta: 1:22:56  iter: 14040  time: 0.1443 (0.1917)  data: 0.0244 (0.0803)  loss: 9.1835 (9.3749)  lr: 0.000100  max mem: 2.9 GB
2025-01-05 20:25:35,978 Train INFO: eta: 1:22:51  iter: 14060  time: 0.1441 (0.1916)  data: 0.0239 (0.0803)  loss: 9.7054 (9.3759)  lr: 0.000100  max mem: 2.9 GB
2025-01-05 20:25:38,797 Train INFO: eta: 1:22:45  iter: 14080  time: 0.1408 (0.1916)  data: 0.0245 (0.0802)  loss: 10.2550 (9.3770)  lr: 0.000100  max mem: 2.9 GB
2025-01-05 20:25:41,581 Train INFO: eta: 1:22:39  iter: 14100  time: 0.1387 (0.1915)  data: 0.0251 (0.0801)  loss: 11.1628 (9.3800)  lr: 0.000100  max mem: 2.9 GB
2025-01-05 20:25:44,371 Train INFO: eta: 1:22:33  iter: 14120  time: 0.1383 (0.1914)  data: 0.0261 (0.0800)  loss: 10.5579 (9.3813)  lr: 0.000100  max mem: 2.9 GB
2025-01-05 20:25:47,172 Train INFO: eta: 1:22:28  iter: 14140  time: 0.1391 (0.1913)  data: 0.0256 (0.0800)  loss: 11.0813 (9.3835)  lr: 0.000100  max mem: 2.9 GB
2025-01-05 20:25:49,962 Train INFO: eta: 1:22:22  iter: 14160  time: 0.1397 (0.1913)  data: 0.0260 (0.0799)  loss: 10.5058 (9.3854)  lr: 0.000100  max mem: 2.9 GB
2025-01-05 20:25:52,756 Train INFO: eta: 1:22:16  iter: 14180  time: 0.1395 (0.1912)  data: 0.0256 (0.0798)  loss: 10.6492 (9.3870)  lr: 0.000100  max mem: 2.9 GB
2025-01-05 20:25:55,576 Train INFO: eta: 1:22:11  iter: 14200  time: 0.1405 (0.1911)  data: 0.0253 (0.0797)  loss: 10.3856 (9.3888)  lr: 0.000100  max mem: 2.9 GB
2025-01-05 20:25:58,396 Train INFO: eta: 1:22:05  iter: 14220  time: 0.1411 (0.1911)  data: 0.0253 (0.0796)  loss: 10.1307 (9.3902)  lr: 0.000100  max mem: 2.9 GB
2025-01-05 20:26:01,216 Train INFO: eta: 1:21:59  iter: 14240  time: 0.1419 (0.1910)  data: 0.0254 (0.0796)  loss: 9.8661 (9.3910)  lr: 0.000100  max mem: 2.9 GB
2025-01-05 20:26:04,004 Train INFO: eta: 1:21:54  iter: 14260  time: 0.1380 (0.1909)  data: 0.0257 (0.0795)  loss: 11.6032 (9.3940)  lr: 0.000100  max mem: 2.9 GB
2025-01-05 20:26:06,844 Train INFO: eta: 1:21:48  iter: 14280  time: 0.1401 (0.1908)  data: 0.0247 (0.0794)  loss: 10.2489 (9.3954)  lr: 0.000100  max mem: 2.9 GB
2025-01-05 20:26:09,652 Train INFO: eta: 1:21:42  iter: 14300  time: 0.1397 (0.1908)  data: 0.0244 (0.0793)  loss: 9.9186 (9.3965)  lr: 0.000100  max mem: 2.9 GB
2025-01-05 20:26:12,466 Train INFO: eta: 1:21:37  iter: 14320  time: 0.1395 (0.1907)  data: 0.0247 (0.0793)  loss: 9.8317 (9.3973)  lr: 0.000100  max mem: 2.9 GB
2025-01-05 20:26:15,302 Train INFO: eta: 1:21:31  iter: 14340  time: 0.1421 (0.1906)  data: 0.0250 (0.0792)  loss: 10.4851 (9.3993)  lr: 0.000100  max mem: 2.9 GB
2025-01-05 20:26:18,196 Train INFO: eta: 1:21:26  iter: 14360  time: 0.1435 (0.1906)  data: 0.0245 (0.0791)  loss: 9.3083 (9.3992)  lr: 0.000100  max mem: 2.9 GB
2025-01-05 20:26:21,034 Train INFO: eta: 1:21:20  iter: 14380  time: 0.1406 (0.1905)  data: 0.0249 (0.0790)  loss: 9.9416 (9.4002)  lr: 0.000100  max mem: 2.9 GB
2025-01-05 20:26:23,837 Train INFO: eta: 1:21:15  iter: 14400  time: 0.1393 (0.1904)  data: 0.0247 (0.0790)  loss: 10.0055 (9.4015)  lr: 0.000100  max mem: 2.9 GB
2025-01-05 20:26:26,632 Train INFO: eta: 1:21:09  iter: 14420  time: 0.1398 (0.1904)  data: 0.0250 (0.0789)  loss: 9.7131 (9.4022)  lr: 0.000100  max mem: 2.9 GB
2025-01-05 20:26:29,427 Train INFO: eta: 1:21:03  iter: 14440  time: 0.1389 (0.1903)  data: 0.0249 (0.0788)  loss: 9.2705 (9.4022)  lr: 0.000100  max mem: 2.9 GB
2025-01-05 20:26:32,220 Train INFO: eta: 1:20:58  iter: 14460  time: 0.1382 (0.1902)  data: 0.0245 (0.0787)  loss: 9.6842 (9.4031)  lr: 0.000100  max mem: 2.9 GB
2025-01-05 20:26:35,017 Train INFO: eta: 1:20:52  iter: 14480  time: 0.1397 (0.1902)  data: 0.0247 (0.0787)  loss: 10.3088 (9.4041)  lr: 0.000100  max mem: 2.9 GB
2025-01-05 20:26:37,814 Train INFO: eta: 1:20:47  iter: 14500  time: 0.1382 (0.1901)  data: 0.0247 (0.0786)  loss: 9.6321 (9.4046)  lr: 0.000100  max mem: 2.9 GB
2025-01-05 20:26:40,604 Train INFO: eta: 1:20:41  iter: 14520  time: 0.1380 (0.1900)  data: 0.0244 (0.0785)  loss: 9.7402 (9.4052)  lr: 0.000100  max mem: 2.9 GB
2025-01-05 20:26:43,384 Train INFO: eta: 1:20:36  iter: 14540  time: 0.1386 (0.1899)  data: 0.0247 (0.0784)  loss: 9.1102 (9.4049)  lr: 0.000100  max mem: 2.9 GB
2025-01-05 20:26:46,177 Train INFO: eta: 1:20:30  iter: 14560  time: 0.1396 (0.1899)  data: 0.0247 (0.0784)  loss: 9.4753 (9.4046)  lr: 0.000100  max mem: 2.9 GB
2025-01-05 20:26:49,152 Train INFO: eta: 1:20:25  iter: 14580  time: 0.1387 (0.1898)  data: 0.0238 (0.0783)  loss: 9.9569 (9.4059)  lr: 0.000100  max mem: 2.9 GB
2025-01-05 20:26:51,949 Train INFO: eta: 1:20:19  iter: 14600  time: 0.1382 (0.1898)  data: 0.0237 (0.0782)  loss: 9.0747 (9.4060)  lr: 0.000100  max mem: 2.9 GB
2025-01-05 20:26:54,723 Train INFO: eta: 1:20:14  iter: 14620  time: 0.1378 (0.1897)  data: 0.0245 (0.0781)  loss: 9.7430 (9.4067)  lr: 0.000100  max mem: 2.9 GB
2025-01-05 20:26:57,475 Train INFO: eta: 1:20:08  iter: 14640  time: 0.1369 (0.1896)  data: 0.0245 (0.0781)  loss: 9.3483 (9.4068)  lr: 0.000100  max mem: 2.9 GB
2025-01-05 20:27:00,238 Train INFO: eta: 1:20:02  iter: 14660  time: 0.1378 (0.1895)  data: 0.0245 (0.0780)  loss: 8.1102 (9.4055)  lr: 0.000100  max mem: 2.9 GB
2025-01-05 20:27:03,053 Train INFO: eta: 1:19:57  iter: 14680  time: 0.1385 (0.1895)  data: 0.0244 (0.0779)  loss: 9.6084 (9.4056)  lr: 0.000100  max mem: 2.9 GB
2025-01-05 20:27:05,836 Train INFO: eta: 1:19:51  iter: 14700  time: 0.1393 (0.1894)  data: 0.0232 (0.0779)  loss: 9.0115 (9.4053)  lr: 0.000100  max mem: 2.9 GB
2025-01-05 20:27:08,658 Train INFO: eta: 1:19:46  iter: 14720  time: 0.1411 (0.1893)  data: 0.0227 (0.0778)  loss: 9.5409 (9.4053)  lr: 0.000100  max mem: 2.9 GB
2025-01-05 20:27:11,473 Train INFO: eta: 1:19:41  iter: 14740  time: 0.1400 (0.1893)  data: 0.0236 (0.0777)  loss: 9.2782 (9.4054)  lr: 0.000100  max mem: 2.9 GB
2025-01-05 20:27:14,298 Train INFO: eta: 1:19:35  iter: 14760  time: 0.1408 (0.1892)  data: 0.0238 (0.0776)  loss: 9.0134 (9.4048)  lr: 0.000100  max mem: 2.9 GB
2025-01-05 20:27:17,073 Train INFO: eta: 1:19:30  iter: 14780  time: 0.1389 (0.1891)  data: 0.0235 (0.0776)  loss: 8.7754 (9.4042)  lr: 0.000100  max mem: 2.9 GB
2025-01-05 20:27:19,830 Train INFO: eta: 1:19:24  iter: 14800  time: 0.1377 (0.1891)  data: 0.0235 (0.0775)  loss: 9.0566 (9.4040)  lr: 0.000100  max mem: 2.9 GB
2025-01-05 20:27:22,602 Train INFO: eta: 1:19:19  iter: 14820  time: 0.1379 (0.1890)  data: 0.0226 (0.0774)  loss: 7.9740 (9.4023)  lr: 0.000100  max mem: 2.9 GB
2025-01-05 20:27:25,436 Train INFO: eta: 1:19:13  iter: 14840  time: 0.1408 (0.1889)  data: 0.0217 (0.0773)  loss: 9.8974 (9.4024)  lr: 0.000100  max mem: 2.9 GB
2025-01-05 20:27:28,183 Train INFO: eta: 1:19:08  iter: 14860  time: 0.1354 (0.1889)  data: 0.0229 (0.0773)  loss: 7.3746 (9.4003)  lr: 0.000100  max mem: 2.9 GB
2025-01-05 20:27:30,950 Train INFO: eta: 1:19:02  iter: 14880  time: 0.1382 (0.1888)  data: 0.0234 (0.0772)  loss: 9.3341 (9.4005)  lr: 0.000100  max mem: 2.9 GB
2025-01-05 20:27:33,700 Train INFO: eta: 1:18:57  iter: 14900  time: 0.1378 (0.1887)  data: 0.0227 (0.0771)  loss: 8.3269 (9.3988)  lr: 0.000100  max mem: 2.9 GB
2025-01-05 20:27:36,508 Train INFO: eta: 1:18:51  iter: 14920  time: 0.1397 (0.1887)  data: 0.0226 (0.0770)  loss: 8.5792 (9.3978)  lr: 0.000100  max mem: 2.9 GB
2025-01-05 20:27:39,366 Train INFO: eta: 1:18:46  iter: 14940  time: 0.1409 (0.1886)  data: 0.0221 (0.0770)  loss: 7.6343 (9.3956)  lr: 0.000100  max mem: 2.9 GB
2025-01-05 20:27:42,266 Train INFO: eta: 1:18:41  iter: 14960  time: 0.1427 (0.1885)  data: 0.0221 (0.0769)  loss: 8.6017 (9.3947)  lr: 0.000100  max mem: 2.9 GB
2025-01-05 20:27:45,207 Train INFO: eta: 1:18:36  iter: 14980  time: 0.1386 (0.1885)  data: 0.0224 (0.0768)  loss: 7.8309 (9.3931)  lr: 0.000100  max mem: 2.9 GB
2025-01-05 20:27:47,956 Train INFO: eta: 1:18:30  iter: 15000  time: 0.1370 (0.1884)  data: 0.0223 (0.0768)  loss: 8.6108 (9.3924)  lr: 0.000100  max mem: 2.9 GB
2025-01-05 20:27:48,068 Train INFO: Validation
2025-01-05 20:27:48,072 Train INFO: Begin extract
2025-01-05 20:28:44,514 Train INFO: Performance at iteration 015000: {'mean_average_precision_at_r': 0.5172894702355046, 'precision_at_1': 0.7859244322501735, 'r_precision': 0.5450010113793955}
2025-01-05 20:28:47,312 Train INFO: eta: 1:19:59  iter: 15020  time: 0.1401 (0.1921)  data: 0.0210 (0.0804)  loss: 7.3731 (9.3902)  lr: 0.000100  max mem: 2.9 GB
2025-01-05 20:28:50,211 Train INFO: eta: 1:19:53  iter: 15040  time: 0.1438 (0.1921)  data: 0.0203 (0.0804)  loss: 8.4640 (9.3890)  lr: 0.000100  max mem: 2.9 GB
2025-01-05 20:28:53,056 Train INFO: eta: 1:19:48  iter: 15060  time: 0.1406 (0.1920)  data: 0.0199 (0.0803)  loss: 8.6508 (9.3879)  lr: 0.000100  max mem: 2.9 GB
2025-01-05 20:28:55,890 Train INFO: eta: 1:19:42  iter: 15080  time: 0.1406 (0.1919)  data: 0.0203 (0.0802)  loss: 7.7625 (9.3864)  lr: 0.000100  max mem: 2.9 GB
2025-01-05 20:28:58,692 Train INFO: eta: 1:19:37  iter: 15100  time: 0.1391 (0.1919)  data: 0.0197 (0.0801)  loss: 8.2781 (9.3850)  lr: 0.000100  max mem: 2.9 GB
2025-01-05 20:29:01,491 Train INFO: eta: 1:19:31  iter: 15120  time: 0.1389 (0.1918)  data: 0.0203 (0.0800)  loss: 8.3808 (9.3838)  lr: 0.000100  max mem: 2.9 GB
2025-01-05 20:29:04,241 Train INFO: eta: 1:19:26  iter: 15140  time: 0.1371 (0.1917)  data: 0.0212 (0.0800)  loss: 8.0210 (9.3823)  lr: 0.000100  max mem: 2.9 GB
2025-01-05 20:29:06,973 Train INFO: eta: 1:19:20  iter: 15160  time: 0.1359 (0.1916)  data: 0.0211 (0.0799)  loss: 8.3830 (9.3810)  lr: 0.000100  max mem: 2.9 GB
2025-01-05 20:29:09,974 Train INFO: eta: 1:19:15  iter: 15180  time: 0.1361 (0.1916)  data: 0.0207 (0.0798)  loss: 7.9456 (9.3790)  lr: 0.000100  max mem: 2.9 GB
2025-01-05 20:29:12,796 Train INFO: eta: 1:19:09  iter: 15200  time: 0.1393 (0.1915)  data: 0.0260 (0.0798)  loss: 8.7145 (9.3787)  lr: 0.000100  max mem: 2.9 GB
2025-01-05 20:29:15,576 Train INFO: eta: 1:19:04  iter: 15220  time: 0.1380 (0.1915)  data: 0.0263 (0.0797)  loss: 8.5537 (9.3775)  lr: 0.000100  max mem: 2.9 GB
2025-01-05 20:29:18,367 Train INFO: eta: 1:18:58  iter: 15240  time: 0.1393 (0.1914)  data: 0.0258 (0.0796)  loss: 10.8881 (9.3794)  lr: 0.000100  max mem: 2.9 GB
2025-01-05 20:29:21,328 Train INFO: eta: 1:18:53  iter: 15260  time: 0.1414 (0.1913)  data: 0.0255 (0.0796)  loss: 10.8956 (9.3818)  lr: 0.000100  max mem: 2.9 GB
2025-01-05 20:29:24,103 Train INFO: eta: 1:18:48  iter: 15280  time: 0.1386 (0.1913)  data: 0.0258 (0.0795)  loss: 10.3585 (9.3837)  lr: 0.000100  max mem: 2.9 GB
2025-01-05 20:29:26,926 Train INFO: eta: 1:18:42  iter: 15300  time: 0.1402 (0.1912)  data: 0.0259 (0.0794)  loss: 10.7119 (9.3855)  lr: 0.000100  max mem: 2.9 GB
2025-01-05 20:29:29,717 Train INFO: eta: 1:18:37  iter: 15320  time: 0.1388 (0.1911)  data: 0.0260 (0.0793)  loss: 9.8275 (9.3860)  lr: 0.000100  max mem: 2.9 GB
2025-01-05 20:29:32,503 Train INFO: eta: 1:18:31  iter: 15340  time: 0.1393 (0.1911)  data: 0.0257 (0.0793)  loss: 10.6461 (9.3878)  lr: 0.000100  max mem: 2.9 GB
2025-01-05 20:29:35,274 Train INFO: eta: 1:18:26  iter: 15360  time: 0.1385 (0.1910)  data: 0.0257 (0.0792)  loss: 9.8823 (9.3887)  lr: 0.000100  max mem: 2.9 GB
2025-01-05 20:29:38,054 Train INFO: eta: 1:18:20  iter: 15380  time: 0.1383 (0.1909)  data: 0.0259 (0.0791)  loss: 11.8950 (9.3914)  lr: 0.000100  max mem: 2.9 GB
2025-01-05 20:29:40,858 Train INFO: eta: 1:18:15  iter: 15400  time: 0.1387 (0.1909)  data: 0.0255 (0.0791)  loss: 10.2137 (9.3922)  lr: 0.000100  max mem: 2.9 GB
2025-01-05 20:29:43,666 Train INFO: eta: 1:18:09  iter: 15420  time: 0.1396 (0.1908)  data: 0.0260 (0.0790)  loss: 10.3427 (9.3933)  lr: 0.000100  max mem: 2.9 GB
2025-01-05 20:29:46,430 Train INFO: eta: 1:18:04  iter: 15440  time: 0.1377 (0.1907)  data: 0.0260 (0.0789)  loss: 10.0871 (9.3944)  lr: 0.000100  max mem: 2.9 GB
2025-01-05 20:29:49,232 Train INFO: eta: 1:17:58  iter: 15460  time: 0.1384 (0.1907)  data: 0.0258 (0.0789)  loss: 10.4386 (9.3962)  lr: 0.000100  max mem: 2.9 GB
2025-01-05 20:29:52,016 Train INFO: eta: 1:17:53  iter: 15480  time: 0.1379 (0.1906)  data: 0.0254 (0.0788)  loss: 9.5700 (9.3967)  lr: 0.000100  max mem: 2.9 GB
2025-01-05 20:29:54,842 Train INFO: eta: 1:17:48  iter: 15500  time: 0.1396 (0.1905)  data: 0.0244 (0.0787)  loss: 9.8870 (9.3978)  lr: 0.000100  max mem: 2.9 GB
2025-01-05 20:29:57,619 Train INFO: eta: 1:17:42  iter: 15520  time: 0.1387 (0.1905)  data: 0.0249 (0.0786)  loss: 9.1196 (9.3976)  lr: 0.000100  max mem: 2.9 GB
2025-01-05 20:30:00,390 Train INFO: eta: 1:17:37  iter: 15540  time: 0.1384 (0.1904)  data: 0.0253 (0.0786)  loss: 10.1240 (9.3986)  lr: 0.000100  max mem: 2.9 GB
2025-01-05 20:30:03,148 Train INFO: eta: 1:17:31  iter: 15560  time: 0.1364 (0.1903)  data: 0.0250 (0.0785)  loss: 9.2429 (9.3989)  lr: 0.000100  max mem: 2.9 GB
2025-01-05 20:30:05,928 Train INFO: eta: 1:17:26  iter: 15580  time: 0.1383 (0.1903)  data: 0.0251 (0.0784)  loss: 10.1355 (9.4001)  lr: 0.000100  max mem: 2.9 GB
2025-01-05 20:30:08,708 Train INFO: eta: 1:17:20  iter: 15600  time: 0.1387 (0.1902)  data: 0.0249 (0.0784)  loss: 10.3809 (9.4015)  lr: 0.000100  max mem: 2.9 GB
2025-01-05 20:30:11,509 Train INFO: eta: 1:17:15  iter: 15620  time: 0.1397 (0.1901)  data: 0.0250 (0.0783)  loss: 9.8436 (9.4020)  lr: 0.000100  max mem: 2.9 GB
2025-01-05 20:30:14,312 Train INFO: eta: 1:17:10  iter: 15640  time: 0.1401 (0.1901)  data: 0.0242 (0.0782)  loss: 9.1024 (9.4015)  lr: 0.000100  max mem: 2.9 GB
2025-01-05 20:30:17,099 Train INFO: eta: 1:17:04  iter: 15660  time: 0.1393 (0.1900)  data: 0.0246 (0.0782)  loss: 10.0107 (9.4020)  lr: 0.000100  max mem: 2.9 GB
2025-01-05 20:30:19,942 Train INFO: eta: 1:16:59  iter: 15680  time: 0.1398 (0.1899)  data: 0.0238 (0.0781)  loss: 8.4161 (9.4022)  lr: 0.000100  max mem: 2.9 GB
2025-01-05 20:30:22,733 Train INFO: eta: 1:16:54  iter: 15700  time: 0.1392 (0.1899)  data: 0.0249 (0.0780)  loss: 10.2405 (9.4034)  lr: 0.000100  max mem: 2.9 GB
2025-01-05 20:30:25,540 Train INFO: eta: 1:16:48  iter: 15720  time: 0.1401 (0.1898)  data: 0.0242 (0.0780)  loss: 9.4249 (9.4034)  lr: 0.000100  max mem: 2.9 GB
2025-01-05 20:30:28,352 Train INFO: eta: 1:16:43  iter: 15740  time: 0.1391 (0.1898)  data: 0.0234 (0.0779)  loss: 8.6135 (9.4029)  lr: 0.000100  max mem: 2.9 GB
2025-01-05 20:30:31,156 Train INFO: eta: 1:16:38  iter: 15760  time: 0.1397 (0.1897)  data: 0.0240 (0.0778)  loss: 10.1212 (9.4041)  lr: 0.000100  max mem: 2.9 GB
2025-01-05 20:30:33,936 Train INFO: eta: 1:16:32  iter: 15780  time: 0.1375 (0.1896)  data: 0.0238 (0.0778)  loss: 9.1543 (9.4038)  lr: 0.000100  max mem: 2.9 GB
2025-01-05 20:30:36,701 Train INFO: eta: 1:16:27  iter: 15800  time: 0.1377 (0.1896)  data: 0.0245 (0.0777)  loss: 8.4624 (9.4030)  lr: 0.000100  max mem: 2.9 GB
2025-01-05 20:30:39,494 Train INFO: eta: 1:16:22  iter: 15820  time: 0.1394 (0.1895)  data: 0.0241 (0.0776)  loss: 9.7359 (9.4034)  lr: 0.000100  max mem: 2.9 GB
2025-01-05 20:30:42,259 Train INFO: eta: 1:16:16  iter: 15840  time: 0.1377 (0.1894)  data: 0.0244 (0.0776)  loss: 9.4804 (9.4033)  lr: 0.000100  max mem: 2.9 GB
2025-01-05 20:30:45,016 Train INFO: eta: 1:16:11  iter: 15860  time: 0.1374 (0.1894)  data: 0.0242 (0.0775)  loss: 9.6876 (9.4037)  lr: 0.000100  max mem: 2.9 GB
2025-01-05 20:30:47,788 Train INFO: eta: 1:16:06  iter: 15880  time: 0.1377 (0.1893)  data: 0.0242 (0.0774)  loss: 8.6025 (9.4032)  lr: 0.000100  max mem: 2.9 GB
2025-01-05 20:30:50,543 Train INFO: eta: 1:16:00  iter: 15900  time: 0.1366 (0.1892)  data: 0.0238 (0.0774)  loss: 9.0251 (9.4025)  lr: 0.000100  max mem: 2.9 GB
2025-01-05 20:30:53,292 Train INFO: eta: 1:15:55  iter: 15920  time: 0.1377 (0.1892)  data: 0.0240 (0.0773)  loss: 8.5945 (9.4011)  lr: 0.000100  max mem: 2.9 GB
2025-01-05 20:30:56,055 Train INFO: eta: 1:15:50  iter: 15940  time: 0.1375 (0.1891)  data: 0.0235 (0.0772)  loss: 8.5010 (9.4003)  lr: 0.000100  max mem: 2.9 GB
2025-01-05 20:30:58,850 Train INFO: eta: 1:15:44  iter: 15960  time: 0.1386 (0.1891)  data: 0.0238 (0.0772)  loss: 8.6883 (9.3996)  lr: 0.000100  max mem: 2.9 GB
2025-01-05 20:31:01,638 Train INFO: eta: 1:15:39  iter: 15980  time: 0.1390 (0.1890)  data: 0.0231 (0.0771)  loss: 8.9573 (9.3992)  lr: 0.000100  max mem: 2.9 GB
2025-01-05 20:31:04,405 Train INFO: eta: 1:15:34  iter: 16000  time: 0.1378 (0.1889)  data: 0.0232 (0.0770)  loss: 8.2184 (9.3981)  lr: 0.000100  max mem: 2.9 GB
2025-01-05 20:31:04,504 Train INFO: Validation
2025-01-05 20:31:04,509 Train INFO: Begin extract
2025-01-05 20:32:03,054 Train INFO: Performance at iteration 016000: {'mean_average_precision_at_r': 0.5193016134426889, 'precision_at_1': 0.786469868764669, 'r_precision': 0.5471350958405107}
2025-01-05 20:32:05,888 Train INFO: eta: 1:16:56  iter: 16020  time: 0.1412 (0.1925)  data: 0.0213 (0.0806)  loss: 8.8399 (9.3973)  lr: 0.000100  max mem: 2.9 GB
2025-01-05 20:32:08,719 Train INFO: eta: 1:16:51  iter: 16040  time: 0.1411 (0.1925)  data: 0.0219 (0.0805)  loss: 8.0152 (9.3960)  lr: 0.000100  max mem: 2.9 GB
2025-01-05 20:32:11,536 Train INFO: eta: 1:16:46  iter: 16060  time: 0.1408 (0.1924)  data: 0.0214 (0.0805)  loss: 9.1020 (9.3953)  lr: 0.000100  max mem: 2.9 GB
2025-01-05 20:32:14,388 Train INFO: eta: 1:16:40  iter: 16080  time: 0.1420 (0.1923)  data: 0.0213 (0.0804)  loss: 8.4269 (9.3941)  lr: 0.000100  max mem: 2.9 GB
2025-01-05 20:32:17,176 Train INFO: eta: 1:16:35  iter: 16100  time: 0.1394 (0.1923)  data: 0.0214 (0.0803)  loss: 7.2119 (9.3914)  lr: 0.000100  max mem: 2.9 GB
2025-01-05 20:32:19,935 Train INFO: eta: 1:16:29  iter: 16120  time: 0.1377 (0.1922)  data: 0.0229 (0.0802)  loss: 8.8362 (9.3904)  lr: 0.000100  max mem: 2.9 GB
2025-01-05 20:32:22,719 Train INFO: eta: 1:16:24  iter: 16140  time: 0.1395 (0.1921)  data: 0.0217 (0.0802)  loss: 8.3571 (9.3890)  lr: 0.000100  max mem: 2.9 GB
2025-01-05 20:32:25,524 Train INFO: eta: 1:16:19  iter: 16160  time: 0.1400 (0.1921)  data: 0.0207 (0.0801)  loss: 8.7223 (9.3878)  lr: 0.000100  max mem: 2.9 GB
2025-01-05 20:32:28,339 Train INFO: eta: 1:16:13  iter: 16180  time: 0.1395 (0.1920)  data: 0.0203 (0.0800)  loss: 9.3418 (9.3879)  lr: 0.000100  max mem: 2.9 GB
2025-01-05 20:32:31,129 Train INFO: eta: 1:16:08  iter: 16200  time: 0.1389 (0.1919)  data: 0.0204 (0.0800)  loss: 7.1488 (9.3856)  lr: 0.000100  max mem: 2.9 GB
2025-01-05 20:32:33,973 Train INFO: eta: 1:16:03  iter: 16220  time: 0.1413 (0.1919)  data: 0.0202 (0.0799)  loss: 8.1964 (9.3845)  lr: 0.000100  max mem: 2.9 GB
2025-01-05 20:32:36,750 Train INFO: eta: 1:15:57  iter: 16240  time: 0.1385 (0.1918)  data: 0.0206 (0.0798)  loss: 7.7878 (9.3826)  lr: 0.000100  max mem: 2.9 GB
2025-01-05 20:32:39,533 Train INFO: eta: 1:15:52  iter: 16260  time: 0.1386 (0.1918)  data: 0.0212 (0.0797)  loss: 8.5386 (9.3815)  lr: 0.000100  max mem: 2.9 GB
2025-01-05 20:32:42,329 Train INFO: eta: 1:15:46  iter: 16280  time: 0.1396 (0.1917)  data: 0.0198 (0.0797)  loss: 8.4453 (9.3805)  lr: 0.000100  max mem: 2.9 GB
2025-01-05 20:32:45,155 Train INFO: eta: 1:15:41  iter: 16300  time: 0.1411 (0.1916)  data: 0.0195 (0.0796)  loss: 7.7083 (9.3786)  lr: 0.000100  max mem: 2.9 GB
2025-01-05 20:32:48,007 Train INFO: eta: 1:15:36  iter: 16320  time: 0.1421 (0.1916)  data: 0.0194 (0.0795)  loss: 8.7155 (9.3782)  lr: 0.000100  max mem: 2.9 GB
2025-01-05 20:32:50,861 Train INFO: eta: 1:15:31  iter: 16340  time: 0.1422 (0.1915)  data: 0.0191 (0.0794)  loss: 8.1517 (9.3769)  lr: 0.000100  max mem: 2.9 GB
2025-01-05 20:32:54,208 Train INFO: eta: 1:15:26  iter: 16360  time: 0.1434 (0.1915)  data: 0.0236 (0.0794)  loss: 7.3161 (9.3745)  lr: 0.000100  max mem: 2.9 GB
2025-01-05 20:32:57,219 Train INFO: eta: 1:15:21  iter: 16380  time: 0.1489 (0.1914)  data: 0.0245 (0.0793)  loss: 8.3246 (9.3737)  lr: 0.000100  max mem: 2.9 GB
2025-01-05 20:33:00,121 Train INFO: eta: 1:15:16  iter: 16400  time: 0.1435 (0.1914)  data: 0.0246 (0.0793)  loss: 9.6757 (9.3743)  lr: 0.000100  max mem: 2.9 GB
2025-01-05 20:33:02,997 Train INFO: eta: 1:15:11  iter: 16420  time: 0.1433 (0.1913)  data: 0.0246 (0.0792)  loss: 10.9801 (9.3765)  lr: 0.000100  max mem: 2.9 GB
2025-01-05 20:33:05,899 Train INFO: eta: 1:15:06  iter: 16440  time: 0.1435 (0.1913)  data: 0.0249 (0.0791)  loss: 11.0763 (9.3784)  lr: 0.000100  max mem: 2.9 GB
2025-01-05 20:33:08,775 Train INFO: eta: 1:15:00  iter: 16460  time: 0.1429 (0.1912)  data: 0.0244 (0.0791)  loss: 10.7033 (9.3803)  lr: 0.000100  max mem: 2.9 GB
2025-01-05 20:33:11,645 Train INFO: eta: 1:14:55  iter: 16480  time: 0.1421 (0.1911)  data: 0.0240 (0.0790)  loss: 10.1548 (9.3812)  lr: 0.000100  max mem: 2.9 GB
2025-01-05 20:33:14,499 Train INFO: eta: 1:14:50  iter: 16500  time: 0.1424 (0.1911)  data: 0.0238 (0.0789)  loss: 10.6051 (9.3831)  lr: 0.000100  max mem: 2.9 GB
2025-01-05 20:33:17,400 Train INFO: eta: 1:14:45  iter: 16520  time: 0.1423 (0.1910)  data: 0.0230 (0.0789)  loss: 11.2179 (9.3852)  lr: 0.000100  max mem: 2.9 GB
2025-01-05 20:33:20,268 Train INFO: eta: 1:14:40  iter: 16540  time: 0.1431 (0.1910)  data: 0.0240 (0.0788)  loss: 9.3631 (9.3857)  lr: 0.000100  max mem: 2.9 GB
2025-01-05 20:33:23,154 Train INFO: eta: 1:14:35  iter: 16560  time: 0.1431 (0.1909)  data: 0.0237 (0.0787)  loss: 10.3592 (9.3868)  lr: 0.000100  max mem: 2.9 GB
2025-01-05 20:33:26,052 Train INFO: eta: 1:14:29  iter: 16580  time: 0.1428 (0.1909)  data: 0.0234 (0.0787)  loss: 9.9762 (9.3880)  lr: 0.000100  max mem: 2.9 GB
2025-01-05 20:33:28,918 Train INFO: eta: 1:14:24  iter: 16600  time: 0.1417 (0.1908)  data: 0.0235 (0.0786)  loss: 9.2948 (9.3882)  lr: 0.000100  max mem: 2.9 GB
2025-01-05 20:33:31,772 Train INFO: eta: 1:14:19  iter: 16620  time: 0.1412 (0.1907)  data: 0.0235 (0.0785)  loss: 9.9295 (9.3892)  lr: 0.000100  max mem: 2.9 GB
2025-01-05 20:33:34,628 Train INFO: eta: 1:14:14  iter: 16640  time: 0.1428 (0.1907)  data: 0.0235 (0.0785)  loss: 10.5071 (9.3904)  lr: 0.000100  max mem: 2.9 GB
2025-01-05 20:33:37,452 Train INFO: eta: 1:14:09  iter: 16660  time: 0.1407 (0.1906)  data: 0.0233 (0.0784)  loss: 10.0241 (9.3914)  lr: 0.000100  max mem: 2.9 GB
2025-01-05 20:33:40,341 Train INFO: eta: 1:14:04  iter: 16680  time: 0.1443 (0.1906)  data: 0.0237 (0.0783)  loss: 10.0624 (9.3925)  lr: 0.000100  max mem: 2.9 GB
2025-01-05 20:33:43,249 Train INFO: eta: 1:13:59  iter: 16700  time: 0.1445 (0.1905)  data: 0.0232 (0.0783)  loss: 10.8322 (9.3945)  lr: 0.000100  max mem: 2.9 GB
2025-01-05 20:33:46,126 Train INFO: eta: 1:13:53  iter: 16720  time: 0.1434 (0.1905)  data: 0.0229 (0.0782)  loss: 10.1623 (9.3955)  lr: 0.000100  max mem: 2.9 GB
2025-01-05 20:33:49,004 Train INFO: eta: 1:13:48  iter: 16740  time: 0.1417 (0.1904)  data: 0.0230 (0.0781)  loss: 8.9901 (9.3954)  lr: 0.000100  max mem: 2.9 GB
2025-01-05 20:33:51,876 Train INFO: eta: 1:13:43  iter: 16760  time: 0.1433 (0.1904)  data: 0.0226 (0.0781)  loss: 9.2827 (9.3956)  lr: 0.000100  max mem: 2.9 GB
2025-01-05 20:33:54,743 Train INFO: eta: 1:13:38  iter: 16780  time: 0.1428 (0.1903)  data: 0.0236 (0.0780)  loss: 10.1762 (9.3965)  lr: 0.000100  max mem: 2.9 GB
2025-01-05 20:33:57,564 Train INFO: eta: 1:13:33  iter: 16800  time: 0.1395 (0.1902)  data: 0.0231 (0.0779)  loss: 9.9616 (9.3969)  lr: 0.000100  max mem: 2.9 GB
2025-01-05 20:34:00,402 Train INFO: eta: 1:13:28  iter: 16820  time: 0.1416 (0.1902)  data: 0.0229 (0.0779)  loss: 10.3975 (9.3977)  lr: 0.000100  max mem: 2.9 GB
2025-01-05 20:34:03,269 Train INFO: eta: 1:13:23  iter: 16840  time: 0.1419 (0.1901)  data: 0.0231 (0.0778)  loss: 9.6267 (9.3981)  lr: 0.000100  max mem: 2.9 GB
2025-01-05 20:34:06,153 Train INFO: eta: 1:13:18  iter: 16860  time: 0.1431 (0.1901)  data: 0.0232 (0.0778)  loss: 9.1814 (9.3981)  lr: 0.000100  max mem: 2.9 GB
2025-01-05 20:34:09,020 Train INFO: eta: 1:13:13  iter: 16880  time: 0.1428 (0.1900)  data: 0.0229 (0.0777)  loss: 8.7208 (9.3975)  lr: 0.000100  max mem: 2.9 GB
2025-01-05 20:34:11,854 Train INFO: eta: 1:13:08  iter: 16900  time: 0.1408 (0.1900)  data: 0.0231 (0.0776)  loss: 9.3015 (9.3979)  lr: 0.000100  max mem: 2.9 GB
2025-01-05 20:34:14,768 Train INFO: eta: 1:13:03  iter: 16920  time: 0.1443 (0.1899)  data: 0.0229 (0.0776)  loss: 9.9200 (9.3988)  lr: 0.000100  max mem: 2.9 GB
2025-01-05 20:34:17,617 Train INFO: eta: 1:12:57  iter: 16940  time: 0.1421 (0.1898)  data: 0.0232 (0.0775)  loss: 9.9651 (9.3995)  lr: 0.000100  max mem: 2.9 GB
2025-01-05 20:34:20,455 Train INFO: eta: 1:12:52  iter: 16960  time: 0.1418 (0.1898)  data: 0.0228 (0.0774)  loss: 9.8648 (9.4001)  lr: 0.000100  max mem: 2.9 GB
2025-01-05 20:34:23,186 Train INFO: eta: 1:12:47  iter: 16980  time: 0.1360 (0.1897)  data: 0.0242 (0.0774)  loss: 8.4295 (9.3992)  lr: 0.000100  max mem: 2.9 GB
2025-01-05 20:34:25,931 Train INFO: eta: 1:12:42  iter: 17000  time: 0.1371 (0.1897)  data: 0.0245 (0.0773)  loss: 9.4538 (9.3994)  lr: 0.000100  max mem: 2.9 GB
2025-01-05 20:34:26,043 Train INFO: Validation
2025-01-05 20:34:26,047 Train INFO: Begin extract
2025-01-05 20:35:19,166 Train INFO: Best iteration 17000: {'mean_average_precision_at_r': 0.5227174495703493, 'precision_at_1': 0.7886681432018776, 'r_precision': 0.5502280141192905}
2025-01-05 20:35:22,048 Train INFO: eta: 1:13:49  iter: 17020  time: 0.1400 (0.1927)  data: 0.0231 (0.0804)  loss: 8.6546 (9.3988)  lr: 0.000100  max mem: 2.9 GB
2025-01-05 20:35:25,252 Train INFO: eta: 1:13:44  iter: 17040  time: 0.1439 (0.1927)  data: 0.0221 (0.0803)  loss: 9.1543 (9.3985)  lr: 0.000100  max mem: 2.9 GB
2025-01-05 20:35:28,911 Train INFO: eta: 1:13:40  iter: 17060  time: 0.1610 (0.1927)  data: 0.0200 (0.0802)  loss: 8.9829 (9.3980)  lr: 0.000100  max mem: 2.9 GB
2025-01-05 20:35:31,722 Train INFO: eta: 1:13:35  iter: 17080  time: 0.1402 (0.1926)  data: 0.0217 (0.0802)  loss: 9.3833 (9.3976)  lr: 0.000100  max mem: 2.9 GB
2025-01-05 20:35:34,532 Train INFO: eta: 1:13:29  iter: 17100  time: 0.1402 (0.1926)  data: 0.0218 (0.0801)  loss: 8.7716 (9.3969)  lr: 0.000100  max mem: 2.9 GB
2025-01-05 20:35:37,364 Train INFO: eta: 1:13:24  iter: 17120  time: 0.1409 (0.1925)  data: 0.0220 (0.0800)  loss: 8.5022 (9.3962)  lr: 0.000100  max mem: 2.9 GB
2025-01-05 20:35:40,224 Train INFO: eta: 1:13:19  iter: 17140  time: 0.1416 (0.1925)  data: 0.0219 (0.0800)  loss: 8.9542 (9.3957)  lr: 0.000100  max mem: 2.9 GB
2025-01-05 20:35:43,230 Train INFO: eta: 1:13:14  iter: 17160  time: 0.1428 (0.1924)  data: 0.0216 (0.0799)  loss: 8.8399 (9.3955)  lr: 0.000100  max mem: 2.9 GB
2025-01-05 20:35:46,059 Train INFO: eta: 1:13:09  iter: 17180  time: 0.1408 (0.1923)  data: 0.0214 (0.0798)  loss: 7.8699 (9.3941)  lr: 0.000100  max mem: 2.9 GB
2025-01-05 20:35:48,845 Train INFO: eta: 1:13:04  iter: 17200  time: 0.1397 (0.1923)  data: 0.0213 (0.0798)  loss: 8.4133 (9.3934)  lr: 0.000100  max mem: 2.9 GB
2025-01-05 20:35:51,551 Train INFO: eta: 1:12:58  iter: 17220  time: 0.1345 (0.1922)  data: 0.0233 (0.0797)  loss: 6.9166 (9.3908)  lr: 0.000100  max mem: 2.9 GB
2025-01-05 20:35:54,283 Train INFO: eta: 1:12:53  iter: 17240  time: 0.1366 (0.1922)  data: 0.0232 (0.0796)  loss: 8.1056 (9.3901)  lr: 0.000100  max mem: 2.9 GB
2025-01-05 20:35:57,010 Train INFO: eta: 1:12:48  iter: 17260  time: 0.1355 (0.1921)  data: 0.0229 (0.0796)  loss: 8.3300 (9.3894)  lr: 0.000100  max mem: 2.9 GB
2025-01-05 20:35:59,728 Train INFO: eta: 1:12:42  iter: 17280  time: 0.1363 (0.1920)  data: 0.0229 (0.0795)  loss: 8.4278 (9.3884)  lr: 0.000100  max mem: 2.9 GB
2025-01-05 20:36:02,488 Train INFO: eta: 1:12:37  iter: 17300  time: 0.1373 (0.1920)  data: 0.0228 (0.0794)  loss: 7.9421 (9.3868)  lr: 0.000100  max mem: 2.9 GB
2025-01-05 20:36:05,239 Train INFO: eta: 1:12:32  iter: 17320  time: 0.1369 (0.1919)  data: 0.0224 (0.0794)  loss: 8.3813 (9.3855)  lr: 0.000100  max mem: 2.9 GB
2025-01-05 20:36:07,988 Train INFO: eta: 1:12:26  iter: 17340  time: 0.1378 (0.1918)  data: 0.0205 (0.0793)  loss: 7.2366 (9.3834)  lr: 0.000100  max mem: 2.9 GB
2025-01-05 20:36:10,786 Train INFO: eta: 1:12:21  iter: 17360  time: 0.1385 (0.1918)  data: 0.0220 (0.0792)  loss: 7.5454 (9.3815)  lr: 0.000100  max mem: 2.9 GB
2025-01-05 20:36:13,543 Train INFO: eta: 1:12:16  iter: 17380  time: 0.1364 (0.1917)  data: 0.0213 (0.0792)  loss: 8.0892 (9.3803)  lr: 0.000100  max mem: 2.9 GB
2025-01-05 20:36:16,320 Train INFO: eta: 1:12:11  iter: 17400  time: 0.1390 (0.1917)  data: 0.0207 (0.0791)  loss: 8.0611 (9.3789)  lr: 0.000100  max mem: 2.9 GB
2025-01-05 20:36:19,091 Train INFO: eta: 1:12:06  iter: 17420  time: 0.1371 (0.1916)  data: 0.0204 (0.0790)  loss: 8.0735 (9.3781)  lr: 0.000100  max mem: 2.9 GB
2025-01-05 20:36:21,858 Train INFO: eta: 1:12:00  iter: 17440  time: 0.1391 (0.1915)  data: 0.0203 (0.0790)  loss: 7.6836 (9.3765)  lr: 0.000100  max mem: 2.9 GB
2025-01-05 20:36:24,638 Train INFO: eta: 1:11:55  iter: 17460  time: 0.1372 (0.1915)  data: 0.0198 (0.0789)  loss: 8.6057 (9.3760)  lr: 0.000100  max mem: 2.9 GB
2025-01-05 20:36:27,432 Train INFO: eta: 1:11:50  iter: 17480  time: 0.1389 (0.1914)  data: 0.0196 (0.0788)  loss: 8.6347 (9.3751)  lr: 0.000100  max mem: 2.9 GB
2025-01-05 20:36:30,229 Train INFO: eta: 1:11:45  iter: 17500  time: 0.1381 (0.1914)  data: 0.0190 (0.0788)  loss: 8.2599 (9.3746)  lr: 0.000100  max mem: 2.9 GB
2025-01-05 20:36:33,258 Train INFO: eta: 1:11:40  iter: 17520  time: 0.1376 (0.1913)  data: 0.0191 (0.0787)  loss: 7.9468 (9.3731)  lr: 0.000100  max mem: 2.9 GB
2025-01-05 20:36:36,151 Train INFO: eta: 1:11:35  iter: 17540  time: 0.1430 (0.1913)  data: 0.0232 (0.0786)  loss: 8.0064 (9.3717)  lr: 0.000100  max mem: 2.9 GB
2025-01-05 20:36:39,038 Train INFO: eta: 1:11:30  iter: 17560  time: 0.1449 (0.1912)  data: 0.0244 (0.0786)  loss: 9.1677 (9.3716)  lr: 0.000100  max mem: 2.9 GB
2025-01-05 20:36:41,841 Train INFO: eta: 1:11:25  iter: 17580  time: 0.1407 (0.1911)  data: 0.0258 (0.0785)  loss: 9.7165 (9.3726)  lr: 0.000100  max mem: 2.9 GB
2025-01-05 20:36:44,666 Train INFO: eta: 1:11:20  iter: 17600  time: 0.1401 (0.1911)  data: 0.0254 (0.0785)  loss: 11.2347 (9.3748)  lr: 0.000100  max mem: 2.9 GB
2025-01-05 20:36:47,467 Train INFO: eta: 1:11:15  iter: 17620  time: 0.1405 (0.1910)  data: 0.0253 (0.0784)  loss: 11.4229 (9.3770)  lr: 0.000100  max mem: 2.9 GB
2025-01-05 20:36:50,242 Train INFO: eta: 1:11:10  iter: 17640  time: 0.1388 (0.1910)  data: 0.0254 (0.0783)  loss: 10.1268 (9.3780)  lr: 0.000100  max mem: 2.9 GB
2025-01-05 20:36:53,002 Train INFO: eta: 1:11:04  iter: 17660  time: 0.1378 (0.1909)  data: 0.0252 (0.0783)  loss: 10.1504 (9.3793)  lr: 0.000100  max mem: 2.9 GB
2025-01-05 20:36:55,792 Train INFO: eta: 1:10:59  iter: 17680  time: 0.1388 (0.1908)  data: 0.0255 (0.0782)  loss: 10.2205 (9.3804)  lr: 0.000100  max mem: 2.9 GB
2025-01-05 20:36:58,654 Train INFO: eta: 1:10:54  iter: 17700  time: 0.1429 (0.1908)  data: 0.0237 (0.0782)  loss: 10.9290 (9.3822)  lr: 0.000100  max mem: 2.9 GB
2025-01-05 20:37:01,475 Train INFO: eta: 1:10:49  iter: 17720  time: 0.1392 (0.1907)  data: 0.0246 (0.0781)  loss: 10.4269 (9.3835)  lr: 0.000100  max mem: 2.9 GB
2025-01-05 20:37:04,336 Train INFO: eta: 1:10:44  iter: 17740  time: 0.1425 (0.1907)  data: 0.0234 (0.0780)  loss: 9.9168 (9.3844)  lr: 0.000100  max mem: 2.9 GB
2025-01-05 20:37:07,259 Train INFO: eta: 1:10:39  iter: 17760  time: 0.1449 (0.1906)  data: 0.0230 (0.0780)  loss: 10.0710 (9.3853)  lr: 0.000100  max mem: 2.9 GB
2025-01-05 20:37:10,084 Train INFO: eta: 1:10:34  iter: 17780  time: 0.1405 (0.1906)  data: 0.0243 (0.0779)  loss: 10.3599 (9.3863)  lr: 0.000100  max mem: 2.9 GB
2025-01-05 20:37:12,935 Train INFO: eta: 1:10:29  iter: 17800  time: 0.1414 (0.1905)  data: 0.0242 (0.0778)  loss: 10.2089 (9.3872)  lr: 0.000100  max mem: 2.9 GB
2025-01-05 20:37:15,786 Train INFO: eta: 1:10:24  iter: 17820  time: 0.1414 (0.1905)  data: 0.0242 (0.0778)  loss: 9.2425 (9.3873)  lr: 0.000100  max mem: 2.9 GB
2025-01-05 20:37:18,866 Train INFO: eta: 1:10:19  iter: 17840  time: 0.1441 (0.1904)  data: 0.0233 (0.0777)  loss: 10.5802 (9.3886)  lr: 0.000100  max mem: 2.9 GB
2025-01-05 20:37:21,694 Train INFO: eta: 1:10:14  iter: 17860  time: 0.1413 (0.1904)  data: 0.0229 (0.0777)  loss: 10.7832 (9.3897)  lr: 0.000100  max mem: 2.9 GB
2025-01-05 20:37:24,938 Train INFO: eta: 1:10:10  iter: 17880  time: 0.1468 (0.1903)  data: 0.0226 (0.0776)  loss: 10.0961 (9.3904)  lr: 0.000100  max mem: 2.9 GB
2025-01-05 20:37:27,800 Train INFO: eta: 1:10:05  iter: 17900  time: 0.1436 (0.1903)  data: 0.0229 (0.0775)  loss: 10.0029 (9.3911)  lr: 0.000100  max mem: 2.9 GB
2025-01-05 20:37:30,602 Train INFO: eta: 1:10:00  iter: 17920  time: 0.1393 (0.1902)  data: 0.0238 (0.0775)  loss: 9.1905 (9.3909)  lr: 0.000100  max mem: 2.9 GB
2025-01-05 20:37:33,437 Train INFO: eta: 1:09:55  iter: 17940  time: 0.1421 (0.1902)  data: 0.0225 (0.0774)  loss: 9.6825 (9.3912)  lr: 0.000100  max mem: 2.9 GB
2025-01-05 20:37:36,208 Train INFO: eta: 1:09:50  iter: 17960  time: 0.1382 (0.1901)  data: 0.0246 (0.0774)  loss: 9.8125 (9.3921)  lr: 0.000100  max mem: 2.9 GB
2025-01-05 20:37:38,947 Train INFO: eta: 1:09:45  iter: 17980  time: 0.1360 (0.1901)  data: 0.0250 (0.0773)  loss: 9.3045 (9.3919)  lr: 0.000100  max mem: 2.9 GB
2025-01-05 20:37:41,667 Train INFO: eta: 1:09:40  iter: 18000  time: 0.1353 (0.1900)  data: 0.0246 (0.0772)  loss: 9.3487 (9.3919)  lr: 0.000100  max mem: 2.9 GB
2025-01-05 20:37:41,771 Train INFO: Validation
2025-01-05 20:37:41,776 Train INFO: Begin extract
2025-01-05 20:38:35,146 Train INFO: Performance at iteration 018000: {'mean_average_precision_at_r': 0.5207031911269103, 'precision_at_1': 0.7878086674820667, 'r_precision': 0.548473406815693}
2025-01-05 20:38:37,986 Train INFO: eta: 1:10:40  iter: 18020  time: 0.1413 (0.1929)  data: 0.0230 (0.0802)  loss: 9.4596 (9.3924)  lr: 0.000100  max mem: 2.9 GB
2025-01-05 20:38:40,771 Train INFO: eta: 1:10:35  iter: 18040  time: 0.1387 (0.1929)  data: 0.0228 (0.0801)  loss: 9.9007 (9.3929)  lr: 0.000100  max mem: 2.9 GB
2025-01-05 20:38:43,588 Train INFO: eta: 1:10:30  iter: 18060  time: 0.1408 (0.1928)  data: 0.0236 (0.0800)  loss: 9.5666 (9.3936)  lr: 0.000100  max mem: 2.9 GB
2025-01-05 20:38:46,315 Train INFO: eta: 1:10:24  iter: 18080  time: 0.1356 (0.1927)  data: 0.0248 (0.0800)  loss: 8.9379 (9.3931)  lr: 0.000100  max mem: 2.9 GB
2025-01-05 20:38:49,172 Train INFO: eta: 1:10:19  iter: 18100  time: 0.1426 (0.1927)  data: 0.0237 (0.0799)  loss: 9.1285 (9.3932)  lr: 0.000100  max mem: 2.9 GB
2025-01-05 20:38:52,002 Train INFO: eta: 1:10:14  iter: 18120  time: 0.1413 (0.1926)  data: 0.0233 (0.0798)  loss: 9.1215 (9.3929)  lr: 0.000100  max mem: 2.9 GB
2025-01-05 20:38:54,850 Train INFO: eta: 1:10:09  iter: 18140  time: 0.1411 (0.1926)  data: 0.0230 (0.0798)  loss: 8.9809 (9.3931)  lr: 0.000100  max mem: 2.9 GB
2025-01-05 20:38:57,707 Train INFO: eta: 1:10:04  iter: 18160  time: 0.1418 (0.1925)  data: 0.0234 (0.0797)  loss: 10.1345 (9.3936)  lr: 0.000100  max mem: 2.9 GB
2025-01-05 20:39:00,504 Train INFO: eta: 1:09:59  iter: 18180  time: 0.1387 (0.1925)  data: 0.0222 (0.0797)  loss: 8.2722 (9.3925)  lr: 0.000100  max mem: 2.9 GB
2025-01-05 20:39:03,335 Train INFO: eta: 1:09:54  iter: 18200  time: 0.1399 (0.1924)  data: 0.0220 (0.0796)  loss: 8.7908 (9.3923)  lr: 0.000100  max mem: 2.9 GB
2025-01-05 20:39:06,154 Train INFO: eta: 1:09:49  iter: 18220  time: 0.1406 (0.1923)  data: 0.0222 (0.0795)  loss: 8.4414 (9.3909)  lr: 0.000100  max mem: 2.9 GB
2025-01-05 20:39:08,873 Train INFO: eta: 1:09:44  iter: 18240  time: 0.1350 (0.1923)  data: 0.0244 (0.0795)  loss: 8.8840 (9.3904)  lr: 0.000100  max mem: 2.9 GB
2025-01-05 20:39:11,672 Train INFO: eta: 1:09:39  iter: 18260  time: 0.1403 (0.1922)  data: 0.0242 (0.0794)  loss: 9.1356 (9.3903)  lr: 0.000100  max mem: 2.9 GB
2025-01-05 20:39:14,350 Train INFO: eta: 1:09:33  iter: 18280  time: 0.1330 (0.1922)  data: 0.0246 (0.0793)  loss: 7.9053 (9.3896)  lr: 0.000100  max mem: 2.9 GB
2025-01-05 20:39:17,070 Train INFO: eta: 1:09:28  iter: 18300  time: 0.1357 (0.1921)  data: 0.0241 (0.0793)  loss: 8.8403 (9.3892)  lr: 0.000100  max mem: 2.9 GB
2025-01-05 20:39:19,734 Train INFO: eta: 1:09:23  iter: 18320  time: 0.1323 (0.1920)  data: 0.0239 (0.0792)  loss: 8.0905 (9.3881)  lr: 0.000100  max mem: 2.9 GB
2025-01-05 20:39:22,517 Train INFO: eta: 1:09:18  iter: 18340  time: 0.1383 (0.1920)  data: 0.0232 (0.0792)  loss: 8.1677 (9.3874)  lr: 0.000100  max mem: 2.9 GB
2025-01-05 20:39:25,353 Train INFO: eta: 1:09:13  iter: 18360  time: 0.1404 (0.1919)  data: 0.0219 (0.0791)  loss: 8.0368 (9.3862)  lr: 0.000100  max mem: 2.9 GB
2025-01-05 20:39:28,164 Train INFO: eta: 1:09:08  iter: 18380  time: 0.1395 (0.1919)  data: 0.0214 (0.0790)  loss: 8.3682 (9.3851)  lr: 0.000100  max mem: 2.9 GB
2025-01-05 20:39:30,921 Train INFO: eta: 1:09:03  iter: 18400  time: 0.1374 (0.1918)  data: 0.0219 (0.0790)  loss: 8.1136 (9.3839)  lr: 0.000100  max mem: 2.9 GB
2025-01-05 20:39:33,728 Train INFO: eta: 1:08:58  iter: 18420  time: 0.1398 (0.1918)  data: 0.0215 (0.0789)  loss: 7.7092 (9.3824)  lr: 0.000100  max mem: 2.9 GB
2025-01-05 20:39:36,574 Train INFO: eta: 1:08:53  iter: 18440  time: 0.1407 (0.1917)  data: 0.0211 (0.0789)  loss: 9.1362 (9.3819)  lr: 0.000100  max mem: 2.9 GB
2025-01-05 20:39:39,393 Train INFO: eta: 1:08:48  iter: 18460  time: 0.1402 (0.1916)  data: 0.0210 (0.0788)  loss: 8.4159 (9.3811)  lr: 0.000100  max mem: 2.9 GB
2025-01-05 20:39:42,169 Train INFO: eta: 1:08:43  iter: 18480  time: 0.1380 (0.1916)  data: 0.0210 (0.0787)  loss: 7.3386 (9.3794)  lr: 0.000100  max mem: 2.9 GB
2025-01-05 20:39:44,968 Train INFO: eta: 1:08:37  iter: 18500  time: 0.1397 (0.1915)  data: 0.0209 (0.0787)  loss: 8.2219 (9.3784)  lr: 0.000100  max mem: 2.9 GB
2025-01-05 20:39:47,765 Train INFO: eta: 1:08:32  iter: 18520  time: 0.1398 (0.1915)  data: 0.0205 (0.0786)  loss: 8.2283 (9.3773)  lr: 0.000100  max mem: 2.9 GB
2025-01-05 20:39:50,562 Train INFO: eta: 1:08:27  iter: 18540  time: 0.1393 (0.1914)  data: 0.0203 (0.0785)  loss: 7.7772 (9.3759)  lr: 0.000100  max mem: 2.9 GB
2025-01-05 20:39:53,377 Train INFO: eta: 1:08:22  iter: 18560  time: 0.1394 (0.1914)  data: 0.0203 (0.0785)  loss: 8.3627 (9.3749)  lr: 0.000100  max mem: 2.9 GB
2025-01-05 20:39:56,185 Train INFO: eta: 1:08:17  iter: 18580  time: 0.1394 (0.1913)  data: 0.0202 (0.0784)  loss: 8.3077 (9.3741)  lr: 0.000100  max mem: 2.9 GB
2025-01-05 20:39:58,960 Train INFO: eta: 1:08:12  iter: 18600  time: 0.1387 (0.1913)  data: 0.0201 (0.0784)  loss: 8.5611 (9.3735)  lr: 0.000100  max mem: 2.9 GB
2025-01-05 20:40:01,732 Train INFO: eta: 1:08:07  iter: 18620  time: 0.1379 (0.1912)  data: 0.0201 (0.0783)  loss: 8.6881 (9.3730)  lr: 0.000100  max mem: 2.9 GB
2025-01-05 20:40:04,504 Train INFO: eta: 1:08:02  iter: 18640  time: 0.1369 (0.1911)  data: 0.0201 (0.0782)  loss: 8.1313 (9.3720)  lr: 0.000100  max mem: 2.9 GB
2025-01-05 20:40:07,237 Train INFO: eta: 1:07:57  iter: 18660  time: 0.1369 (0.1911)  data: 0.0206 (0.0782)  loss: 7.8273 (9.3707)  lr: 0.000100  max mem: 2.9 GB
2025-01-05 20:40:09,981 Train INFO: eta: 1:07:52  iter: 18680  time: 0.1360 (0.1910)  data: 0.0203 (0.0781)  loss: 8.0555 (9.3699)  lr: 0.000100  max mem: 2.9 GB
2025-01-05 20:40:13,179 Train INFO: eta: 1:07:48  iter: 18700  time: 0.1368 (0.1910)  data: 0.0244 (0.0781)  loss: 7.1399 (9.3678)  lr: 0.000100  max mem: 2.9 GB
2025-01-05 20:40:15,958 Train INFO: eta: 1:07:43  iter: 18720  time: 0.1382 (0.1909)  data: 0.0255 (0.0780)  loss: 9.2290 (9.3675)  lr: 0.000100  max mem: 2.9 GB
2025-01-05 20:40:18,756 Train INFO: eta: 1:07:38  iter: 18740  time: 0.1389 (0.1909)  data: 0.0254 (0.0780)  loss: 8.9898 (9.3673)  lr: 0.000100  max mem: 2.9 GB
2025-01-05 20:40:21,526 Train INFO: eta: 1:07:33  iter: 18760  time: 0.1369 (0.1908)  data: 0.0266 (0.0779)  loss: 10.5575 (9.3685)  lr: 0.000100  max mem: 2.9 GB
2025-01-05 20:40:24,346 Train INFO: eta: 1:07:28  iter: 18780  time: 0.1411 (0.1908)  data: 0.0239 (0.0778)  loss: 11.0990 (9.3704)  lr: 0.000100  max mem: 2.9 GB
2025-01-05 20:40:27,181 Train INFO: eta: 1:07:23  iter: 18800  time: 0.1412 (0.1907)  data: 0.0239 (0.0778)  loss: 11.4135 (9.3726)  lr: 0.000100  max mem: 2.9 GB
2025-01-05 20:40:30,004 Train INFO: eta: 1:07:18  iter: 18820  time: 0.1405 (0.1907)  data: 0.0244 (0.0777)  loss: 8.8393 (9.3723)  lr: 0.000100  max mem: 2.9 GB
2025-01-05 20:40:32,787 Train INFO: eta: 1:07:13  iter: 18840  time: 0.1390 (0.1906)  data: 0.0266 (0.0777)  loss: 10.9563 (9.3735)  lr: 0.000100  max mem: 2.9 GB
2025-01-05 20:40:35,581 Train INFO: eta: 1:07:08  iter: 18860  time: 0.1389 (0.1906)  data: 0.0266 (0.0776)  loss: 11.2826 (9.3755)  lr: 0.000100  max mem: 2.9 GB
2025-01-05 20:40:38,302 Train INFO: eta: 1:07:03  iter: 18880  time: 0.1352 (0.1905)  data: 0.0264 (0.0776)  loss: 10.6656 (9.3773)  lr: 0.000100  max mem: 2.9 GB
2025-01-05 20:40:41,072 Train INFO: eta: 1:06:58  iter: 18900  time: 0.1385 (0.1904)  data: 0.0252 (0.0775)  loss: 9.6910 (9.3781)  lr: 0.000100  max mem: 2.9 GB
2025-01-05 20:40:43,887 Train INFO: eta: 1:06:53  iter: 18920  time: 0.1394 (0.1904)  data: 0.0251 (0.0775)  loss: 10.1288 (9.3792)  lr: 0.000100  max mem: 2.9 GB
2025-01-05 20:40:46,646 Train INFO: eta: 1:06:48  iter: 18940  time: 0.1377 (0.1903)  data: 0.0255 (0.0774)  loss: 10.7339 (9.3808)  lr: 0.000100  max mem: 2.9 GB
2025-01-05 20:40:49,381 Train INFO: eta: 1:06:43  iter: 18960  time: 0.1358 (0.1903)  data: 0.0257 (0.0774)  loss: 9.3752 (9.3810)  lr: 0.000100  max mem: 2.9 GB
2025-01-05 20:40:52,160 Train INFO: eta: 1:06:38  iter: 18980  time: 0.1385 (0.1902)  data: 0.0253 (0.0773)  loss: 11.9683 (9.3835)  lr: 0.000100  max mem: 2.9 GB
2025-01-05 20:40:54,879 Train INFO: eta: 1:06:33  iter: 19000  time: 0.1359 (0.1902)  data: 0.0259 (0.0772)  loss: 9.2297 (9.3832)  lr: 0.000100  max mem: 2.9 GB
2025-01-05 20:40:54,981 Train INFO: Validation
2025-01-05 20:40:54,985 Train INFO: Begin extract
2025-01-05 20:41:51,606 Train INFO: Performance at iteration 019000: {'mean_average_precision_at_r': 0.5204669594279605, 'precision_at_1': 0.7871475323129814, 'r_precision': 0.5484298504818488}
2025-01-05 20:41:54,338 Train INFO: eta: 1:07:31  iter: 19020  time: 0.1351 (0.1931)  data: 0.0257 (0.0802)  loss: 10.1293 (9.3839)  lr: 0.000100  max mem: 2.9 GB
2025-01-05 20:41:57,109 Train INFO: eta: 1:07:26  iter: 19040  time: 0.1378 (0.1930)  data: 0.0253 (0.0801)  loss: 9.9736 (9.3845)  lr: 0.000100  max mem: 2.9 GB
2025-01-05 20:41:59,820 Train INFO: eta: 1:07:21  iter: 19060  time: 0.1351 (0.1930)  data: 0.0255 (0.0801)  loss: 9.8541 (9.3849)  lr: 0.000100  max mem: 2.9 GB
2025-01-05 20:42:02,552 Train INFO: eta: 1:07:15  iter: 19080  time: 0.1355 (0.1929)  data: 0.0256 (0.0800)  loss: 9.4873 (9.3849)  lr: 0.000100  max mem: 2.9 GB
2025-01-05 20:42:05,306 Train INFO: eta: 1:07:10  iter: 19100  time: 0.1377 (0.1929)  data: 0.0252 (0.0799)  loss: 10.5157 (9.3866)  lr: 0.000100  max mem: 2.9 GB
2025-01-05 20:42:08,055 Train INFO: eta: 1:07:05  iter: 19120  time: 0.1368 (0.1928)  data: 0.0256 (0.0799)  loss: 9.6340 (9.3868)  lr: 0.000100  max mem: 2.9 GB
2025-01-05 20:42:10,795 Train INFO: eta: 1:07:00  iter: 19140  time: 0.1367 (0.1927)  data: 0.0254 (0.0798)  loss: 9.3910 (9.3870)  lr: 0.000100  max mem: 2.9 GB
2025-01-05 20:42:13,581 Train INFO: eta: 1:06:55  iter: 19160  time: 0.1383 (0.1927)  data: 0.0247 (0.0798)  loss: 9.5776 (9.3872)  lr: 0.000100  max mem: 2.9 GB
2025-01-05 20:42:16,342 Train INFO: eta: 1:06:50  iter: 19180  time: 0.1368 (0.1926)  data: 0.0249 (0.0797)  loss: 9.4115 (9.3875)  lr: 0.000100  max mem: 2.9 GB
2025-01-05 20:42:19,127 Train INFO: eta: 1:06:45  iter: 19200  time: 0.1382 (0.1926)  data: 0.0249 (0.0797)  loss: 10.1745 (9.3879)  lr: 0.000100  max mem: 2.9 GB
2025-01-05 20:42:21,986 Train INFO: eta: 1:06:40  iter: 19220  time: 0.1407 (0.1925)  data: 0.0247 (0.0796)  loss: 8.9726 (9.3875)  lr: 0.000100  max mem: 2.9 GB
2025-01-05 20:42:24,839 Train INFO: eta: 1:06:35  iter: 19240  time: 0.1411 (0.1925)  data: 0.0241 (0.0795)  loss: 9.4931 (9.3880)  lr: 0.000100  max mem: 2.9 GB
2025-01-05 20:42:27,667 Train INFO: eta: 1:06:30  iter: 19260  time: 0.1396 (0.1924)  data: 0.0240 (0.0795)  loss: 8.6741 (9.3878)  lr: 0.000100  max mem: 2.9 GB
2025-01-05 20:42:30,546 Train INFO: eta: 1:06:25  iter: 19280  time: 0.1435 (0.1924)  data: 0.0240 (0.0794)  loss: 9.3481 (9.3879)  lr: 0.000100  max mem: 2.9 GB
2025-01-05 20:42:33,285 Train INFO: eta: 1:06:20  iter: 19300  time: 0.1357 (0.1923)  data: 0.0239 (0.0794)  loss: 8.3982 (9.3871)  lr: 0.000100  max mem: 2.9 GB
2025-01-05 20:42:36,034 Train INFO: eta: 1:06:15  iter: 19320  time: 0.1370 (0.1923)  data: 0.0244 (0.0793)  loss: 9.2922 (9.3869)  lr: 0.000100  max mem: 2.9 GB
2025-01-05 20:42:38,753 Train INFO: eta: 1:06:10  iter: 19340  time: 0.1350 (0.1922)  data: 0.0247 (0.0793)  loss: 8.8624 (9.3866)  lr: 0.000100  max mem: 2.9 GB
2025-01-05 20:42:41,545 Train INFO: eta: 1:06:05  iter: 19360  time: 0.1383 (0.1921)  data: 0.0234 (0.0792)  loss: 9.3797 (9.3868)  lr: 0.000100  max mem: 2.9 GB
2025-01-05 20:42:44,278 Train INFO: eta: 1:06:00  iter: 19380  time: 0.1360 (0.1921)  data: 0.0239 (0.0791)  loss: 9.6814 (9.3871)  lr: 0.000100  max mem: 2.9 GB
2025-01-05 20:42:47,033 Train INFO: eta: 1:05:55  iter: 19400  time: 0.1362 (0.1920)  data: 0.0236 (0.0791)  loss: 7.7382 (9.3860)  lr: 0.000100  max mem: 2.9 GB
2025-01-05 20:42:49,842 Train INFO: eta: 1:05:50  iter: 19420  time: 0.1398 (0.1920)  data: 0.0241 (0.0790)  loss: 9.1961 (9.3859)  lr: 0.000100  max mem: 2.9 GB
2025-01-05 20:42:52,628 Train INFO: eta: 1:05:46  iter: 19440  time: 0.1386 (0.1919)  data: 0.0235 (0.0790)  loss: 8.9846 (9.3856)  lr: 0.000100  max mem: 2.9 GB
2025-01-05 20:42:55,397 Train INFO: eta: 1:05:41  iter: 19460  time: 0.1383 (0.1919)  data: 0.0234 (0.0789)  loss: 8.0978 (9.3843)  lr: 0.000100  max mem: 2.9 GB
2025-01-05 20:42:58,153 Train INFO: eta: 1:05:36  iter: 19480  time: 0.1377 (0.1918)  data: 0.0234 (0.0789)  loss: 9.1942 (9.3839)  lr: 0.000100  max mem: 2.9 GB
2025-01-05 20:43:00,876 Train INFO: eta: 1:05:31  iter: 19500  time: 0.1354 (0.1918)  data: 0.0236 (0.0788)  loss: 7.9142 (9.3826)  lr: 0.000100  max mem: 2.9 GB
2025-01-05 20:43:03,701 Train INFO: eta: 1:05:26  iter: 19520  time: 0.1394 (0.1917)  data: 0.0228 (0.0787)  loss: 8.2232 (9.3816)  lr: 0.000100  max mem: 2.9 GB
2025-01-05 20:43:06,449 Train INFO: eta: 1:05:21  iter: 19540  time: 0.1372 (0.1917)  data: 0.0225 (0.0787)  loss: 9.0428 (9.3813)  lr: 0.000100  max mem: 2.9 GB
2025-01-05 20:43:09,196 Train INFO: eta: 1:05:16  iter: 19560  time: 0.1354 (0.1916)  data: 0.0231 (0.0786)  loss: 8.4476 (9.3803)  lr: 0.000100  max mem: 2.9 GB
2025-01-05 20:43:11,942 Train INFO: eta: 1:05:11  iter: 19580  time: 0.1360 (0.1915)  data: 0.0234 (0.0786)  loss: 8.1845 (9.3793)  lr: 0.000100  max mem: 2.9 GB
2025-01-05 20:43:14,713 Train INFO: eta: 1:05:06  iter: 19600  time: 0.1377 (0.1915)  data: 0.0229 (0.0785)  loss: 8.4903 (9.3791)  lr: 0.000100  max mem: 2.9 GB
2025-01-05 20:43:17,406 Train INFO: eta: 1:05:01  iter: 19620  time: 0.1342 (0.1914)  data: 0.0231 (0.0785)  loss: 7.1518 (9.3771)  lr: 0.000100  max mem: 2.9 GB
2025-01-05 20:43:20,160 Train INFO: eta: 1:04:56  iter: 19640  time: 0.1368 (0.1914)  data: 0.0230 (0.0784)  loss: 8.4433 (9.3765)  lr: 0.000100  max mem: 2.9 GB
2025-01-05 20:43:22,917 Train INFO: eta: 1:04:51  iter: 19660  time: 0.1364 (0.1913)  data: 0.0227 (0.0783)  loss: 8.0184 (9.3753)  lr: 0.000100  max mem: 2.9 GB
2025-01-05 20:43:25,674 Train INFO: eta: 1:04:46  iter: 19680  time: 0.1364 (0.1913)  data: 0.0221 (0.0783)  loss: 7.9476 (9.3739)  lr: 0.000100  max mem: 2.9 GB
2025-01-05 20:43:28,446 Train INFO: eta: 1:04:41  iter: 19700  time: 0.1386 (0.1912)  data: 0.0220 (0.0782)  loss: 8.7425 (9.3729)  lr: 0.000100  max mem: 2.9 GB
2025-01-05 20:43:31,189 Train INFO: eta: 1:04:36  iter: 19720  time: 0.1372 (0.1912)  data: 0.0217 (0.0782)  loss: 8.2429 (9.3716)  lr: 0.000100  max mem: 2.9 GB
2025-01-05 20:43:34,117 Train INFO: eta: 1:04:31  iter: 19740  time: 0.1363 (0.1911)  data: 0.0222 (0.0781)  loss: 7.1317 (9.3697)  lr: 0.000100  max mem: 2.9 GB
2025-01-05 20:43:36,889 Train INFO: eta: 1:04:27  iter: 19760  time: 0.1390 (0.1911)  data: 0.0216 (0.0781)  loss: 8.5395 (9.3693)  lr: 0.000100  max mem: 2.9 GB
2025-01-05 20:43:39,617 Train INFO: eta: 1:04:22  iter: 19780  time: 0.1360 (0.1910)  data: 0.0212 (0.0780)  loss: 7.4586 (9.3677)  lr: 0.000100  max mem: 2.9 GB
2025-01-05 20:43:42,362 Train INFO: eta: 1:04:17  iter: 19800  time: 0.1364 (0.1909)  data: 0.0213 (0.0779)  loss: 8.7305 (9.3675)  lr: 0.000100  max mem: 2.9 GB
2025-01-05 20:43:45,073 Train INFO: eta: 1:04:12  iter: 19820  time: 0.1361 (0.1909)  data: 0.0210 (0.0779)  loss: 8.7959 (9.3666)  lr: 0.000100  max mem: 2.9 GB
2025-01-05 20:43:47,791 Train INFO: eta: 1:04:07  iter: 19840  time: 0.1341 (0.1908)  data: 0.0216 (0.0778)  loss: 8.0713 (9.3651)  lr: 0.000100  max mem: 2.9 GB
2025-01-05 20:43:50,806 Train INFO: eta: 1:04:02  iter: 19860  time: 0.1377 (0.1908)  data: 0.0208 (0.0778)  loss: 8.6102 (9.3642)  lr: 0.000100  max mem: 2.9 GB
2025-01-05 20:43:53,590 Train INFO: eta: 1:03:57  iter: 19880  time: 0.1392 (0.1907)  data: 0.0260 (0.0777)  loss: 7.4446 (9.3628)  lr: 0.000100  max mem: 2.9 GB
2025-01-05 20:43:56,354 Train INFO: eta: 1:03:52  iter: 19900  time: 0.1376 (0.1907)  data: 0.0257 (0.0777)  loss: 8.7415 (9.3621)  lr: 0.000100  max mem: 2.9 GB
2025-01-05 20:43:59,234 Train INFO: eta: 1:03:48  iter: 19920  time: 0.1439 (0.1906)  data: 0.0244 (0.0776)  loss: 10.1269 (9.3631)  lr: 0.000100  max mem: 2.9 GB
2025-01-05 20:44:02,111 Train INFO: eta: 1:03:43  iter: 19940  time: 0.1429 (0.1906)  data: 0.0249 (0.0776)  loss: 10.8872 (9.3646)  lr: 0.000100  max mem: 2.9 GB
2025-01-05 20:44:04,934 Train INFO: eta: 1:03:38  iter: 19960  time: 0.1414 (0.1905)  data: 0.0249 (0.0775)  loss: 10.7998 (9.3661)  lr: 0.000100  max mem: 2.9 GB
2025-01-05 20:44:07,763 Train INFO: eta: 1:03:33  iter: 19980  time: 0.1408 (0.1905)  data: 0.0252 (0.0775)  loss: 10.4012 (9.3672)  lr: 0.000100  max mem: 2.9 GB
2025-01-05 20:44:10,532 Train INFO: eta: 1:03:28  iter: 20000  time: 0.1373 (0.1904)  data: 0.0260 (0.0774)  loss: 10.4458 (9.3683)  lr: 0.000100  max mem: 2.9 GB
2025-01-05 20:44:10,634 Train INFO: Validation
2025-01-05 20:44:10,638 Train INFO: Begin extract
2025-01-05 20:45:08,221 Train INFO: Performance at iteration 020000: {'mean_average_precision_at_r': 0.5173384986166699, 'precision_at_1': 0.7867508512115302, 'r_precision': 0.545155848067322}
2025-01-05 20:45:11,011 Train INFO: eta: 1:04:21  iter: 20020  time: 0.1389 (0.1933)  data: 0.0252 (0.0803)  loss: 9.9917 (9.3690)  lr: 0.000100  max mem: 2.9 GB
2025-01-05 20:45:13,812 Train INFO: eta: 1:04:16  iter: 20040  time: 0.1400 (0.1932)  data: 0.0246 (0.0802)  loss: 9.8426 (9.3697)  lr: 0.000100  max mem: 2.9 GB
2025-01-05 20:45:16,617 Train INFO: eta: 1:04:11  iter: 20060  time: 0.1393 (0.1932)  data: 0.0249 (0.0801)  loss: 10.2348 (9.3708)  lr: 0.000100  max mem: 2.9 GB
2025-01-05 20:45:19,425 Train INFO: eta: 1:04:06  iter: 20080  time: 0.1397 (0.1931)  data: 0.0251 (0.0801)  loss: 10.5393 (9.3721)  lr: 0.000100  max mem: 2.9 GB
2025-01-05 20:45:22,206 Train INFO: eta: 1:04:02  iter: 20100  time: 0.1400 (0.1931)  data: 0.0250 (0.0800)  loss: 10.8513 (9.3734)  lr: 0.000100  max mem: 2.9 GB
2025-01-05 20:45:24,956 Train INFO: eta: 1:03:57  iter: 20120  time: 0.1364 (0.1930)  data: 0.0258 (0.0800)  loss: 9.5347 (9.3735)  lr: 0.000100  max mem: 2.9 GB
2025-01-05 20:45:27,727 Train INFO: eta: 1:03:52  iter: 20140  time: 0.1391 (0.1930)  data: 0.0254 (0.0799)  loss: 10.5233 (9.3748)  lr: 0.000100  max mem: 2.9 GB
2025-01-05 20:45:30,496 Train INFO: eta: 1:03:47  iter: 20160  time: 0.1382 (0.1929)  data: 0.0253 (0.0799)  loss: 9.6992 (9.3752)  lr: 0.000100  max mem: 2.9 GB
2025-01-05 20:45:33,237 Train INFO: eta: 1:03:42  iter: 20180  time: 0.1366 (0.1928)  data: 0.0257 (0.0798)  loss: 9.9956 (9.3763)  lr: 0.000100  max mem: 2.9 GB
2025-01-05 20:45:35,988 Train INFO: eta: 1:03:37  iter: 20200  time: 0.1372 (0.1928)  data: 0.0252 (0.0798)  loss: 10.0670 (9.3771)  lr: 0.000100  max mem: 2.9 GB
2025-01-05 20:45:38,780 Train INFO: eta: 1:03:32  iter: 20220  time: 0.1397 (0.1927)  data: 0.0249 (0.0797)  loss: 9.6280 (9.3778)  lr: 0.000100  max mem: 2.9 GB
2025-01-05 20:45:41,534 Train INFO: eta: 1:03:27  iter: 20240  time: 0.1372 (0.1927)  data: 0.0245 (0.0797)  loss: 8.6746 (9.3775)  lr: 0.000100  max mem: 2.9 GB
2025-01-05 20:45:44,380 Train INFO: eta: 1:03:22  iter: 20260  time: 0.1419 (0.1926)  data: 0.0245 (0.0796)  loss: 9.7932 (9.3778)  lr: 0.000100  max mem: 2.9 GB
2025-01-05 20:45:47,217 Train INFO: eta: 1:03:17  iter: 20280  time: 0.1399 (0.1926)  data: 0.0241 (0.0795)  loss: 10.4269 (9.3791)  lr: 0.000100  max mem: 2.9 GB
2025-01-05 20:45:50,129 Train INFO: eta: 1:03:13  iter: 20300  time: 0.1430 (0.1925)  data: 0.0239 (0.0795)  loss: 10.0560 (9.3795)  lr: 0.000100  max mem: 2.9 GB
2025-01-05 20:45:53,062 Train INFO: eta: 1:03:08  iter: 20320  time: 0.1427 (0.1925)  data: 0.0239 (0.0794)  loss: 8.7435 (9.3792)  lr: 0.000100  max mem: 2.9 GB
2025-01-05 20:45:55,825 Train INFO: eta: 1:03:03  iter: 20340  time: 0.1380 (0.1924)  data: 0.0245 (0.0794)  loss: 10.0828 (9.3798)  lr: 0.000100  max mem: 2.9 GB
2025-01-05 20:45:58,723 Train INFO: eta: 1:02:58  iter: 20360  time: 0.1386 (0.1924)  data: 0.0245 (0.0793)  loss: 10.1654 (9.3805)  lr: 0.000100  max mem: 2.9 GB
2025-01-05 20:46:01,509 Train INFO: eta: 1:02:53  iter: 20380  time: 0.1396 (0.1923)  data: 0.0243 (0.0793)  loss: 10.3514 (9.3818)  lr: 0.000100  max mem: 2.9 GB
2025-01-05 20:46:04,264 Train INFO: eta: 1:02:48  iter: 20400  time: 0.1373 (0.1923)  data: 0.0245 (0.0792)  loss: 8.8409 (9.3812)  lr: 0.000100  max mem: 2.9 GB
2025-01-05 20:46:07,065 Train INFO: eta: 1:02:44  iter: 20420  time: 0.1370 (0.1922)  data: 0.0245 (0.0792)  loss: 9.2878 (9.3815)  lr: 0.000100  max mem: 2.9 GB
2025-01-05 20:46:09,810 Train INFO: eta: 1:02:39  iter: 20440  time: 0.1358 (0.1922)  data: 0.0249 (0.0791)  loss: 8.8175 (9.3815)  lr: 0.000100  max mem: 2.9 GB
2025-01-05 20:46:12,556 Train INFO: eta: 1:02:34  iter: 20460  time: 0.1373 (0.1921)  data: 0.0245 (0.0791)  loss: 9.2201 (9.3812)  lr: 0.000100  max mem: 2.9 GB
2025-01-05 20:46:15,311 Train INFO: eta: 1:02:29  iter: 20480  time: 0.1382 (0.1921)  data: 0.0247 (0.0790)  loss: 9.3062 (9.3811)  lr: 0.000100  max mem: 2.9 GB
2025-01-05 20:46:18,075 Train INFO: eta: 1:02:24  iter: 20500  time: 0.1375 (0.1920)  data: 0.0242 (0.0790)  loss: 9.1162 (9.3807)  lr: 0.000100  max mem: 2.9 GB
2025-01-05 20:46:20,825 Train INFO: eta: 1:02:19  iter: 20520  time: 0.1373 (0.1920)  data: 0.0242 (0.0789)  loss: 8.5016 (9.3800)  lr: 0.000100  max mem: 2.9 GB
2025-01-05 20:46:23,574 Train INFO: eta: 1:02:14  iter: 20540  time: 0.1368 (0.1919)  data: 0.0247 (0.0788)  loss: 8.6285 (9.3798)  lr: 0.000100  max mem: 2.9 GB
2025-01-05 20:46:26,343 Train INFO: eta: 1:02:09  iter: 20560  time: 0.1373 (0.1919)  data: 0.0240 (0.0788)  loss: 9.1135 (9.3797)  lr: 0.000100  max mem: 2.9 GB
2025-01-05 20:46:29,098 Train INFO: eta: 1:02:05  iter: 20580  time: 0.1375 (0.1918)  data: 0.0240 (0.0787)  loss: 8.2366 (9.3786)  lr: 0.000100  max mem: 2.9 GB
2025-01-05 20:46:31,848 Train INFO: eta: 1:02:00  iter: 20600  time: 0.1369 (0.1918)  data: 0.0241 (0.0787)  loss: 8.5892 (9.3779)  lr: 0.000100  max mem: 2.9 GB
2025-01-05 20:46:34,607 Train INFO: eta: 1:01:55  iter: 20620  time: 0.1387 (0.1917)  data: 0.0230 (0.0786)  loss: 8.3949 (9.3770)  lr: 0.000100  max mem: 2.9 GB
2025-01-05 20:46:37,365 Train INFO: eta: 1:01:50  iter: 20640  time: 0.1375 (0.1917)  data: 0.0228 (0.0786)  loss: 9.0238 (9.3767)  lr: 0.000100  max mem: 2.9 GB
2025-01-05 20:46:40,141 Train INFO: eta: 1:01:45  iter: 20660  time: 0.1384 (0.1916)  data: 0.0236 (0.0785)  loss: 8.7791 (9.3761)  lr: 0.000100  max mem: 2.9 GB
2025-01-05 20:46:42,930 Train INFO: eta: 1:01:40  iter: 20680  time: 0.1384 (0.1916)  data: 0.0228 (0.0785)  loss: 8.3699 (9.3753)  lr: 0.000100  max mem: 2.9 GB
2025-01-05 20:46:45,684 Train INFO: eta: 1:01:36  iter: 20700  time: 0.1380 (0.1915)  data: 0.0227 (0.0784)  loss: 8.3223 (9.3744)  lr: 0.000100  max mem: 2.9 GB
2025-01-05 20:46:48,468 Train INFO: eta: 1:01:31  iter: 20720  time: 0.1397 (0.1915)  data: 0.0228 (0.0784)  loss: 8.4187 (9.3733)  lr: 0.000100  max mem: 2.9 GB
2025-01-05 20:46:51,243 Train INFO: eta: 1:01:26  iter: 20740  time: 0.1372 (0.1914)  data: 0.0223 (0.0783)  loss: 8.1373 (9.3722)  lr: 0.000100  max mem: 2.9 GB
2025-01-05 20:46:53,971 Train INFO: eta: 1:01:21  iter: 20760  time: 0.1354 (0.1913)  data: 0.0233 (0.0783)  loss: 7.5237 (9.3706)  lr: 0.000100  max mem: 2.9 GB
2025-01-05 20:46:56,773 Train INFO: eta: 1:01:16  iter: 20780  time: 0.1395 (0.1913)  data: 0.0221 (0.0782)  loss: 8.2775 (9.3696)  lr: 0.000100  max mem: 2.9 GB
2025-01-05 20:46:59,577 Train INFO: eta: 1:01:11  iter: 20800  time: 0.1397 (0.1912)  data: 0.0223 (0.0782)  loss: 8.2672 (9.3690)  lr: 0.000100  max mem: 2.9 GB
2025-01-05 20:47:02,386 Train INFO: eta: 1:01:07  iter: 20820  time: 0.1403 (0.1912)  data: 0.0225 (0.0781)  loss: 7.9944 (9.3678)  lr: 0.000100  max mem: 2.9 GB
2025-01-05 20:47:05,220 Train INFO: eta: 1:01:02  iter: 20840  time: 0.1417 (0.1912)  data: 0.0220 (0.0780)  loss: 7.9097 (9.3666)  lr: 0.000100  max mem: 2.9 GB
2025-01-05 20:47:07,971 Train INFO: eta: 1:00:57  iter: 20860  time: 0.1373 (0.1911)  data: 0.0221 (0.0780)  loss: 8.1513 (9.3657)  lr: 0.000100  max mem: 2.9 GB
2025-01-05 20:47:10,717 Train INFO: eta: 1:00:52  iter: 20880  time: 0.1360 (0.1911)  data: 0.0220 (0.0779)  loss: 8.0145 (9.3647)  lr: 0.000100  max mem: 2.9 GB
2025-01-05 20:47:13,459 Train INFO: eta: 1:00:48  iter: 20900  time: 0.1352 (0.1910)  data: 0.0221 (0.0779)  loss: 8.4101 (9.3636)  lr: 0.000100  max mem: 2.9 GB
2025-01-05 20:47:16,206 Train INFO: eta: 1:00:43  iter: 20920  time: 0.1373 (0.1909)  data: 0.0218 (0.0778)  loss: 8.1215 (9.3625)  lr: 0.000100  max mem: 2.9 GB
2025-01-05 20:47:18,995 Train INFO: eta: 1:00:38  iter: 20940  time: 0.1387 (0.1909)  data: 0.0218 (0.0778)  loss: 8.3213 (9.3615)  lr: 0.000100  max mem: 2.9 GB
2025-01-05 20:47:21,708 Train INFO: eta: 1:00:33  iter: 20960  time: 0.1354 (0.1908)  data: 0.0217 (0.0777)  loss: 7.6775 (9.3601)  lr: 0.000100  max mem: 2.9 GB
2025-01-05 20:47:24,475 Train INFO: eta: 1:00:28  iter: 20980  time: 0.1373 (0.1908)  data: 0.0216 (0.0777)  loss: 8.5493 (9.3592)  lr: 0.000100  max mem: 2.9 GB
2025-01-05 20:47:27,235 Train INFO: eta: 1:00:24  iter: 21000  time: 0.1360 (0.1907)  data: 0.0213 (0.0776)  loss: 7.5798 (9.3582)  lr: 0.000100  max mem: 2.9 GB
2025-01-05 20:47:27,334 Train INFO: Validation
2025-01-05 20:47:27,339 Train INFO: Begin extract
2025-01-05 20:48:25,419 Train INFO: Performance at iteration 021000: {'mean_average_precision_at_r': 0.5189708451770482, 'precision_at_1': 0.7857426200786751, 'r_precision': 0.5463766841237834}
2025-01-05 20:48:28,163 Train INFO: eta: 1:01:11  iter: 21020  time: 0.1354 (0.1935)  data: 0.0212 (0.0803)  loss: 7.6118 (9.3569)  lr: 0.000100  max mem: 2.9 GB
2025-01-05 20:48:31,363 Train INFO: eta: 1:01:07  iter: 21040  time: 0.1363 (0.1934)  data: 0.0249 (0.0803)  loss: 7.5927 (9.3554)  lr: 0.000100  max mem: 2.9 GB
2025-01-05 20:48:34,169 Train INFO: eta: 1:01:02  iter: 21060  time: 0.1391 (0.1934)  data: 0.0260 (0.0802)  loss: 8.1062 (9.3543)  lr: 0.000100  max mem: 2.9 GB
2025-01-05 20:48:36,925 Train INFO: eta: 1:00:57  iter: 21080  time: 0.1364 (0.1933)  data: 0.0263 (0.0802)  loss: 9.6685 (9.3545)  lr: 0.000100  max mem: 2.9 GB
2025-01-05 20:48:39,723 Train INFO: eta: 1:00:52  iter: 21100  time: 0.1388 (0.1933)  data: 0.0251 (0.0801)  loss: 10.8528 (9.3559)  lr: 0.000100  max mem: 2.9 GB
2025-01-05 20:48:42,544 Train INFO: eta: 1:00:48  iter: 21120  time: 0.1389 (0.1932)  data: 0.0260 (0.0801)  loss: 10.3012 (9.3571)  lr: 0.000100  max mem: 2.9 GB
2025-01-05 20:48:45,358 Train INFO: eta: 1:00:43  iter: 21140  time: 0.1407 (0.1932)  data: 0.0259 (0.0800)  loss: 10.5421 (9.3583)  lr: 0.000100  max mem: 2.9 GB
2025-01-05 20:48:48,131 Train INFO: eta: 1:00:38  iter: 21160  time: 0.1370 (0.1931)  data: 0.0260 (0.0800)  loss: 10.5138 (9.3591)  lr: 0.000100  max mem: 2.9 GB
2025-01-05 20:48:50,926 Train INFO: eta: 1:00:33  iter: 21180  time: 0.1388 (0.1931)  data: 0.0259 (0.0799)  loss: 9.7355 (9.3599)  lr: 0.000100  max mem: 2.9 GB
2025-01-05 20:48:53,752 Train INFO: eta: 1:00:28  iter: 21200  time: 0.1413 (0.1930)  data: 0.0248 (0.0799)  loss: 11.3440 (9.3618)  lr: 0.000100  max mem: 2.9 GB
2025-01-05 20:48:56,548 Train INFO: eta: 1:00:24  iter: 21220  time: 0.1394 (0.1930)  data: 0.0252 (0.0798)  loss: 9.4964 (9.3623)  lr: 0.000100  max mem: 2.9 GB
2025-01-05 20:48:59,347 Train INFO: eta: 1:00:19  iter: 21240  time: 0.1391 (0.1929)  data: 0.0258 (0.0798)  loss: 10.1647 (9.3631)  lr: 0.000100  max mem: 2.9 GB
2025-01-05 20:49:02,148 Train INFO: eta: 1:00:14  iter: 21260  time: 0.1389 (0.1929)  data: 0.0259 (0.0797)  loss: 10.0748 (9.3639)  lr: 0.000100  max mem: 2.9 GB
2025-01-05 20:49:04,974 Train INFO: eta: 1:00:09  iter: 21280  time: 0.1410 (0.1928)  data: 0.0250 (0.0797)  loss: 9.8254 (9.3646)  lr: 0.000100  max mem: 2.9 GB
2025-01-05 20:49:07,793 Train INFO: eta: 1:00:04  iter: 21300  time: 0.1421 (0.1928)  data: 0.0251 (0.0796)  loss: 9.3571 (9.3648)  lr: 0.000100  max mem: 2.9 GB
2025-01-05 20:49:10,659 Train INFO: eta: 1:00:00  iter: 21320  time: 0.1423 (0.1927)  data: 0.0251 (0.0796)  loss: 10.6510 (9.3662)  lr: 0.000100  max mem: 2.9 GB
2025-01-05 20:49:13,417 Train INFO: eta: 0:59:55  iter: 21340  time: 0.1372 (0.1927)  data: 0.0254 (0.0795)  loss: 9.5754 (9.3666)  lr: 0.000100  max mem: 2.9 GB
2025-01-05 20:49:16,177 Train INFO: eta: 0:59:50  iter: 21360  time: 0.1369 (0.1926)  data: 0.0255 (0.0795)  loss: 8.8797 (9.3665)  lr: 0.000100  max mem: 2.9 GB
2025-01-05 20:49:18,977 Train INFO: eta: 0:59:45  iter: 21380  time: 0.1387 (0.1926)  data: 0.0252 (0.0794)  loss: 9.9575 (9.3671)  lr: 0.000100  max mem: 2.9 GB
2025-01-05 20:49:21,775 Train INFO: eta: 0:59:41  iter: 21400  time: 0.1394 (0.1925)  data: 0.0246 (0.0794)  loss: 10.3589 (9.3683)  lr: 0.000100  max mem: 2.9 GB
2025-01-05 20:49:24,552 Train INFO: eta: 0:59:36  iter: 21420  time: 0.1378 (0.1925)  data: 0.0245 (0.0793)  loss: 9.3514 (9.3686)  lr: 0.000100  max mem: 2.9 GB
2025-01-05 20:49:27,325 Train INFO: eta: 0:59:31  iter: 21440  time: 0.1392 (0.1924)  data: 0.0249 (0.0793)  loss: 9.6746 (9.3690)  lr: 0.000100  max mem: 2.9 GB
2025-01-05 20:49:30,088 Train INFO: eta: 0:59:26  iter: 21460  time: 0.1365 (0.1924)  data: 0.0249 (0.0792)  loss: 9.1799 (9.3691)  lr: 0.000100  max mem: 2.9 GB
2025-01-05 20:49:32,866 Train INFO: eta: 0:59:21  iter: 21480  time: 0.1396 (0.1923)  data: 0.0250 (0.0792)  loss: 9.5451 (9.3694)  lr: 0.000100  max mem: 2.9 GB
2025-01-05 20:49:35,627 Train INFO: eta: 0:59:17  iter: 21500  time: 0.1378 (0.1923)  data: 0.0246 (0.0791)  loss: 8.6642 (9.3689)  lr: 0.000100  max mem: 2.9 GB
2025-01-05 20:49:38,409 Train INFO: eta: 0:59:12  iter: 21520  time: 0.1366 (0.1922)  data: 0.0246 (0.0791)  loss: 9.5896 (9.3692)  lr: 0.000100  max mem: 2.9 GB
2025-01-05 20:49:41,166 Train INFO: eta: 0:59:07  iter: 21540  time: 0.1373 (0.1922)  data: 0.0253 (0.0790)  loss: 9.1412 (9.3692)  lr: 0.000100  max mem: 2.9 GB
2025-01-05 20:49:43,925 Train INFO: eta: 0:59:02  iter: 21560  time: 0.1381 (0.1921)  data: 0.0250 (0.0790)  loss: 9.6079 (9.3692)  lr: 0.000100  max mem: 2.9 GB
2025-01-05 20:49:46,644 Train INFO: eta: 0:58:58  iter: 21580  time: 0.1350 (0.1921)  data: 0.0244 (0.0789)  loss: 9.5639 (9.3694)  lr: 0.000100  max mem: 2.9 GB
2025-01-05 20:49:49,423 Train INFO: eta: 0:58:53  iter: 21600  time: 0.1378 (0.1920)  data: 0.0245 (0.0789)  loss: 8.9789 (9.3692)  lr: 0.000100  max mem: 2.9 GB
2025-01-05 20:49:52,187 Train INFO: eta: 0:58:48  iter: 21620  time: 0.1373 (0.1920)  data: 0.0249 (0.0788)  loss: 9.0376 (9.3692)  lr: 0.000100  max mem: 2.9 GB
2025-01-05 20:49:54,964 Train INFO: eta: 0:58:43  iter: 21640  time: 0.1387 (0.1919)  data: 0.0248 (0.0788)  loss: 9.5001 (9.3691)  lr: 0.000100  max mem: 2.9 GB
2025-01-05 20:49:57,704 Train INFO: eta: 0:58:39  iter: 21660  time: 0.1364 (0.1919)  data: 0.0249 (0.0787)  loss: 8.1679 (9.3684)  lr: 0.000100  max mem: 2.9 GB
2025-01-05 20:50:00,493 Train INFO: eta: 0:58:34  iter: 21680  time: 0.1378 (0.1918)  data: 0.0245 (0.0787)  loss: 9.0651 (9.3684)  lr: 0.000100  max mem: 2.9 GB
2025-01-05 20:50:03,248 Train INFO: eta: 0:58:29  iter: 21700  time: 0.1364 (0.1918)  data: 0.0237 (0.0786)  loss: 8.6203 (9.3675)  lr: 0.000100  max mem: 2.9 GB
2025-01-05 20:50:06,013 Train INFO: eta: 0:58:24  iter: 21720  time: 0.1375 (0.1917)  data: 0.0241 (0.0786)  loss: 8.9893 (9.3677)  lr: 0.000100  max mem: 2.9 GB
2025-01-05 20:50:08,762 Train INFO: eta: 0:58:20  iter: 21740  time: 0.1367 (0.1917)  data: 0.0241 (0.0785)  loss: 8.6646 (9.3670)  lr: 0.000100  max mem: 2.9 GB
2025-01-05 20:50:11,506 Train INFO: eta: 0:58:15  iter: 21760  time: 0.1366 (0.1916)  data: 0.0242 (0.0785)  loss: 8.8867 (9.3667)  lr: 0.000100  max mem: 2.9 GB
2025-01-05 20:50:14,208 Train INFO: eta: 0:58:10  iter: 21780  time: 0.1338 (0.1916)  data: 0.0238 (0.0784)  loss: 8.1922 (9.3656)  lr: 0.000100  max mem: 2.9 GB
2025-01-05 20:50:16,946 Train INFO: eta: 0:58:05  iter: 21800  time: 0.1366 (0.1915)  data: 0.0237 (0.0784)  loss: 9.1150 (9.3655)  lr: 0.000100  max mem: 2.9 GB
2025-01-05 20:50:19,677 Train INFO: eta: 0:58:01  iter: 21820  time: 0.1363 (0.1915)  data: 0.0239 (0.0783)  loss: 8.3197 (9.3647)  lr: 0.000100  max mem: 2.9 GB
2025-01-05 20:50:22,438 Train INFO: eta: 0:57:56  iter: 21840  time: 0.1371 (0.1914)  data: 0.0232 (0.0783)  loss: 7.8961 (9.3636)  lr: 0.000100  max mem: 2.9 GB
2025-01-05 20:50:25,183 Train INFO: eta: 0:57:51  iter: 21860  time: 0.1361 (0.1914)  data: 0.0236 (0.0782)  loss: 8.4284 (9.3629)  lr: 0.000100  max mem: 2.9 GB
2025-01-05 20:50:27,951 Train INFO: eta: 0:57:46  iter: 21880  time: 0.1368 (0.1913)  data: 0.0232 (0.0782)  loss: 8.8319 (9.3624)  lr: 0.000100  max mem: 2.9 GB
2025-01-05 20:50:30,685 Train INFO: eta: 0:57:42  iter: 21900  time: 0.1363 (0.1913)  data: 0.0230 (0.0781)  loss: 7.6736 (9.3609)  lr: 0.000100  max mem: 2.9 GB
2025-01-05 20:50:33,430 Train INFO: eta: 0:57:37  iter: 21920  time: 0.1361 (0.1912)  data: 0.0235 (0.0781)  loss: 7.8917 (9.3596)  lr: 0.000100  max mem: 2.9 GB
2025-01-05 20:50:36,179 Train INFO: eta: 0:57:32  iter: 21940  time: 0.1364 (0.1912)  data: 0.0228 (0.0780)  loss: 8.1154 (9.3585)  lr: 0.000100  max mem: 2.9 GB
2025-01-05 20:50:38,890 Train INFO: eta: 0:57:28  iter: 21960  time: 0.1343 (0.1911)  data: 0.0229 (0.0780)  loss: 7.9246 (9.3574)  lr: 0.000100  max mem: 2.9 GB
2025-01-05 20:50:41,605 Train INFO: eta: 0:57:23  iter: 21980  time: 0.1355 (0.1911)  data: 0.0232 (0.0779)  loss: 8.5026 (9.3568)  lr: 0.000100  max mem: 2.9 GB
2025-01-05 20:50:44,314 Train INFO: eta: 0:57:18  iter: 22000  time: 0.1350 (0.1910)  data: 0.0225 (0.0779)  loss: 7.8487 (9.3556)  lr: 0.000100  max mem: 2.9 GB
2025-01-05 20:50:44,426 Train INFO: Validation
2025-01-05 20:50:44,433 Train INFO: Begin extract
2025-01-05 20:51:42,274 Train INFO: Performance at iteration 022000: {'mean_average_precision_at_r': 0.5207710405753726, 'precision_at_1': 0.7887838418564675, 'r_precision': 0.5481422453543211}
2025-01-05 20:51:45,065 Train INFO: eta: 0:58:01  iter: 22020  time: 0.1389 (0.1936)  data: 0.0214 (0.0804)  loss: 9.4764 (9.3558)  lr: 0.000010  max mem: 2.9 GB
2025-01-05 20:51:47,794 Train INFO: eta: 0:57:56  iter: 22040  time: 0.1358 (0.1936)  data: 0.0224 (0.0804)  loss: 10.8361 (9.3579)  lr: 0.000010  max mem: 2.9 GB
2025-01-05 20:51:50,540 Train INFO: eta: 0:57:51  iter: 22060  time: 0.1361 (0.1935)  data: 0.0206 (0.0803)  loss: 10.7237 (9.3594)  lr: 0.000010  max mem: 2.9 GB
2025-01-05 20:51:53,249 Train INFO: eta: 0:57:46  iter: 22080  time: 0.1343 (0.1935)  data: 0.0206 (0.0803)  loss: 8.9121 (9.3595)  lr: 0.000010  max mem: 2.9 GB
2025-01-05 20:51:55,944 Train INFO: eta: 0:57:42  iter: 22100  time: 0.1330 (0.1934)  data: 0.0213 (0.0802)  loss: 9.3643 (9.3598)  lr: 0.000010  max mem: 2.9 GB
2025-01-05 20:51:58,617 Train INFO: eta: 0:57:37  iter: 22120  time: 0.1324 (0.1934)  data: 0.0217 (0.0802)  loss: 9.5062 (9.3599)  lr: 0.000010  max mem: 2.9 GB
2025-01-05 20:52:01,448 Train INFO: eta: 0:57:32  iter: 22140  time: 0.1324 (0.1933)  data: 0.0216 (0.0801)  loss: 8.5497 (9.3597)  lr: 0.000010  max mem: 2.9 GB
2025-01-05 20:52:04,188 Train INFO: eta: 0:57:27  iter: 22160  time: 0.1366 (0.1933)  data: 0.0195 (0.0801)  loss: 9.0520 (9.3595)  lr: 0.000010  max mem: 2.9 GB
2025-01-05 20:52:06,924 Train INFO: eta: 0:57:22  iter: 22180  time: 0.1351 (0.1932)  data: 0.0196 (0.0800)  loss: 8.2475 (9.3586)  lr: 0.000010  max mem: 2.9 GB
2025-01-05 20:52:09,928 Train INFO: eta: 0:57:18  iter: 22200  time: 0.1356 (0.1932)  data: 0.0203 (0.0800)  loss: 9.0605 (9.3584)  lr: 0.000010  max mem: 2.9 GB
2025-01-05 20:52:12,641 Train INFO: eta: 0:57:13  iter: 22220  time: 0.1352 (0.1931)  data: 0.0261 (0.0799)  loss: 8.4495 (9.3578)  lr: 0.000010  max mem: 2.9 GB
2025-01-05 20:52:15,371 Train INFO: eta: 0:57:08  iter: 22240  time: 0.1366 (0.1931)  data: 0.0266 (0.0799)  loss: 9.5415 (9.3581)  lr: 0.000010  max mem: 2.9 GB
2025-01-05 20:52:18,120 Train INFO: eta: 0:57:04  iter: 22260  time: 0.1378 (0.1930)  data: 0.0263 (0.0798)  loss: 10.8848 (9.3593)  lr: 0.000010  max mem: 2.9 GB
2025-01-05 20:52:20,922 Train INFO: eta: 0:56:59  iter: 22280  time: 0.1391 (0.1930)  data: 0.0250 (0.0798)  loss: 10.5045 (9.3603)  lr: 0.000010  max mem: 2.9 GB
2025-01-05 20:52:23,677 Train INFO: eta: 0:56:54  iter: 22300  time: 0.1362 (0.1929)  data: 0.0260 (0.0797)  loss: 10.5877 (9.3619)  lr: 0.000010  max mem: 2.9 GB
2025-01-05 20:52:26,416 Train INFO: eta: 0:56:49  iter: 22320  time: 0.1363 (0.1929)  data: 0.0255 (0.0797)  loss: 11.2735 (9.3634)  lr: 0.000010  max mem: 2.9 GB
2025-01-05 20:52:29,243 Train INFO: eta: 0:56:45  iter: 22340  time: 0.1402 (0.1928)  data: 0.0250 (0.0796)  loss: 11.1552 (9.3653)  lr: 0.000010  max mem: 2.9 GB
2025-01-05 20:52:31,988 Train INFO: eta: 0:56:40  iter: 22360  time: 0.1372 (0.1928)  data: 0.0254 (0.0796)  loss: 10.7419 (9.3668)  lr: 0.000010  max mem: 2.9 GB
2025-01-05 20:52:34,695 Train INFO: eta: 0:56:35  iter: 22380  time: 0.1353 (0.1927)  data: 0.0260 (0.0795)  loss: 10.9274 (9.3680)  lr: 0.000010  max mem: 2.9 GB
2025-01-05 20:52:37,442 Train INFO: eta: 0:56:31  iter: 22400  time: 0.1362 (0.1927)  data: 0.0257 (0.0795)  loss: 10.6247 (9.3692)  lr: 0.000010  max mem: 2.9 GB
2025-01-05 20:52:40,189 Train INFO: eta: 0:56:26  iter: 22420  time: 0.1362 (0.1926)  data: 0.0256 (0.0794)  loss: 10.4274 (9.3703)  lr: 0.000010  max mem: 2.9 GB
2025-01-05 20:52:42,936 Train INFO: eta: 0:56:21  iter: 22440  time: 0.1361 (0.1926)  data: 0.0257 (0.0794)  loss: 10.8491 (9.3717)  lr: 0.000010  max mem: 2.9 GB
2025-01-05 20:52:45,712 Train INFO: eta: 0:56:16  iter: 22460  time: 0.1381 (0.1925)  data: 0.0251 (0.0793)  loss: 11.9709 (9.3739)  lr: 0.000010  max mem: 2.9 GB
2025-01-05 20:52:48,538 Train INFO: eta: 0:56:12  iter: 22480  time: 0.1405 (0.1925)  data: 0.0239 (0.0793)  loss: 11.2756 (9.3755)  lr: 0.000010  max mem: 2.9 GB
2025-01-05 20:52:51,377 Train INFO: eta: 0:56:07  iter: 22500  time: 0.1408 (0.1924)  data: 0.0239 (0.0792)  loss: 11.1002 (9.3771)  lr: 0.000010  max mem: 2.9 GB
2025-01-05 20:52:54,182 Train INFO: eta: 0:56:02  iter: 22520  time: 0.1404 (0.1924)  data: 0.0237 (0.0792)  loss: 10.4043 (9.3785)  lr: 0.000010  max mem: 2.9 GB
2025-01-05 20:52:57,047 Train INFO: eta: 0:55:58  iter: 22540  time: 0.1428 (0.1923)  data: 0.0231 (0.0791)  loss: 10.4263 (9.3795)  lr: 0.000010  max mem: 2.9 GB
2025-01-05 20:52:59,844 Train INFO: eta: 0:55:53  iter: 22560  time: 0.1394 (0.1923)  data: 0.0241 (0.0791)  loss: 10.8491 (9.3811)  lr: 0.000010  max mem: 2.9 GB
2025-01-05 20:53:02,708 Train INFO: eta: 0:55:49  iter: 22580  time: 0.1431 (0.1923)  data: 0.0239 (0.0791)  loss: 10.5384 (9.3822)  lr: 0.000010  max mem: 2.9 GB
2025-01-05 20:53:05,546 Train INFO: eta: 0:55:44  iter: 22600  time: 0.1403 (0.1922)  data: 0.0238 (0.0790)  loss: 10.4686 (9.3832)  lr: 0.000010  max mem: 2.9 GB
2025-01-05 20:53:08,420 Train INFO: eta: 0:55:39  iter: 22620  time: 0.1422 (0.1922)  data: 0.0242 (0.0790)  loss: 9.6391 (9.3836)  lr: 0.000010  max mem: 2.9 GB
2025-01-05 20:53:11,193 Train INFO: eta: 0:55:35  iter: 22640  time: 0.1381 (0.1921)  data: 0.0227 (0.0789)  loss: 9.9486 (9.3842)  lr: 0.000010  max mem: 2.9 GB
2025-01-05 20:53:14,047 Train INFO: eta: 0:55:30  iter: 22660  time: 0.1412 (0.1921)  data: 0.0227 (0.0789)  loss: 9.9896 (9.3848)  lr: 0.000010  max mem: 2.9 GB
2025-01-05 20:53:16,876 Train INFO: eta: 0:55:26  iter: 22680  time: 0.1408 (0.1920)  data: 0.0229 (0.0788)  loss: 10.0061 (9.3857)  lr: 0.000010  max mem: 2.9 GB
2025-01-05 20:53:19,693 Train INFO: eta: 0:55:21  iter: 22700  time: 0.1411 (0.1920)  data: 0.0223 (0.0788)  loss: 10.5611 (9.3868)  lr: 0.000010  max mem: 2.9 GB
2025-01-05 20:53:22,511 Train INFO: eta: 0:55:16  iter: 22720  time: 0.1406 (0.1919)  data: 0.0227 (0.0787)  loss: 9.7150 (9.3873)  lr: 0.000010  max mem: 2.9 GB
2025-01-05 20:53:25,296 Train INFO: eta: 0:55:12  iter: 22740  time: 0.1387 (0.1919)  data: 0.0231 (0.0787)  loss: 9.8125 (9.3881)  lr: 0.000010  max mem: 2.9 GB
2025-01-05 20:53:28,071 Train INFO: eta: 0:55:07  iter: 22760  time: 0.1378 (0.1918)  data: 0.0233 (0.0786)  loss: 10.3609 (9.3892)  lr: 0.000010  max mem: 2.9 GB
2025-01-05 20:53:30,848 Train INFO: eta: 0:55:02  iter: 22780  time: 0.1386 (0.1918)  data: 0.0239 (0.0786)  loss: 9.8870 (9.3898)  lr: 0.000010  max mem: 2.9 GB
2025-01-05 20:53:33,685 Train INFO: eta: 0:54:58  iter: 22800  time: 0.1353 (0.1918)  data: 0.0249 (0.0785)  loss: 9.4272 (9.3904)  lr: 0.000010  max mem: 2.9 GB
2025-01-05 20:53:36,409 Train INFO: eta: 0:54:53  iter: 22820  time: 0.1352 (0.1917)  data: 0.0246 (0.0785)  loss: 10.0814 (9.3908)  lr: 0.000010  max mem: 2.9 GB
2025-01-05 20:53:39,193 Train INFO: eta: 0:54:48  iter: 22840  time: 0.1384 (0.1917)  data: 0.0239 (0.0784)  loss: 10.1135 (9.3915)  lr: 0.000010  max mem: 2.9 GB
2025-01-05 20:53:41,956 Train INFO: eta: 0:54:44  iter: 22860  time: 0.1380 (0.1916)  data: 0.0238 (0.0784)  loss: 9.8471 (9.3922)  lr: 0.000010  max mem: 2.9 GB
2025-01-05 20:53:44,841 Train INFO: eta: 0:54:39  iter: 22880  time: 0.1413 (0.1916)  data: 0.0217 (0.0783)  loss: 9.7766 (9.3927)  lr: 0.000010  max mem: 2.9 GB
2025-01-05 20:53:47,636 Train INFO: eta: 0:54:35  iter: 22900  time: 0.1392 (0.1915)  data: 0.0217 (0.0783)  loss: 9.4549 (9.3928)  lr: 0.000010  max mem: 2.9 GB
2025-01-05 20:53:50,387 Train INFO: eta: 0:54:30  iter: 22920  time: 0.1368 (0.1915)  data: 0.0231 (0.0782)  loss: 9.9789 (9.3935)  lr: 0.000010  max mem: 2.9 GB
2025-01-05 20:53:53,114 Train INFO: eta: 0:54:25  iter: 22940  time: 0.1351 (0.1914)  data: 0.0237 (0.0782)  loss: 8.9947 (9.3933)  lr: 0.000010  max mem: 2.9 GB
2025-01-05 20:53:55,846 Train INFO: eta: 0:54:21  iter: 22960  time: 0.1353 (0.1914)  data: 0.0239 (0.0781)  loss: 9.8313 (9.3936)  lr: 0.000010  max mem: 2.9 GB
2025-01-05 20:53:58,604 Train INFO: eta: 0:54:16  iter: 22980  time: 0.1360 (0.1913)  data: 0.0235 (0.0781)  loss: 9.4926 (9.3938)  lr: 0.000010  max mem: 2.9 GB
2025-01-05 20:54:01,331 Train INFO: eta: 0:54:11  iter: 23000  time: 0.1356 (0.1913)  data: 0.0233 (0.0780)  loss: 8.7531 (9.3934)  lr: 0.000010  max mem: 2.9 GB
2025-01-05 20:54:01,433 Train INFO: Validation
2025-01-05 20:54:01,437 Train INFO: Begin extract
2025-01-05 20:54:56,765 Train INFO: Best iteration 23000: {'mean_average_precision_at_r': 0.5353939651410994, 'precision_at_1': 0.7986512842550659, 'r_precision': 0.5629942152342238}
2025-01-05 20:54:59,587 Train INFO: eta: 0:54:48  iter: 23020  time: 0.1395 (0.1937)  data: 0.0213 (0.0804)  loss: 8.5128 (9.3928)  lr: 0.000010  max mem: 2.9 GB
2025-01-05 20:55:02,409 Train INFO: eta: 0:54:43  iter: 23040  time: 0.1403 (0.1936)  data: 0.0215 (0.0803)  loss: 8.9974 (9.3923)  lr: 0.000010  max mem: 2.9 GB
2025-01-05 20:55:05,236 Train INFO: eta: 0:54:39  iter: 23060  time: 0.1395 (0.1936)  data: 0.0205 (0.0803)  loss: 8.7387 (9.3920)  lr: 0.000010  max mem: 2.9 GB
2025-01-05 20:55:08,047 Train INFO: eta: 0:54:34  iter: 23080  time: 0.1389 (0.1935)  data: 0.0205 (0.0802)  loss: 8.1102 (9.3910)  lr: 0.000010  max mem: 2.9 GB
2025-01-05 20:55:10,882 Train INFO: eta: 0:54:29  iter: 23100  time: 0.1409 (0.1935)  data: 0.0216 (0.0802)  loss: 8.9730 (9.3907)  lr: 0.000010  max mem: 2.9 GB
2025-01-05 20:55:13,644 Train INFO: eta: 0:54:25  iter: 23120  time: 0.1376 (0.1934)  data: 0.0220 (0.0801)  loss: 8.5106 (9.3903)  lr: 0.000010  max mem: 2.9 GB
2025-01-05 20:55:16,426 Train INFO: eta: 0:54:20  iter: 23140  time: 0.1388 (0.1934)  data: 0.0221 (0.0801)  loss: 8.9532 (9.3901)  lr: 0.000010  max mem: 2.9 GB
2025-01-05 20:55:19,207 Train INFO: eta: 0:54:15  iter: 23160  time: 0.1384 (0.1933)  data: 0.0218 (0.0800)  loss: 8.8893 (9.3898)  lr: 0.000010  max mem: 2.9 GB
2025-01-05 20:55:21,985 Train INFO: eta: 0:54:11  iter: 23180  time: 0.1370 (0.1933)  data: 0.0213 (0.0800)  loss: 8.0731 (9.3891)  lr: 0.000010  max mem: 2.9 GB
2025-01-05 20:55:24,770 Train INFO: eta: 0:54:06  iter: 23200  time: 0.1384 (0.1932)  data: 0.0210 (0.0799)  loss: 7.8313 (9.3883)  lr: 0.000010  max mem: 2.9 GB
2025-01-05 20:55:27,474 Train INFO: eta: 0:54:01  iter: 23220  time: 0.1343 (0.1932)  data: 0.0224 (0.0799)  loss: 8.1149 (9.3874)  lr: 0.000010  max mem: 2.9 GB
2025-01-05 20:55:30,181 Train INFO: eta: 0:53:57  iter: 23240  time: 0.1353 (0.1931)  data: 0.0216 (0.0798)  loss: 8.5620 (9.3869)  lr: 0.000010  max mem: 2.9 GB
2025-01-05 20:55:32,927 Train INFO: eta: 0:53:52  iter: 23260  time: 0.1374 (0.1931)  data: 0.0205 (0.0798)  loss: 8.4556 (9.3862)  lr: 0.000010  max mem: 2.9 GB
2025-01-05 20:55:35,669 Train INFO: eta: 0:53:47  iter: 23280  time: 0.1367 (0.1930)  data: 0.0202 (0.0797)  loss: 8.0841 (9.3851)  lr: 0.000010  max mem: 2.9 GB
2025-01-05 20:55:38,418 Train INFO: eta: 0:53:43  iter: 23300  time: 0.1371 (0.1930)  data: 0.0199 (0.0797)  loss: 8.9060 (9.3845)  lr: 0.000010  max mem: 2.9 GB
2025-01-05 20:55:41,166 Train INFO: eta: 0:53:38  iter: 23320  time: 0.1375 (0.1929)  data: 0.0195 (0.0796)  loss: 8.5745 (9.3838)  lr: 0.000010  max mem: 2.9 GB
2025-01-05 20:55:43,925 Train INFO: eta: 0:53:33  iter: 23340  time: 0.1372 (0.1929)  data: 0.0195 (0.0796)  loss: 8.9623 (9.3835)  lr: 0.000010  max mem: 2.9 GB
2025-01-05 20:55:46,679 Train INFO: eta: 0:53:29  iter: 23360  time: 0.1369 (0.1929)  data: 0.0192 (0.0795)  loss: 8.6680 (9.3832)  lr: 0.000010  max mem: 2.9 GB
2025-01-05 20:55:49,792 Train INFO: eta: 0:53:24  iter: 23380  time: 0.1412 (0.1928)  data: 0.0237 (0.0795)  loss: 9.1240 (9.3831)  lr: 0.000010  max mem: 2.9 GB
2025-01-05 20:55:52,642 Train INFO: eta: 0:53:20  iter: 23400  time: 0.1416 (0.1928)  data: 0.0246 (0.0794)  loss: 8.5753 (9.3824)  lr: 0.000010  max mem: 2.9 GB
2025-01-05 20:55:55,514 Train INFO: eta: 0:53:15  iter: 23420  time: 0.1427 (0.1927)  data: 0.0249 (0.0794)  loss: 10.1607 (9.3830)  lr: 0.000010  max mem: 2.9 GB
2025-01-05 20:55:58,424 Train INFO: eta: 0:53:11  iter: 23440  time: 0.1396 (0.1927)  data: 0.0263 (0.0794)  loss: 10.0601 (9.3839)  lr: 0.000010  max mem: 2.9 GB
2025-01-05 20:56:01,248 Train INFO: eta: 0:53:06  iter: 23460  time: 0.1411 (0.1927)  data: 0.0244 (0.0793)  loss: 10.0582 (9.3847)  lr: 0.000010  max mem: 2.9 GB
2025-01-05 20:56:04,072 Train INFO: eta: 0:53:01  iter: 23480  time: 0.1405 (0.1926)  data: 0.0252 (0.0793)  loss: 9.9753 (9.3853)  lr: 0.000010  max mem: 2.9 GB
2025-01-05 20:56:06,828 Train INFO: eta: 0:52:57  iter: 23500  time: 0.1373 (0.1926)  data: 0.0256 (0.0792)  loss: 10.8747 (9.3867)  lr: 0.000010  max mem: 2.9 GB
2025-01-05 20:56:09,556 Train INFO: eta: 0:52:52  iter: 23520  time: 0.1366 (0.1925)  data: 0.0263 (0.0792)  loss: 10.5883 (9.3878)  lr: 0.000010  max mem: 2.9 GB
2025-01-05 20:56:12,261 Train INFO: eta: 0:52:48  iter: 23540  time: 0.1345 (0.1925)  data: 0.0262 (0.0791)  loss: 10.0306 (9.3888)  lr: 0.000010  max mem: 2.9 GB
2025-01-05 20:56:15,002 Train INFO: eta: 0:52:43  iter: 23560  time: 0.1352 (0.1924)  data: 0.0261 (0.0791)  loss: 10.4420 (9.3898)  lr: 0.000010  max mem: 2.9 GB
2025-01-05 20:56:17,759 Train INFO: eta: 0:52:38  iter: 23580  time: 0.1369 (0.1924)  data: 0.0254 (0.0790)  loss: 10.4637 (9.3911)  lr: 0.000010  max mem: 2.9 GB
2025-01-05 20:56:20,538 Train INFO: eta: 0:52:34  iter: 23600  time: 0.1382 (0.1923)  data: 0.0252 (0.0790)  loss: 10.6856 (9.3923)  lr: 0.000010  max mem: 2.9 GB
2025-01-05 20:56:23,305 Train INFO: eta: 0:52:29  iter: 23620  time: 0.1375 (0.1923)  data: 0.0257 (0.0789)  loss: 10.5078 (9.3933)  lr: 0.000010  max mem: 2.9 GB
2025-01-05 20:56:26,064 Train INFO: eta: 0:52:24  iter: 23640  time: 0.1369 (0.1922)  data: 0.0256 (0.0789)  loss: 10.4188 (9.3943)  lr: 0.000010  max mem: 2.9 GB
2025-01-05 20:56:28,818 Train INFO: eta: 0:52:20  iter: 23660  time: 0.1369 (0.1922)  data: 0.0255 (0.0789)  loss: 10.5593 (9.3952)  lr: 0.000010  max mem: 2.9 GB
2025-01-05 20:56:31,585 Train INFO: eta: 0:52:15  iter: 23680  time: 0.1378 (0.1921)  data: 0.0253 (0.0788)  loss: 10.0089 (9.3959)  lr: 0.000010  max mem: 2.9 GB
2025-01-05 20:56:34,344 Train INFO: eta: 0:52:11  iter: 23700  time: 0.1357 (0.1921)  data: 0.0256 (0.0788)  loss: 10.4231 (9.3967)  lr: 0.000010  max mem: 2.9 GB
2025-01-05 20:56:37,111 Train INFO: eta: 0:52:06  iter: 23720  time: 0.1370 (0.1921)  data: 0.0254 (0.0787)  loss: 10.2807 (9.3976)  lr: 0.000010  max mem: 2.9 GB
2025-01-05 20:56:39,851 Train INFO: eta: 0:52:02  iter: 23740  time: 0.1362 (0.1920)  data: 0.0257 (0.0787)  loss: 10.4690 (9.3985)  lr: 0.000010  max mem: 2.9 GB
2025-01-05 20:56:42,609 Train INFO: eta: 0:51:57  iter: 23760  time: 0.1370 (0.1920)  data: 0.0252 (0.0786)  loss: 10.9009 (9.3997)  lr: 0.000010  max mem: 2.9 GB
2025-01-05 20:56:45,373 Train INFO: eta: 0:51:52  iter: 23780  time: 0.1372 (0.1919)  data: 0.0244 (0.0786)  loss: 10.1891 (9.4004)  lr: 0.000010  max mem: 2.9 GB
2025-01-05 20:56:48,112 Train INFO: eta: 0:51:48  iter: 23800  time: 0.1368 (0.1919)  data: 0.0250 (0.0785)  loss: 9.0818 (9.4003)  lr: 0.000010  max mem: 2.9 GB
2025-01-05 20:56:50,855 Train INFO: eta: 0:51:43  iter: 23820  time: 0.1366 (0.1918)  data: 0.0252 (0.0785)  loss: 9.8133 (9.4007)  lr: 0.000010  max mem: 2.9 GB
2025-01-05 20:56:53,657 Train INFO: eta: 0:51:39  iter: 23840  time: 0.1388 (0.1918)  data: 0.0247 (0.0785)  loss: 10.2173 (9.4012)  lr: 0.000010  max mem: 2.9 GB
2025-01-05 20:56:56,418 Train INFO: eta: 0:51:34  iter: 23860  time: 0.1362 (0.1917)  data: 0.0250 (0.0784)  loss: 9.9917 (9.4015)  lr: 0.000010  max mem: 2.9 GB
2025-01-05 20:56:59,154 Train INFO: eta: 0:51:30  iter: 23880  time: 0.1357 (0.1917)  data: 0.0248 (0.0784)  loss: 9.8105 (9.4018)  lr: 0.000010  max mem: 2.9 GB
2025-01-05 20:57:01,922 Train INFO: eta: 0:51:25  iter: 23900  time: 0.1373 (0.1916)  data: 0.0245 (0.0783)  loss: 9.4713 (9.4019)  lr: 0.000010  max mem: 2.9 GB
2025-01-05 20:57:04,645 Train INFO: eta: 0:51:20  iter: 23920  time: 0.1353 (0.1916)  data: 0.0243 (0.0783)  loss: 8.8552 (9.4017)  lr: 0.000010  max mem: 2.9 GB
2025-01-05 20:57:07,388 Train INFO: eta: 0:51:16  iter: 23940  time: 0.1367 (0.1916)  data: 0.0243 (0.0782)  loss: 9.0073 (9.4016)  lr: 0.000010  max mem: 2.9 GB
2025-01-05 20:57:10,109 Train INFO: eta: 0:51:11  iter: 23960  time: 0.1350 (0.1915)  data: 0.0246 (0.0782)  loss: 8.7483 (9.4015)  lr: 0.000010  max mem: 2.9 GB
2025-01-05 20:57:12,840 Train INFO: eta: 0:51:07  iter: 23980  time: 0.1362 (0.1915)  data: 0.0241 (0.0781)  loss: 9.1289 (9.4012)  lr: 0.000010  max mem: 2.9 GB
2025-01-05 20:57:15,582 Train INFO: eta: 0:51:02  iter: 24000  time: 0.1353 (0.1914)  data: 0.0243 (0.0781)  loss: 9.4068 (9.4015)  lr: 0.000010  max mem: 2.9 GB
2025-01-05 20:57:15,674 Train INFO: Validation
2025-01-05 20:57:15,678 Train INFO: Begin extract
2025-01-05 20:58:08,835 Train INFO: Best iteration 24000: {'mean_average_precision_at_r': 0.5392403268094692, 'precision_at_1': 0.8005520478661863, 'r_precision': 0.5667467905488963}
2025-01-05 20:58:11,595 Train INFO: eta: 0:51:33  iter: 24020  time: 0.1368 (0.1936)  data: 0.0234 (0.0803)  loss: 9.0271 (9.4016)  lr: 0.000010  max mem: 2.9 GB
2025-01-05 20:58:14,318 Train INFO: eta: 0:51:28  iter: 24040  time: 0.1359 (0.1935)  data: 0.0240 (0.0802)  loss: 9.2167 (9.4017)  lr: 0.000010  max mem: 2.9 GB
2025-01-05 20:58:17,071 Train INFO: eta: 0:51:24  iter: 24060  time: 0.1360 (0.1935)  data: 0.0237 (0.0802)  loss: 9.7880 (9.4022)  lr: 0.000010  max mem: 2.9 GB
2025-01-05 20:58:19,807 Train INFO: eta: 0:51:19  iter: 24080  time: 0.1358 (0.1934)  data: 0.0232 (0.0801)  loss: 9.8343 (9.4027)  lr: 0.000010  max mem: 2.9 GB
2025-01-05 20:58:22,595 Train INFO: eta: 0:51:15  iter: 24100  time: 0.1397 (0.1934)  data: 0.0221 (0.0801)  loss: 9.3603 (9.4030)  lr: 0.000010  max mem: 2.9 GB
2025-01-05 20:58:25,417 Train INFO: eta: 0:51:10  iter: 24120  time: 0.1403 (0.1934)  data: 0.0209 (0.0800)  loss: 8.9058 (9.4030)  lr: 0.000010  max mem: 2.9 GB
2025-01-05 20:58:28,211 Train INFO: eta: 0:51:05  iter: 24140  time: 0.1391 (0.1933)  data: 0.0215 (0.0800)  loss: 9.1333 (9.4030)  lr: 0.000010  max mem: 2.9 GB
2025-01-05 20:58:30,971 Train INFO: eta: 0:51:01  iter: 24160  time: 0.1376 (0.1933)  data: 0.0223 (0.0799)  loss: 8.0088 (9.4021)  lr: 0.000010  max mem: 2.9 GB
2025-01-05 20:58:33,729 Train INFO: eta: 0:50:56  iter: 24180  time: 0.1369 (0.1932)  data: 0.0228 (0.0799)  loss: 8.6736 (9.4017)  lr: 0.000010  max mem: 2.9 GB
2025-01-05 20:58:36,542 Train INFO: eta: 0:50:52  iter: 24200  time: 0.1383 (0.1932)  data: 0.0227 (0.0798)  loss: 9.3444 (9.4016)  lr: 0.000010  max mem: 2.9 GB
2025-01-05 20:58:39,312 Train INFO: eta: 0:50:47  iter: 24220  time: 0.1386 (0.1931)  data: 0.0209 (0.0798)  loss: 8.8899 (9.4011)  lr: 0.000010  max mem: 2.9 GB
2025-01-05 20:58:42,098 Train INFO: eta: 0:50:43  iter: 24240  time: 0.1387 (0.1931)  data: 0.0207 (0.0797)  loss: 8.2446 (9.4007)  lr: 0.000010  max mem: 2.9 GB
2025-01-05 20:58:44,869 Train INFO: eta: 0:50:38  iter: 24260  time: 0.1383 (0.1930)  data: 0.0208 (0.0797)  loss: 8.9489 (9.4005)  lr: 0.000010  max mem: 2.9 GB
2025-01-05 20:58:47,650 Train INFO: eta: 0:50:33  iter: 24280  time: 0.1389 (0.1930)  data: 0.0206 (0.0796)  loss: 8.0118 (9.3996)  lr: 0.000010  max mem: 2.9 GB
2025-01-05 20:58:50,463 Train INFO: eta: 0:50:29  iter: 24300  time: 0.1402 (0.1930)  data: 0.0205 (0.0796)  loss: 8.6611 (9.3991)  lr: 0.000010  max mem: 2.9 GB
2025-01-05 20:58:53,234 Train INFO: eta: 0:50:24  iter: 24320  time: 0.1379 (0.1929)  data: 0.0207 (0.0795)  loss: 8.5211 (9.3986)  lr: 0.000010  max mem: 2.9 GB
2025-01-05 20:58:56,015 Train INFO: eta: 0:50:20  iter: 24340  time: 0.1393 (0.1929)  data: 0.0206 (0.0795)  loss: 8.8293 (9.3982)  lr: 0.000010  max mem: 2.9 GB
2025-01-05 20:58:58,782 Train INFO: eta: 0:50:15  iter: 24360  time: 0.1382 (0.1928)  data: 0.0203 (0.0794)  loss: 8.6020 (9.3975)  lr: 0.000010  max mem: 2.9 GB
2025-01-05 20:59:01,560 Train INFO: eta: 0:50:11  iter: 24380  time: 0.1383 (0.1928)  data: 0.0201 (0.0794)  loss: 8.4858 (9.3969)  lr: 0.000010  max mem: 2.9 GB
2025-01-05 20:59:04,337 Train INFO: eta: 0:50:06  iter: 24400  time: 0.1380 (0.1927)  data: 0.0200 (0.0794)  loss: 8.6289 (9.3966)  lr: 0.000010  max mem: 2.9 GB
2025-01-05 20:59:07,098 Train INFO: eta: 0:50:02  iter: 24420  time: 0.1388 (0.1927)  data: 0.0202 (0.0793)  loss: 8.8924 (9.3964)  lr: 0.000010  max mem: 2.9 GB
2025-01-05 20:59:09,848 Train INFO: eta: 0:49:57  iter: 24440  time: 0.1366 (0.1926)  data: 0.0200 (0.0793)  loss: 8.1210 (9.3957)  lr: 0.000010  max mem: 2.9 GB
2025-01-05 20:59:12,589 Train INFO: eta: 0:49:53  iter: 24460  time: 0.1369 (0.1926)  data: 0.0195 (0.0792)  loss: 8.7939 (9.3953)  lr: 0.000010  max mem: 2.9 GB
2025-01-05 20:59:15,337 Train INFO: eta: 0:49:48  iter: 24480  time: 0.1374 (0.1926)  data: 0.0197 (0.0792)  loss: 8.6668 (9.3950)  lr: 0.000010  max mem: 2.9 GB
2025-01-05 20:59:18,092 Train INFO: eta: 0:49:43  iter: 24500  time: 0.1367 (0.1925)  data: 0.0197 (0.0791)  loss: 8.5942 (9.3943)  lr: 0.000010  max mem: 2.9 GB
2025-01-05 20:59:21,024 Train INFO: eta: 0:49:39  iter: 24520  time: 0.1370 (0.1925)  data: 0.0194 (0.0791)  loss: 8.6534 (9.3937)  lr: 0.000010  max mem: 2.9 GB
2025-01-05 20:59:23,962 Train INFO: eta: 0:49:35  iter: 24540  time: 0.1330 (0.1924)  data: 0.0212 (0.0790)  loss: 8.3153 (9.3931)  lr: 0.000010  max mem: 2.9 GB
2025-01-05 20:59:26,664 Train INFO: eta: 0:49:30  iter: 24560  time: 0.1348 (0.1924)  data: 0.0260 (0.0790)  loss: 8.0610 (9.3921)  lr: 0.000010  max mem: 2.9 GB
2025-01-05 20:59:29,385 Train INFO: eta: 0:49:25  iter: 24580  time: 0.1351 (0.1923)  data: 0.0257 (0.0789)  loss: 9.0455 (9.3918)  lr: 0.000010  max mem: 2.9 GB
2025-01-05 20:59:32,071 Train INFO: eta: 0:49:21  iter: 24600  time: 0.1334 (0.1923)  data: 0.0264 (0.0789)  loss: 9.4494 (9.3917)  lr: 0.000010  max mem: 2.9 GB
2025-01-05 20:59:34,755 Train INFO: eta: 0:49:16  iter: 24620  time: 0.1343 (0.1922)  data: 0.0265 (0.0789)  loss: 9.1637 (9.3917)  lr: 0.000010  max mem: 2.9 GB
2025-01-05 20:59:37,456 Train INFO: eta: 0:49:12  iter: 24640  time: 0.1345 (0.1922)  data: 0.0261 (0.0788)  loss: 9.5385 (9.3921)  lr: 0.000010  max mem: 2.9 GB
2025-01-05 20:59:40,146 Train INFO: eta: 0:49:07  iter: 24660  time: 0.1341 (0.1922)  data: 0.0264 (0.0788)  loss: 9.2518 (9.3922)  lr: 0.000010  max mem: 2.9 GB
2025-01-05 20:59:42,836 Train INFO: eta: 0:49:03  iter: 24680  time: 0.1335 (0.1921)  data: 0.0264 (0.0787)  loss: 9.9945 (9.3929)  lr: 0.000010  max mem: 2.9 GB
2025-01-05 20:59:45,526 Train INFO: eta: 0:48:58  iter: 24700  time: 0.1339 (0.1921)  data: 0.0259 (0.0787)  loss: 10.2699 (9.3938)  lr: 0.000010  max mem: 2.9 GB
2025-01-05 20:59:48,230 Train INFO: eta: 0:48:54  iter: 24720  time: 0.1343 (0.1920)  data: 0.0257 (0.0786)  loss: 11.1524 (9.3953)  lr: 0.000010  max mem: 2.9 GB
2025-01-05 20:59:50,928 Train INFO: eta: 0:48:49  iter: 24740  time: 0.1349 (0.1920)  data: 0.0256 (0.0786)  loss: 10.6289 (9.3965)  lr: 0.000010  max mem: 2.9 GB
2025-01-05 20:59:53,652 Train INFO: eta: 0:48:44  iter: 24760  time: 0.1336 (0.1919)  data: 0.0256 (0.0786)  loss: 10.4710 (9.3974)  lr: 0.000010  max mem: 2.9 GB
2025-01-05 20:59:56,390 Train INFO: eta: 0:48:40  iter: 24780  time: 0.1363 (0.1919)  data: 0.0262 (0.0785)  loss: 10.1920 (9.3985)  lr: 0.000010  max mem: 2.9 GB
2025-01-05 20:59:59,119 Train INFO: eta: 0:48:35  iter: 24800  time: 0.1361 (0.1918)  data: 0.0271 (0.0785)  loss: 11.3521 (9.4002)  lr: 0.000010  max mem: 2.9 GB
2025-01-05 21:00:01,821 Train INFO: eta: 0:48:31  iter: 24820  time: 0.1346 (0.1918)  data: 0.0261 (0.0784)  loss: 10.9636 (9.4014)  lr: 0.000010  max mem: 2.9 GB
2025-01-05 21:00:04,576 Train INFO: eta: 0:48:26  iter: 24840  time: 0.1370 (0.1917)  data: 0.0252 (0.0784)  loss: 11.2747 (9.4028)  lr: 0.000010  max mem: 2.9 GB
2025-01-05 21:00:07,325 Train INFO: eta: 0:48:22  iter: 24860  time: 0.1376 (0.1917)  data: 0.0246 (0.0783)  loss: 10.7989 (9.4041)  lr: 0.000010  max mem: 2.9 GB
2025-01-05 21:00:10,075 Train INFO: eta: 0:48:17  iter: 24880  time: 0.1369 (0.1917)  data: 0.0244 (0.0783)  loss: 10.6463 (9.4052)  lr: 0.000010  max mem: 2.9 GB
2025-01-05 21:00:12,784 Train INFO: eta: 0:48:13  iter: 24900  time: 0.1364 (0.1916)  data: 0.0252 (0.0783)  loss: 10.1041 (9.4060)  lr: 0.000010  max mem: 2.9 GB
2025-01-05 21:00:15,463 Train INFO: eta: 0:48:08  iter: 24920  time: 0.1343 (0.1916)  data: 0.0255 (0.0782)  loss: 10.0694 (9.4067)  lr: 0.000010  max mem: 2.9 GB
2025-01-05 21:00:18,169 Train INFO: eta: 0:48:04  iter: 24940  time: 0.1331 (0.1915)  data: 0.0258 (0.0782)  loss: 10.4196 (9.4075)  lr: 0.000010  max mem: 2.9 GB
2025-01-05 21:00:20,853 Train INFO: eta: 0:47:59  iter: 24960  time: 0.1336 (0.1915)  data: 0.0253 (0.0781)  loss: 10.4544 (9.4084)  lr: 0.000010  max mem: 2.9 GB
2025-01-05 21:00:23,532 Train INFO: eta: 0:47:55  iter: 24980  time: 0.1336 (0.1914)  data: 0.0256 (0.0781)  loss: 9.7744 (9.4087)  lr: 0.000010  max mem: 2.9 GB
2025-01-05 21:00:26,190 Train INFO: eta: 0:47:50  iter: 25000  time: 0.1327 (0.1914)  data: 0.0250 (0.0780)  loss: 10.1965 (9.4092)  lr: 0.000010  max mem: 2.9 GB
2025-01-05 21:00:26,283 Train INFO: Validation
2025-01-05 21:00:26,287 Train INFO: Begin extract
2025-01-05 21:01:23,184 Train INFO: Best iteration 25000: {'mean_average_precision_at_r': 0.5401387135213661, 'precision_at_1': 0.8009322005884103, 'r_precision': 0.5674910607226894}
2025-01-05 21:01:25,929 Train INFO: eta: 0:48:20  iter: 25020  time: 0.1374 (0.1936)  data: 0.0243 (0.0803)  loss: 9.6866 (9.4093)  lr: 0.000010  max mem: 2.9 GB
2025-01-05 21:01:28,669 Train INFO: eta: 0:48:15  iter: 25040  time: 0.1369 (0.1936)  data: 0.0241 (0.0802)  loss: 8.8164 (9.4092)  lr: 0.000010  max mem: 2.9 GB
2025-01-05 21:01:31,405 Train INFO: eta: 0:48:11  iter: 25060  time: 0.1362 (0.1935)  data: 0.0242 (0.0802)  loss: 9.7174 (9.4095)  lr: 0.000010  max mem: 2.9 GB
2025-01-05 21:01:34,139 Train INFO: eta: 0:48:06  iter: 25080  time: 0.1357 (0.1935)  data: 0.0240 (0.0801)  loss: 9.5788 (9.4096)  lr: 0.000010  max mem: 2.9 GB
2025-01-05 21:01:36,856 Train INFO: eta: 0:48:02  iter: 25100  time: 0.1360 (0.1934)  data: 0.0242 (0.0801)  loss: 9.6788 (9.4099)  lr: 0.000010  max mem: 2.9 GB
2025-01-05 21:01:39,616 Train INFO: eta: 0:47:57  iter: 25120  time: 0.1365 (0.1934)  data: 0.0230 (0.0801)  loss: 9.5532 (9.4100)  lr: 0.000010  max mem: 2.9 GB
2025-01-05 21:01:42,346 Train INFO: eta: 0:47:53  iter: 25140  time: 0.1357 (0.1933)  data: 0.0239 (0.0800)  loss: 9.3451 (9.4102)  lr: 0.000010  max mem: 2.9 GB
2025-01-05 21:01:45,226 Train INFO: eta: 0:47:48  iter: 25160  time: 0.1369 (0.1933)  data: 0.0241 (0.0800)  loss: 9.2033 (9.4101)  lr: 0.000010  max mem: 2.9 GB
2025-01-05 21:01:48,029 Train INFO: eta: 0:47:44  iter: 25180  time: 0.1397 (0.1933)  data: 0.0229 (0.0799)  loss: 9.3068 (9.4099)  lr: 0.000010  max mem: 2.9 GB
2025-01-05 21:01:50,841 Train INFO: eta: 0:47:39  iter: 25200  time: 0.1389 (0.1932)  data: 0.0225 (0.0799)  loss: 9.1604 (9.4100)  lr: 0.000010  max mem: 2.9 GB
2025-01-05 21:01:53,630 Train INFO: eta: 0:47:35  iter: 25220  time: 0.1396 (0.1932)  data: 0.0231 (0.0798)  loss: 9.0791 (9.4101)  lr: 0.000010  max mem: 2.9 GB
2025-01-05 21:01:56,444 Train INFO: eta: 0:47:30  iter: 25240  time: 0.1405 (0.1931)  data: 0.0221 (0.0798)  loss: 9.6428 (9.4103)  lr: 0.000010  max mem: 2.9 GB
2025-01-05 21:01:59,221 Train INFO: eta: 0:47:26  iter: 25260  time: 0.1386 (0.1931)  data: 0.0217 (0.0797)  loss: 9.6595 (9.4106)  lr: 0.000010  max mem: 2.9 GB
2025-01-05 21:02:02,211 Train INFO: eta: 0:47:21  iter: 25280  time: 0.1362 (0.1931)  data: 0.0240 (0.0797)  loss: 9.7892 (9.4110)  lr: 0.000010  max mem: 2.9 GB
2025-01-05 21:02:04,898 Train INFO: eta: 0:47:17  iter: 25300  time: 0.1338 (0.1930)  data: 0.0241 (0.0797)  loss: 9.8209 (9.4113)  lr: 0.000010  max mem: 2.9 GB
2025-01-05 21:02:07,689 Train INFO: eta: 0:47:12  iter: 25320  time: 0.1379 (0.1930)  data: 0.0208 (0.0796)  loss: 9.1118 (9.4113)  lr: 0.000010  max mem: 2.9 GB
2025-01-05 21:02:10,547 Train INFO: eta: 0:47:08  iter: 25340  time: 0.1411 (0.1929)  data: 0.0213 (0.0796)  loss: 8.0904 (9.4107)  lr: 0.000010  max mem: 2.9 GB
2025-01-05 21:02:13,381 Train INFO: eta: 0:47:03  iter: 25360  time: 0.1419 (0.1929)  data: 0.0210 (0.0795)  loss: 8.4594 (9.4100)  lr: 0.000010  max mem: 2.9 GB
2025-01-05 21:02:16,208 Train INFO: eta: 0:46:59  iter: 25380  time: 0.1402 (0.1929)  data: 0.0213 (0.0795)  loss: 8.4904 (9.4093)  lr: 0.000010  max mem: 2.9 GB
2025-01-05 21:02:18,992 Train INFO: eta: 0:46:55  iter: 25400  time: 0.1385 (0.1928)  data: 0.0212 (0.0794)  loss: 8.1876 (9.4084)  lr: 0.000010  max mem: 2.9 GB
2025-01-05 21:02:21,751 Train INFO: eta: 0:46:50  iter: 25420  time: 0.1374 (0.1928)  data: 0.0214 (0.0794)  loss: 8.3351 (9.4076)  lr: 0.000010  max mem: 2.9 GB
2025-01-05 21:02:24,543 Train INFO: eta: 0:46:46  iter: 25440  time: 0.1395 (0.1927)  data: 0.0216 (0.0793)  loss: 8.4046 (9.4070)  lr: 0.000010  max mem: 2.9 GB
2025-01-05 21:02:27,375 Train INFO: eta: 0:46:41  iter: 25460  time: 0.1396 (0.1927)  data: 0.0214 (0.0793)  loss: 9.0565 (9.4067)  lr: 0.000010  max mem: 2.9 GB
2025-01-05 21:02:30,212 Train INFO: eta: 0:46:37  iter: 25480  time: 0.1412 (0.1926)  data: 0.0208 (0.0792)  loss: 8.6386 (9.4060)  lr: 0.000010  max mem: 2.9 GB
2025-01-05 21:02:33,047 Train INFO: eta: 0:46:32  iter: 25500  time: 0.1401 (0.1926)  data: 0.0214 (0.0792)  loss: 8.5523 (9.4053)  lr: 0.000010  max mem: 2.9 GB
2025-01-05 21:02:35,864 Train INFO: eta: 0:46:28  iter: 25520  time: 0.1397 (0.1926)  data: 0.0219 (0.0792)  loss: 7.8176 (9.4044)  lr: 0.000010  max mem: 2.9 GB
2025-01-05 21:02:38,597 Train INFO: eta: 0:46:23  iter: 25540  time: 0.1349 (0.1925)  data: 0.0216 (0.0791)  loss: 8.7288 (9.4041)  lr: 0.000010  max mem: 2.9 GB
2025-01-05 21:02:41,400 Train INFO: eta: 0:46:19  iter: 25560  time: 0.1396 (0.1925)  data: 0.0209 (0.0791)  loss: 8.1868 (9.4035)  lr: 0.000010  max mem: 2.9 GB
2025-01-05 21:02:44,126 Train INFO: eta: 0:46:14  iter: 25580  time: 0.1365 (0.1924)  data: 0.0207 (0.0790)  loss: 8.2013 (9.4025)  lr: 0.000010  max mem: 2.9 GB
2025-01-05 21:02:46,897 Train INFO: eta: 0:46:10  iter: 25600  time: 0.1368 (0.1924)  data: 0.0208 (0.0790)  loss: 7.8512 (9.4013)  lr: 0.000010  max mem: 2.9 GB
2025-01-05 21:02:49,705 Train INFO: eta: 0:46:06  iter: 25620  time: 0.1397 (0.1924)  data: 0.0209 (0.0789)  loss: 7.9831 (9.4004)  lr: 0.000010  max mem: 2.9 GB
2025-01-05 21:02:52,508 Train INFO: eta: 0:46:01  iter: 25640  time: 0.1396 (0.1923)  data: 0.0200 (0.0789)  loss: 8.1504 (9.3998)  lr: 0.000010  max mem: 2.9 GB
2025-01-05 21:02:55,215 Train INFO: eta: 0:45:57  iter: 25660  time: 0.1355 (0.1923)  data: 0.0207 (0.0788)  loss: 8.1896 (9.3991)  lr: 0.000010  max mem: 2.9 GB
2025-01-05 21:02:57,933 Train INFO: eta: 0:45:52  iter: 25680  time: 0.1349 (0.1922)  data: 0.0209 (0.0788)  loss: 8.2688 (9.3982)  lr: 0.000010  max mem: 2.9 GB
2025-01-05 21:03:00,687 Train INFO: eta: 0:45:48  iter: 25700  time: 0.1370 (0.1922)  data: 0.0207 (0.0787)  loss: 8.5744 (9.3976)  lr: 0.000010  max mem: 2.9 GB
2025-01-05 21:03:03,749 Train INFO: eta: 0:45:43  iter: 25720  time: 0.1373 (0.1922)  data: 0.0245 (0.0787)  loss: 8.3421 (9.3968)  lr: 0.000010  max mem: 2.9 GB
2025-01-05 21:03:06,532 Train INFO: eta: 0:45:39  iter: 25740  time: 0.1386 (0.1921)  data: 0.0255 (0.0787)  loss: 8.3617 (9.3962)  lr: 0.000010  max mem: 2.9 GB
2025-01-05 21:03:09,250 Train INFO: eta: 0:45:35  iter: 25760  time: 0.1350 (0.1921)  data: 0.0258 (0.0786)  loss: 10.5549 (9.3970)  lr: 0.000010  max mem: 2.9 GB
2025-01-05 21:03:12,027 Train INFO: eta: 0:45:30  iter: 25780  time: 0.1384 (0.1920)  data: 0.0262 (0.0786)  loss: 10.3136 (9.3976)  lr: 0.000010  max mem: 2.9 GB
2025-01-05 21:03:14,808 Train INFO: eta: 0:45:26  iter: 25800  time: 0.1382 (0.1920)  data: 0.0254 (0.0785)  loss: 11.0911 (9.3985)  lr: 0.000010  max mem: 2.9 GB
2025-01-05 21:03:17,603 Train INFO: eta: 0:45:21  iter: 25820  time: 0.1391 (0.1919)  data: 0.0256 (0.0785)  loss: 10.1694 (9.3991)  lr: 0.000010  max mem: 2.9 GB
2025-01-05 21:03:20,391 Train INFO: eta: 0:45:17  iter: 25840  time: 0.1389 (0.1919)  data: 0.0257 (0.0785)  loss: 10.7274 (9.4000)  lr: 0.000010  max mem: 2.9 GB
2025-01-05 21:03:23,343 Train INFO: eta: 0:45:13  iter: 25860  time: 0.1394 (0.1919)  data: 0.0254 (0.0784)  loss: 11.1232 (9.4012)  lr: 0.000010  max mem: 2.9 GB
2025-01-05 21:03:26,165 Train INFO: eta: 0:45:08  iter: 25880  time: 0.1403 (0.1918)  data: 0.0246 (0.0784)  loss: 10.2623 (9.4022)  lr: 0.000010  max mem: 2.9 GB
2025-01-05 21:03:28,971 Train INFO: eta: 0:45:04  iter: 25900  time: 0.1394 (0.1918)  data: 0.0252 (0.0783)  loss: 10.9643 (9.4033)  lr: 0.000010  max mem: 2.9 GB
2025-01-05 21:03:31,824 Train INFO: eta: 0:44:59  iter: 25920  time: 0.1426 (0.1918)  data: 0.0241 (0.0783)  loss: 10.6811 (9.4046)  lr: 0.000010  max mem: 2.9 GB
2025-01-05 21:03:34,677 Train INFO: eta: 0:44:55  iter: 25940  time: 0.1422 (0.1917)  data: 0.0233 (0.0783)  loss: 10.5912 (9.4059)  lr: 0.000010  max mem: 2.9 GB
2025-01-05 21:03:37,520 Train INFO: eta: 0:44:51  iter: 25960  time: 0.1418 (0.1917)  data: 0.0235 (0.0782)  loss: 10.6136 (9.4069)  lr: 0.000010  max mem: 2.9 GB
2025-01-05 21:03:40,359 Train INFO: eta: 0:44:46  iter: 25980  time: 0.1419 (0.1916)  data: 0.0241 (0.0782)  loss: 10.4529 (9.4079)  lr: 0.000010  max mem: 2.9 GB
2025-01-05 21:03:43,184 Train INFO: eta: 0:44:42  iter: 26000  time: 0.1414 (0.1916)  data: 0.0240 (0.0781)  loss: 9.8423 (9.4082)  lr: 0.000010  max mem: 2.9 GB
2025-01-05 21:03:43,297 Train INFO: Validation
2025-01-05 21:03:43,301 Train INFO: Begin extract
2025-01-05 21:04:38,928 Train INFO: Best iteration 26000: {'mean_average_precision_at_r': 0.5427960924428313, 'precision_at_1': 0.802386697960398, 'r_precision': 0.5705158340203462}
2025-01-05 21:04:41,716 Train INFO: eta: 0:45:07  iter: 26020  time: 0.1405 (0.1937)  data: 0.0248 (0.0802)  loss: 10.2144 (9.4088)  lr: 0.000010  max mem: 2.9 GB
2025-01-05 21:04:44,498 Train INFO: eta: 0:45:03  iter: 26040  time: 0.1388 (0.1937)  data: 0.0250 (0.0802)  loss: 10.0693 (9.4094)  lr: 0.000010  max mem: 2.9 GB
2025-01-05 21:04:47,268 Train INFO: eta: 0:44:59  iter: 26060  time: 0.1377 (0.1936)  data: 0.0261 (0.0802)  loss: 9.7069 (9.4101)  lr: 0.000010  max mem: 2.9 GB
2025-01-05 21:04:50,069 Train INFO: eta: 0:44:54  iter: 26080  time: 0.1394 (0.1936)  data: 0.0249 (0.0801)  loss: 10.0688 (9.4107)  lr: 0.000010  max mem: 2.9 GB
2025-01-05 21:04:52,897 Train INFO: eta: 0:44:50  iter: 26100  time: 0.1421 (0.1935)  data: 0.0246 (0.0801)  loss: 10.7286 (9.4119)  lr: 0.000010  max mem: 2.9 GB
2025-01-05 21:04:55,759 Train INFO: eta: 0:44:45  iter: 26120  time: 0.1432 (0.1935)  data: 0.0235 (0.0800)  loss: 9.7383 (9.4122)  lr: 0.000010  max mem: 2.9 GB
2025-01-05 21:04:58,620 Train INFO: eta: 0:44:41  iter: 26140  time: 0.1424 (0.1935)  data: 0.0236 (0.0800)  loss: 10.1617 (9.4131)  lr: 0.000010  max mem: 2.9 GB
2025-01-05 21:05:01,474 Train INFO: eta: 0:44:36  iter: 26160  time: 0.1410 (0.1934)  data: 0.0239 (0.0799)  loss: 10.3243 (9.4138)  lr: 0.000010  max mem: 2.9 GB
2025-01-05 21:05:04,221 Train INFO: eta: 0:44:32  iter: 26180  time: 0.1353 (0.1934)  data: 0.0246 (0.0799)  loss: 9.6327 (9.4141)  lr: 0.000010  max mem: 2.9 GB
2025-01-05 21:05:06,963 Train INFO: eta: 0:44:28  iter: 26200  time: 0.1365 (0.1933)  data: 0.0249 (0.0799)  loss: 9.6093 (9.4144)  lr: 0.000010  max mem: 2.9 GB
2025-01-05 21:05:09,715 Train INFO: eta: 0:44:23  iter: 26220  time: 0.1371 (0.1933)  data: 0.0247 (0.0798)  loss: 10.3092 (9.4150)  lr: 0.000010  max mem: 2.9 GB
2025-01-05 21:05:12,502 Train INFO: eta: 0:44:19  iter: 26240  time: 0.1382 (0.1933)  data: 0.0238 (0.0798)  loss: 9.6411 (9.4153)  lr: 0.000010  max mem: 2.9 GB
2025-01-05 21:05:15,237 Train INFO: eta: 0:44:14  iter: 26260  time: 0.1367 (0.1932)  data: 0.0243 (0.0797)  loss: 9.2039 (9.4153)  lr: 0.000010  max mem: 2.9 GB
2025-01-05 21:05:17,983 Train INFO: eta: 0:44:10  iter: 26280  time: 0.1373 (0.1932)  data: 0.0244 (0.0797)  loss: 9.4290 (9.4153)  lr: 0.000010  max mem: 2.9 GB
2025-01-05 21:05:20,737 Train INFO: eta: 0:44:05  iter: 26300  time: 0.1368 (0.1931)  data: 0.0239 (0.0796)  loss: 9.0528 (9.4149)  lr: 0.000010  max mem: 2.9 GB
2025-01-05 21:05:23,553 Train INFO: eta: 0:44:01  iter: 26320  time: 0.1402 (0.1931)  data: 0.0232 (0.0796)  loss: 8.1531 (9.4143)  lr: 0.000010  max mem: 2.9 GB
2025-01-05 21:05:26,326 Train INFO: eta: 0:43:56  iter: 26340  time: 0.1381 (0.1930)  data: 0.0232 (0.0796)  loss: 8.6799 (9.4138)  lr: 0.000010  max mem: 2.9 GB
2025-01-05 21:05:29,084 Train INFO: eta: 0:43:52  iter: 26360  time: 0.1367 (0.1930)  data: 0.0236 (0.0795)  loss: 8.1872 (9.4132)  lr: 0.000010  max mem: 2.9 GB
2025-01-05 21:05:31,867 Train INFO: eta: 0:43:48  iter: 26380  time: 0.1377 (0.1930)  data: 0.0226 (0.0795)  loss: 9.4319 (9.4131)  lr: 0.000010  max mem: 2.9 GB
2025-01-05 21:05:34,664 Train INFO: eta: 0:43:43  iter: 26400  time: 0.1372 (0.1929)  data: 0.0228 (0.0794)  loss: 8.7899 (9.4127)  lr: 0.000010  max mem: 2.9 GB
2025-01-05 21:05:37,397 Train INFO: eta: 0:43:39  iter: 26420  time: 0.1363 (0.1929)  data: 0.0233 (0.0794)  loss: 8.4442 (9.4121)  lr: 0.000010  max mem: 2.9 GB
2025-01-05 21:05:40,162 Train INFO: eta: 0:43:34  iter: 26440  time: 0.1377 (0.1928)  data: 0.0235 (0.0793)  loss: 8.7364 (9.4117)  lr: 0.000010  max mem: 2.9 GB
2025-01-05 21:05:42,923 Train INFO: eta: 0:43:30  iter: 26460  time: 0.1377 (0.1928)  data: 0.0237 (0.0793)  loss: 8.9416 (9.4115)  lr: 0.000010  max mem: 2.9 GB
2025-01-05 21:05:45,669 Train INFO: eta: 0:43:26  iter: 26480  time: 0.1375 (0.1928)  data: 0.0231 (0.0793)  loss: 9.1064 (9.4113)  lr: 0.000010  max mem: 2.9 GB
2025-01-05 21:05:48,435 Train INFO: eta: 0:43:21  iter: 26500  time: 0.1367 (0.1927)  data: 0.0230 (0.0792)  loss: 9.1651 (9.4112)  lr: 0.000010  max mem: 2.9 GB
2025-01-05 21:05:51,195 Train INFO: eta: 0:43:17  iter: 26520  time: 0.1372 (0.1927)  data: 0.0224 (0.0792)  loss: 9.1516 (9.4112)  lr: 0.000010  max mem: 2.9 GB
2025-01-05 21:05:53,936 Train INFO: eta: 0:43:12  iter: 26540  time: 0.1366 (0.1926)  data: 0.0227 (0.0791)  loss: 8.6788 (9.4108)  lr: 0.000010  max mem: 2.9 GB
2025-01-05 21:05:56,694 Train INFO: eta: 0:43:08  iter: 26560  time: 0.1381 (0.1926)  data: 0.0227 (0.0791)  loss: 8.8780 (9.4103)  lr: 0.000010  max mem: 2.9 GB
2025-01-05 21:05:59,455 Train INFO: eta: 0:43:03  iter: 26580  time: 0.1382 (0.1925)  data: 0.0226 (0.0790)  loss: 8.8354 (9.4098)  lr: 0.000010  max mem: 2.9 GB
2025-01-05 21:06:02,175 Train INFO: eta: 0:42:59  iter: 26600  time: 0.1357 (0.1925)  data: 0.0226 (0.0790)  loss: 8.2118 (9.4090)  lr: 0.000010  max mem: 2.9 GB
2025-01-05 21:06:04,915 Train INFO: eta: 0:42:55  iter: 26620  time: 0.1359 (0.1925)  data: 0.0222 (0.0790)  loss: 8.4830 (9.4084)  lr: 0.000010  max mem: 2.9 GB
2025-01-05 21:06:07,685 Train INFO: eta: 0:42:50  iter: 26640  time: 0.1378 (0.1924)  data: 0.0223 (0.0789)  loss: 8.9344 (9.4080)  lr: 0.000010  max mem: 2.9 GB
2025-01-05 21:06:10,456 Train INFO: eta: 0:42:46  iter: 26660  time: 0.1379 (0.1924)  data: 0.0221 (0.0789)  loss: 8.4632 (9.4072)  lr: 0.000010  max mem: 2.9 GB
2025-01-05 21:06:13,176 Train INFO: eta: 0:42:41  iter: 26680  time: 0.1336 (0.1923)  data: 0.0224 (0.0788)  loss: 7.9911 (9.4063)  lr: 0.000010  max mem: 2.9 GB
2025-01-05 21:06:15,870 Train INFO: eta: 0:42:37  iter: 26700  time: 0.1341 (0.1923)  data: 0.0223 (0.0788)  loss: 7.8505 (9.4054)  lr: 0.000010  max mem: 2.9 GB
2025-01-05 21:06:18,541 Train INFO: eta: 0:42:33  iter: 26720  time: 0.1333 (0.1923)  data: 0.0224 (0.0788)  loss: 8.1217 (9.4045)  lr: 0.000010  max mem: 2.9 GB
2025-01-05 21:06:21,287 Train INFO: eta: 0:42:28  iter: 26740  time: 0.1370 (0.1922)  data: 0.0218 (0.0787)  loss: 8.3155 (9.4037)  lr: 0.000010  max mem: 2.9 GB
2025-01-05 21:06:23,994 Train INFO: eta: 0:42:24  iter: 26760  time: 0.1347 (0.1922)  data: 0.0219 (0.0787)  loss: 8.7952 (9.4031)  lr: 0.000010  max mem: 2.9 GB
2025-01-05 21:06:26,715 Train INFO: eta: 0:42:19  iter: 26780  time: 0.1344 (0.1921)  data: 0.0212 (0.0786)  loss: 8.3954 (9.4026)  lr: 0.000010  max mem: 2.9 GB
2025-01-05 21:06:29,475 Train INFO: eta: 0:42:15  iter: 26800  time: 0.1370 (0.1921)  data: 0.0215 (0.0786)  loss: 8.1134 (9.4017)  lr: 0.000010  max mem: 2.9 GB
2025-01-05 21:06:32,192 Train INFO: eta: 0:42:11  iter: 26820  time: 0.1348 (0.1920)  data: 0.0212 (0.0785)  loss: 8.6877 (9.4011)  lr: 0.000010  max mem: 2.9 GB
2025-01-05 21:06:34,899 Train INFO: eta: 0:42:06  iter: 26840  time: 0.1348 (0.1920)  data: 0.0213 (0.0785)  loss: 8.0222 (9.4001)  lr: 0.000010  max mem: 2.9 GB
2025-01-05 21:06:37,590 Train INFO: eta: 0:42:02  iter: 26860  time: 0.1347 (0.1920)  data: 0.0211 (0.0785)  loss: 7.6015 (9.3989)  lr: 0.000010  max mem: 2.9 GB
2025-01-05 21:06:40,715 Train INFO: eta: 0:41:58  iter: 26880  time: 0.1344 (0.1919)  data: 0.0212 (0.0784)  loss: 8.0418 (9.3979)  lr: 0.000010  max mem: 2.9 GB
2025-01-05 21:06:43,515 Train INFO: eta: 0:41:53  iter: 26900  time: 0.1386 (0.1919)  data: 0.0264 (0.0784)  loss: 8.3249 (9.3972)  lr: 0.000010  max mem: 2.9 GB
2025-01-05 21:06:46,330 Train INFO: eta: 0:41:49  iter: 26920  time: 0.1399 (0.1919)  data: 0.0257 (0.0783)  loss: 9.7626 (9.3974)  lr: 0.000010  max mem: 2.9 GB
2025-01-05 21:06:49,115 Train INFO: eta: 0:41:45  iter: 26940  time: 0.1385 (0.1918)  data: 0.0264 (0.0783)  loss: 10.1709 (9.3981)  lr: 0.000010  max mem: 2.9 GB
2025-01-05 21:06:51,902 Train INFO: eta: 0:41:40  iter: 26960  time: 0.1389 (0.1918)  data: 0.0260 (0.0783)  loss: 10.3542 (9.3987)  lr: 0.000010  max mem: 2.9 GB
2025-01-05 21:06:54,670 Train INFO: eta: 0:41:36  iter: 26980  time: 0.1390 (0.1917)  data: 0.0260 (0.0782)  loss: 10.0546 (9.3993)  lr: 0.000010  max mem: 2.9 GB
2025-01-05 21:06:57,441 Train INFO: eta: 0:41:32  iter: 27000  time: 0.1395 (0.1917)  data: 0.0253 (0.0782)  loss: 9.9135 (9.3997)  lr: 0.000010  max mem: 2.9 GB
2025-01-05 21:06:57,538 Train INFO: Validation
2025-01-05 21:06:57,542 Train INFO: Begin extract
2025-01-05 21:07:55,545 Train INFO: Performance at iteration 027000: {'mean_average_precision_at_r': 0.5411705122776331, 'precision_at_1': 0.8019900168589468, 'r_precision': 0.5688266587063322}
2025-01-05 21:07:58,371 Train INFO: eta: 0:41:55  iter: 27020  time: 0.1400 (0.1938)  data: 0.0254 (0.0803)  loss: 10.5427 (9.4006)  lr: 0.000010  max mem: 2.9 GB
2025-01-05 21:08:01,199 Train INFO: eta: 0:41:51  iter: 27040  time: 0.1388 (0.1938)  data: 0.0257 (0.0803)  loss: 10.1272 (9.4015)  lr: 0.000010  max mem: 2.9 GB
2025-01-05 21:08:04,011 Train INFO: eta: 0:41:46  iter: 27060  time: 0.1400 (0.1937)  data: 0.0256 (0.0802)  loss: 10.9628 (9.4028)  lr: 0.000010  max mem: 2.9 GB
2025-01-05 21:08:06,826 Train INFO: eta: 0:41:42  iter: 27080  time: 0.1398 (0.1937)  data: 0.0251 (0.0802)  loss: 10.7901 (9.4039)  lr: 0.000010  max mem: 2.9 GB
2025-01-05 21:08:09,606 Train INFO: eta: 0:41:38  iter: 27100  time: 0.1385 (0.1937)  data: 0.0258 (0.0801)  loss: 10.7342 (9.4051)  lr: 0.000010  max mem: 2.9 GB
2025-01-05 21:08:12,437 Train INFO: eta: 0:41:33  iter: 27120  time: 0.1395 (0.1936)  data: 0.0246 (0.0801)  loss: 10.8651 (9.4062)  lr: 0.000010  max mem: 2.9 GB
2025-01-05 21:08:15,210 Train INFO: eta: 0:41:29  iter: 27140  time: 0.1381 (0.1936)  data: 0.0253 (0.0801)  loss: 9.8047 (9.4067)  lr: 0.000010  max mem: 2.9 GB
2025-01-05 21:08:18,041 Train INFO: eta: 0:41:25  iter: 27160  time: 0.1402 (0.1935)  data: 0.0249 (0.0800)  loss: 10.3705 (9.4075)  lr: 0.000010  max mem: 2.9 GB
2025-01-05 21:08:20,883 Train INFO: eta: 0:41:20  iter: 27180  time: 0.1410 (0.1935)  data: 0.0248 (0.0800)  loss: 10.1968 (9.4081)  lr: 0.000010  max mem: 2.9 GB
2025-01-05 21:08:23,780 Train INFO: eta: 0:41:16  iter: 27200  time: 0.1423 (0.1935)  data: 0.0242 (0.0799)  loss: 10.0417 (9.4087)  lr: 0.000010  max mem: 2.9 GB
2025-01-05 21:08:26,593 Train INFO: eta: 0:41:11  iter: 27220  time: 0.1397 (0.1934)  data: 0.0243 (0.0799)  loss: 10.1274 (9.4094)  lr: 0.000010  max mem: 2.9 GB
2025-01-05 21:08:29,449 Train INFO: eta: 0:41:07  iter: 27240  time: 0.1426 (0.1934)  data: 0.0233 (0.0799)  loss: 9.9368 (9.4103)  lr: 0.000010  max mem: 2.9 GB
2025-01-05 21:08:32,263 Train INFO: eta: 0:41:03  iter: 27260  time: 0.1396 (0.1933)  data: 0.0244 (0.0798)  loss: 10.4074 (9.4109)  lr: 0.000010  max mem: 2.9 GB
2025-01-05 21:08:35,090 Train INFO: eta: 0:40:58  iter: 27280  time: 0.1411 (0.1933)  data: 0.0244 (0.0798)  loss: 9.8403 (9.4114)  lr: 0.000010  max mem: 2.9 GB
2025-01-05 21:08:37,890 Train INFO: eta: 0:40:54  iter: 27300  time: 0.1387 (0.1933)  data: 0.0249 (0.0797)  loss: 10.0503 (9.4119)  lr: 0.000010  max mem: 2.9 GB
2025-01-05 21:08:40,694 Train INFO: eta: 0:40:50  iter: 27320  time: 0.1397 (0.1932)  data: 0.0237 (0.0797)  loss: 9.7652 (9.4122)  lr: 0.000010  max mem: 2.9 GB
2025-01-05 21:08:43,529 Train INFO: eta: 0:40:45  iter: 27340  time: 0.1406 (0.1932)  data: 0.0235 (0.0797)  loss: 9.4139 (9.4122)  lr: 0.000010  max mem: 2.9 GB
2025-01-05 21:08:46,383 Train INFO: eta: 0:40:41  iter: 27360  time: 0.1415 (0.1932)  data: 0.0244 (0.0796)  loss: 9.2320 (9.4123)  lr: 0.000010  max mem: 2.9 GB
2025-01-05 21:08:49,249 Train INFO: eta: 0:40:37  iter: 27380  time: 0.1425 (0.1931)  data: 0.0237 (0.0796)  loss: 9.4140 (9.4123)  lr: 0.000010  max mem: 2.9 GB
2025-01-05 21:08:52,123 Train INFO: eta: 0:40:32  iter: 27400  time: 0.1432 (0.1931)  data: 0.0234 (0.0795)  loss: 9.0102 (9.4122)  lr: 0.000010  max mem: 2.9 GB
2025-01-05 21:08:55,095 Train INFO: eta: 0:40:28  iter: 27420  time: 0.1472 (0.1931)  data: 0.0237 (0.0795)  loss: 9.4682 (9.4122)  lr: 0.000010  max mem: 2.9 GB
2025-01-05 21:08:58,020 Train INFO: eta: 0:40:24  iter: 27440  time: 0.1443 (0.1930)  data: 0.0234 (0.0794)  loss: 9.0871 (9.4120)  lr: 0.000010  max mem: 2.9 GB
2025-01-05 21:09:00,819 Train INFO: eta: 0:40:19  iter: 27460  time: 0.1395 (0.1930)  data: 0.0235 (0.0794)  loss: 8.8112 (9.4117)  lr: 0.000010  max mem: 2.9 GB
2025-01-05 21:09:03,629 Train INFO: eta: 0:40:15  iter: 27480  time: 0.1396 (0.1929)  data: 0.0226 (0.0794)  loss: 9.3498 (9.4117)  lr: 0.000010  max mem: 2.9 GB
2025-01-05 21:09:06,439 Train INFO: eta: 0:40:11  iter: 27500  time: 0.1395 (0.1929)  data: 0.0225 (0.0793)  loss: 9.0619 (9.4115)  lr: 0.000010  max mem: 2.9 GB
2025-01-05 21:09:09,260 Train INFO: eta: 0:40:06  iter: 27520  time: 0.1403 (0.1929)  data: 0.0223 (0.0793)  loss: 8.6313 (9.4111)  lr: 0.000010  max mem: 2.9 GB
2025-01-05 21:09:12,086 Train INFO: eta: 0:40:02  iter: 27540  time: 0.1397 (0.1928)  data: 0.0221 (0.0792)  loss: 8.6216 (9.4107)  lr: 0.000010  max mem: 2.9 GB
2025-01-05 21:09:14,878 Train INFO: eta: 0:39:58  iter: 27560  time: 0.1395 (0.1928)  data: 0.0231 (0.0792)  loss: 8.4925 (9.4103)  lr: 0.000010  max mem: 2.9 GB
2025-01-05 21:09:17,777 Train INFO: eta: 0:39:54  iter: 27580  time: 0.1433 (0.1928)  data: 0.0229 (0.0792)  loss: 8.4248 (9.4097)  lr: 0.000010  max mem: 2.9 GB
2025-01-05 21:09:20,631 Train INFO: eta: 0:39:49  iter: 27600  time: 0.1429 (0.1927)  data: 0.0235 (0.0791)  loss: 8.8439 (9.4094)  lr: 0.000010  max mem: 2.9 GB
2025-01-05 21:09:23,493 Train INFO: eta: 0:39:45  iter: 27620  time: 0.1421 (0.1927)  data: 0.0228 (0.0791)  loss: 8.8952 (9.4091)  lr: 0.000010  max mem: 2.9 GB
2025-01-05 21:09:26,354 Train INFO: eta: 0:39:41  iter: 27640  time: 0.1429 (0.1926)  data: 0.0228 (0.0790)  loss: 8.8388 (9.4089)  lr: 0.000010  max mem: 2.9 GB
2025-01-05 21:09:29,286 Train INFO: eta: 0:39:36  iter: 27660  time: 0.1453 (0.1926)  data: 0.0233 (0.0790)  loss: 8.8297 (9.4085)  lr: 0.000010  max mem: 2.9 GB
2025-01-05 21:09:32,283 Train INFO: eta: 0:39:32  iter: 27680  time: 0.1420 (0.1926)  data: 0.0233 (0.0790)  loss: 8.6041 (9.4082)  lr: 0.000010  max mem: 2.9 GB
2025-01-05 21:09:35,142 Train INFO: eta: 0:39:28  iter: 27700  time: 0.1409 (0.1925)  data: 0.0230 (0.0789)  loss: 8.9515 (9.4080)  lr: 0.000010  max mem: 2.9 GB
2025-01-05 21:09:37,858 Train INFO: eta: 0:39:23  iter: 27720  time: 0.1354 (0.1925)  data: 0.0235 (0.0789)  loss: 9.1943 (9.4077)  lr: 0.000010  max mem: 2.9 GB
2025-01-05 21:09:40,658 Train INFO: eta: 0:39:19  iter: 27740  time: 0.1377 (0.1925)  data: 0.0231 (0.0788)  loss: 9.5043 (9.4076)  lr: 0.000010  max mem: 2.9 GB
2025-01-05 21:09:43,597 Train INFO: eta: 0:39:15  iter: 27760  time: 0.1472 (0.1924)  data: 0.0222 (0.0788)  loss: 8.7625 (9.4071)  lr: 0.000010  max mem: 2.9 GB
2025-01-05 21:09:46,532 Train INFO: eta: 0:39:11  iter: 27780  time: 0.1457 (0.1924)  data: 0.0219 (0.0788)  loss: 8.3682 (9.4065)  lr: 0.000010  max mem: 2.9 GB
2025-01-05 21:09:49,413 Train INFO: eta: 0:39:06  iter: 27800  time: 0.1426 (0.1924)  data: 0.0223 (0.0787)  loss: 7.9667 (9.4056)  lr: 0.000010  max mem: 2.9 GB
2025-01-05 21:09:52,216 Train INFO: eta: 0:39:02  iter: 27820  time: 0.1386 (0.1923)  data: 0.0225 (0.0787)  loss: 8.6814 (9.4052)  lr: 0.000010  max mem: 2.9 GB
2025-01-05 21:09:54,967 Train INFO: eta: 0:38:58  iter: 27840  time: 0.1358 (0.1923)  data: 0.0222 (0.0786)  loss: 9.0316 (9.4051)  lr: 0.000010  max mem: 2.9 GB
2025-01-05 21:09:57,678 Train INFO: eta: 0:38:53  iter: 27860  time: 0.1357 (0.1923)  data: 0.0221 (0.0786)  loss: 8.9201 (9.4048)  lr: 0.000010  max mem: 2.9 GB
2025-01-05 21:10:00,423 Train INFO: eta: 0:38:49  iter: 27880  time: 0.1346 (0.1922)  data: 0.0224 (0.0786)  loss: 8.3849 (9.4043)  lr: 0.000010  max mem: 2.9 GB
2025-01-05 21:10:03,122 Train INFO: eta: 0:38:45  iter: 27900  time: 0.1340 (0.1922)  data: 0.0224 (0.0785)  loss: 8.2933 (9.4038)  lr: 0.000010  max mem: 2.9 GB
2025-01-05 21:10:05,821 Train INFO: eta: 0:38:40  iter: 27920  time: 0.1349 (0.1921)  data: 0.0222 (0.0785)  loss: 8.5910 (9.4033)  lr: 0.000010  max mem: 2.9 GB
2025-01-05 21:10:08,499 Train INFO: eta: 0:38:36  iter: 27940  time: 0.1330 (0.1921)  data: 0.0218 (0.0784)  loss: 8.2726 (9.4023)  lr: 0.000010  max mem: 2.9 GB
2025-01-05 21:10:11,201 Train INFO: eta: 0:38:32  iter: 27960  time: 0.1343 (0.1920)  data: 0.0219 (0.0784)  loss: 8.0524 (9.4014)  lr: 0.000010  max mem: 2.9 GB
2025-01-05 21:10:13,930 Train INFO: eta: 0:38:27  iter: 27980  time: 0.1368 (0.1920)  data: 0.0213 (0.0784)  loss: 8.0319 (9.4005)  lr: 0.000010  max mem: 2.9 GB
2025-01-05 21:10:16,648 Train INFO: eta: 0:38:23  iter: 28000  time: 0.1347 (0.1920)  data: 0.0210 (0.0783)  loss: 8.2884 (9.3997)  lr: 0.000010  max mem: 2.9 GB
2025-01-05 21:10:16,754 Train INFO: Validation
2025-01-05 21:10:16,758 Train INFO: Begin extract
2025-01-05 21:11:12,280 Train INFO: Performance at iteration 028000: {'mean_average_precision_at_r': 0.5411571722041664, 'precision_at_1': 0.8024362830980794, 'r_precision': 0.5684651379752368}
2025-01-05 21:11:15,024 Train INFO: eta: 0:38:43  iter: 28020  time: 0.1368 (0.1939)  data: 0.0191 (0.0803)  loss: 7.9523 (9.3988)  lr: 0.000010  max mem: 2.9 GB
2025-01-05 21:11:17,781 Train INFO: eta: 0:38:38  iter: 28040  time: 0.1376 (0.1939)  data: 0.0190 (0.0802)  loss: 7.6588 (9.3977)  lr: 0.000010  max mem: 2.9 GB
2025-01-05 21:11:20,949 Train INFO: eta: 0:38:34  iter: 28060  time: 0.1428 (0.1938)  data: 0.0233 (0.0802)  loss: 8.5325 (9.3972)  lr: 0.000010  max mem: 2.9 GB
2025-01-05 21:11:24,104 Train INFO: eta: 0:38:30  iter: 28080  time: 0.1455 (0.1938)  data: 0.0238 (0.0801)  loss: 8.7558 (9.3971)  lr: 0.000010  max mem: 2.9 GB
2025-01-05 21:11:26,961 Train INFO: eta: 0:38:26  iter: 28100  time: 0.1426 (0.1938)  data: 0.0244 (0.0801)  loss: 8.9616 (9.3972)  lr: 0.000010  max mem: 2.9 GB
2025-01-05 21:11:29,827 Train INFO: eta: 0:38:21  iter: 28120  time: 0.1425 (0.1937)  data: 0.0239 (0.0801)  loss: 9.6186 (9.3976)  lr: 0.000010  max mem: 2.9 GB
2025-01-05 21:11:32,704 Train INFO: eta: 0:38:17  iter: 28140  time: 0.1430 (0.1937)  data: 0.0243 (0.0800)  loss: 10.1880 (9.3982)  lr: 0.000010  max mem: 2.9 GB
2025-01-05 21:11:35,519 Train INFO: eta: 0:38:13  iter: 28160  time: 0.1395 (0.1937)  data: 0.0255 (0.0800)  loss: 10.1254 (9.3988)  lr: 0.000010  max mem: 2.9 GB
2025-01-05 21:11:38,285 Train INFO: eta: 0:38:08  iter: 28180  time: 0.1369 (0.1936)  data: 0.0259 (0.0799)  loss: 9.7082 (9.3992)  lr: 0.000010  max mem: 2.9 GB
2025-01-05 21:11:41,063 Train INFO: eta: 0:38:04  iter: 28200  time: 0.1381 (0.1936)  data: 0.0256 (0.0799)  loss: 10.2067 (9.4000)  lr: 0.000010  max mem: 2.9 GB
2025-01-05 21:11:43,878 Train INFO: eta: 0:38:00  iter: 28220  time: 0.1407 (0.1936)  data: 0.0252 (0.0799)  loss: 9.7209 (9.4004)  lr: 0.000010  max mem: 2.9 GB
2025-01-05 21:11:46,649 Train INFO: eta: 0:37:55  iter: 28240  time: 0.1382 (0.1935)  data: 0.0244 (0.0798)  loss: 10.2118 (9.4011)  lr: 0.000010  max mem: 2.9 GB
2025-01-05 21:11:49,549 Train INFO: eta: 0:37:51  iter: 28260  time: 0.1447 (0.1935)  data: 0.0250 (0.0798)  loss: 10.6282 (9.4016)  lr: 0.000010  max mem: 2.9 GB
2025-01-05 21:11:52,396 Train INFO: eta: 0:37:47  iter: 28280  time: 0.1414 (0.1935)  data: 0.0247 (0.0797)  loss: 10.4978 (9.4024)  lr: 0.000010  max mem: 2.9 GB
2025-01-05 21:11:55,201 Train INFO: eta: 0:37:42  iter: 28300  time: 0.1393 (0.1934)  data: 0.0247 (0.0797)  loss: 9.5601 (9.4026)  lr: 0.000010  max mem: 2.9 GB
2025-01-05 21:11:58,107 Train INFO: eta: 0:37:38  iter: 28320  time: 0.1379 (0.1934)  data: 0.0241 (0.0797)  loss: 9.9387 (9.4032)  lr: 0.000010  max mem: 2.9 GB
2025-01-05 21:12:00,898 Train INFO: eta: 0:37:34  iter: 28340  time: 0.1374 (0.1933)  data: 0.0244 (0.0796)  loss: 10.0670 (9.4036)  lr: 0.000010  max mem: 2.9 GB
2025-01-05 21:12:03,658 Train INFO: eta: 0:37:30  iter: 28360  time: 0.1374 (0.1933)  data: 0.0247 (0.0796)  loss: 10.2600 (9.4042)  lr: 0.000010  max mem: 2.9 GB
2025-01-05 21:12:06,429 Train INFO: eta: 0:37:25  iter: 28380  time: 0.1379 (0.1933)  data: 0.0256 (0.0796)  loss: 10.7148 (9.4050)  lr: 0.000010  max mem: 2.9 GB
2025-01-05 21:12:09,204 Train INFO: eta: 0:37:21  iter: 28400  time: 0.1368 (0.1932)  data: 0.0252 (0.0795)  loss: 10.3092 (9.4057)  lr: 0.000010  max mem: 2.9 GB
2025-01-05 21:12:11,998 Train INFO: eta: 0:37:17  iter: 28420  time: 0.1384 (0.1932)  data: 0.0248 (0.0795)  loss: 9.7588 (9.4060)  lr: 0.000010  max mem: 2.9 GB
2025-01-05 21:12:14,876 Train INFO: eta: 0:37:12  iter: 28440  time: 0.1430 (0.1932)  data: 0.0236 (0.0794)  loss: 9.3185 (9.4064)  lr: 0.000010  max mem: 2.9 GB
2025-01-05 21:12:17,664 Train INFO: eta: 0:37:08  iter: 28460  time: 0.1390 (0.1931)  data: 0.0237 (0.0794)  loss: 9.5114 (9.4067)  lr: 0.000010  max mem: 2.9 GB
2025-01-05 21:12:20,473 Train INFO: eta: 0:37:04  iter: 28480  time: 0.1390 (0.1931)  data: 0.0248 (0.0794)  loss: 9.6180 (9.4070)  lr: 0.000010  max mem: 2.9 GB
2025-01-05 21:12:23,272 Train INFO: eta: 0:36:59  iter: 28500  time: 0.1393 (0.1930)  data: 0.0248 (0.0793)  loss: 9.9310 (9.4074)  lr: 0.000010  max mem: 2.9 GB
2025-01-05 21:12:26,065 Train INFO: eta: 0:36:55  iter: 28520  time: 0.1400 (0.1930)  data: 0.0241 (0.0793)  loss: 9.7604 (9.4077)  lr: 0.000010  max mem: 2.9 GB
2025-01-05 21:12:28,848 Train INFO: eta: 0:36:51  iter: 28540  time: 0.1385 (0.1930)  data: 0.0245 (0.0792)  loss: 9.8455 (9.4082)  lr: 0.000010  max mem: 2.9 GB
2025-01-05 21:12:31,629 Train INFO: eta: 0:36:47  iter: 28560  time: 0.1382 (0.1929)  data: 0.0240 (0.0792)  loss: 10.1752 (9.4088)  lr: 0.000010  max mem: 2.9 GB
2025-01-05 21:12:34,400 Train INFO: eta: 0:36:42  iter: 28580  time: 0.1375 (0.1929)  data: 0.0243 (0.0792)  loss: 9.4641 (9.4090)  lr: 0.000010  max mem: 2.9 GB
2025-01-05 21:12:37,224 Train INFO: eta: 0:36:38  iter: 28600  time: 0.1421 (0.1929)  data: 0.0236 (0.0791)  loss: 9.6062 (9.4095)  lr: 0.000010  max mem: 2.9 GB
2025-01-05 21:12:40,028 Train INFO: eta: 0:36:34  iter: 28620  time: 0.1394 (0.1928)  data: 0.0241 (0.0791)  loss: 9.6575 (9.4098)  lr: 0.000010  max mem: 2.9 GB
2025-01-05 21:12:42,905 Train INFO: eta: 0:36:30  iter: 28640  time: 0.1402 (0.1928)  data: 0.0234 (0.0791)  loss: 9.3418 (9.4100)  lr: 0.000010  max mem: 2.9 GB
2025-01-05 21:12:45,782 Train INFO: eta: 0:36:25  iter: 28660  time: 0.1390 (0.1927)  data: 0.0246 (0.0790)  loss: 9.4285 (9.4100)  lr: 0.000010  max mem: 2.9 GB
2025-01-05 21:12:48,553 Train INFO: eta: 0:36:21  iter: 28680  time: 0.1384 (0.1927)  data: 0.0227 (0.0790)  loss: 8.8440 (9.4096)  lr: 0.000010  max mem: 2.9 GB
2025-01-05 21:12:51,410 Train INFO: eta: 0:36:17  iter: 28700  time: 0.1431 (0.1927)  data: 0.0224 (0.0789)  loss: 9.0124 (9.4095)  lr: 0.000010  max mem: 2.9 GB
2025-01-05 21:12:54,240 Train INFO: eta: 0:36:12  iter: 28720  time: 0.1408 (0.1926)  data: 0.0220 (0.0789)  loss: 9.2082 (9.4094)  lr: 0.000010  max mem: 2.9 GB
2025-01-05 21:12:57,038 Train INFO: eta: 0:36:08  iter: 28740  time: 0.1392 (0.1926)  data: 0.0222 (0.0789)  loss: 9.1105 (9.4092)  lr: 0.000010  max mem: 2.9 GB
2025-01-05 21:12:59,766 Train INFO: eta: 0:36:04  iter: 28760  time: 0.1348 (0.1926)  data: 0.0240 (0.0788)  loss: 9.5618 (9.4091)  lr: 0.000010  max mem: 2.9 GB
2025-01-05 21:13:02,522 Train INFO: eta: 0:36:00  iter: 28780  time: 0.1355 (0.1925)  data: 0.0240 (0.0788)  loss: 8.6962 (9.4087)  lr: 0.000010  max mem: 2.9 GB
2025-01-05 21:13:05,281 Train INFO: eta: 0:35:55  iter: 28800  time: 0.1380 (0.1925)  data: 0.0230 (0.0787)  loss: 8.5360 (9.4081)  lr: 0.000010  max mem: 2.9 GB
2025-01-05 21:13:08,079 Train INFO: eta: 0:35:51  iter: 28820  time: 0.1371 (0.1925)  data: 0.0230 (0.0787)  loss: 9.0914 (9.4080)  lr: 0.000010  max mem: 2.9 GB
2025-01-05 21:13:10,846 Train INFO: eta: 0:35:47  iter: 28840  time: 0.1373 (0.1924)  data: 0.0227 (0.0787)  loss: 8.1111 (9.4074)  lr: 0.000010  max mem: 2.9 GB
2025-01-05 21:13:13,632 Train INFO: eta: 0:35:43  iter: 28860  time: 0.1387 (0.1924)  data: 0.0231 (0.0786)  loss: 8.3059 (9.4070)  lr: 0.000010  max mem: 2.9 GB
2025-01-05 21:13:16,373 Train INFO: eta: 0:35:38  iter: 28880  time: 0.1364 (0.1923)  data: 0.0234 (0.0786)  loss: 8.8576 (9.4067)  lr: 0.000010  max mem: 2.9 GB
2025-01-05 21:13:19,111 Train INFO: eta: 0:35:34  iter: 28900  time: 0.1362 (0.1923)  data: 0.0227 (0.0786)  loss: 8.5063 (9.4061)  lr: 0.000010  max mem: 2.9 GB
2025-01-05 21:13:21,887 Train INFO: eta: 0:35:30  iter: 28920  time: 0.1373 (0.1923)  data: 0.0227 (0.0785)  loss: 8.1494 (9.4054)  lr: 0.000010  max mem: 2.9 GB
2025-01-05 21:13:24,622 Train INFO: eta: 0:35:26  iter: 28940  time: 0.1364 (0.1922)  data: 0.0231 (0.0785)  loss: 8.9242 (9.4051)  lr: 0.000010  max mem: 2.9 GB
2025-01-05 21:13:27,343 Train INFO: eta: 0:35:21  iter: 28960  time: 0.1349 (0.1922)  data: 0.0229 (0.0784)  loss: 8.7800 (9.4048)  lr: 0.000010  max mem: 2.9 GB
2025-01-05 21:13:30,055 Train INFO: eta: 0:35:17  iter: 28980  time: 0.1356 (0.1921)  data: 0.0229 (0.0784)  loss: 8.5220 (9.4044)  lr: 0.000010  max mem: 2.9 GB
2025-01-05 21:13:32,796 Train INFO: eta: 0:35:13  iter: 29000  time: 0.1365 (0.1921)  data: 0.0219 (0.0784)  loss: 9.0271 (9.4042)  lr: 0.000010  max mem: 2.9 GB
2025-01-05 21:13:32,905 Train INFO: Validation
2025-01-05 21:13:32,909 Train INFO: Begin extract
2025-01-05 21:14:30,452 Train INFO: Performance at iteration 029000: {'mean_average_precision_at_r': 0.5419483088012348, 'precision_at_1': 0.8031800601633003, 'r_precision': 0.569350565993239}
2025-01-05 21:14:33,259 Train INFO: eta: 0:35:30  iter: 29020  time: 0.1408 (0.1941)  data: 0.0217 (0.0803)  loss: 8.5507 (9.4038)  lr: 0.000010  max mem: 2.9 GB
2025-01-05 21:14:36,044 Train INFO: eta: 0:35:26  iter: 29040  time: 0.1384 (0.1940)  data: 0.0215 (0.0803)  loss: 8.1317 (9.4030)  lr: 0.000010  max mem: 2.9 GB
2025-01-05 21:14:38,793 Train INFO: eta: 0:35:22  iter: 29060  time: 0.1373 (0.1940)  data: 0.0221 (0.0802)  loss: 8.4212 (9.4026)  lr: 0.000010  max mem: 2.9 GB
2025-01-05 21:14:41,593 Train INFO: eta: 0:35:17  iter: 29080  time: 0.1385 (0.1939)  data: 0.0199 (0.0802)  loss: 7.6176 (9.4015)  lr: 0.000010  max mem: 2.9 GB
2025-01-05 21:14:44,389 Train INFO: eta: 0:35:13  iter: 29100  time: 0.1387 (0.1939)  data: 0.0202 (0.0801)  loss: 8.0416 (9.4006)  lr: 0.000010  max mem: 2.9 GB
2025-01-05 21:14:47,160 Train INFO: eta: 0:35:09  iter: 29120  time: 0.1378 (0.1939)  data: 0.0199 (0.0801)  loss: 8.5421 (9.3999)  lr: 0.000010  max mem: 2.9 GB
2025-01-05 21:14:49,935 Train INFO: eta: 0:35:05  iter: 29140  time: 0.1377 (0.1938)  data: 0.0196 (0.0801)  loss: 8.0255 (9.3991)  lr: 0.000010  max mem: 2.9 GB
2025-01-05 21:14:52,751 Train INFO: eta: 0:35:00  iter: 29160  time: 0.1393 (0.1938)  data: 0.0193 (0.0800)  loss: 8.8669 (9.3988)  lr: 0.000010  max mem: 2.9 GB
2025-01-05 21:14:55,555 Train INFO: eta: 0:34:56  iter: 29180  time: 0.1386 (0.1938)  data: 0.0191 (0.0800)  loss: 8.0421 (9.3980)  lr: 0.000010  max mem: 2.9 GB
2025-01-05 21:14:58,347 Train INFO: eta: 0:34:52  iter: 29200  time: 0.1385 (0.1937)  data: 0.0190 (0.0799)  loss: 8.2501 (9.3975)  lr: 0.000010  max mem: 2.9 GB
2025-01-05 21:15:01,611 Train INFO: eta: 0:34:48  iter: 29220  time: 0.1389 (0.1937)  data: 0.0192 (0.0799)  loss: 7.8125 (9.3967)  lr: 0.000010  max mem: 2.9 GB
2025-01-05 21:15:04,458 Train INFO: eta: 0:34:43  iter: 29240  time: 0.1418 (0.1937)  data: 0.0246 (0.0799)  loss: 7.4956 (9.3956)  lr: 0.000010  max mem: 2.9 GB
2025-01-05 21:15:07,302 Train INFO: eta: 0:34:39  iter: 29260  time: 0.1413 (0.1936)  data: 0.0258 (0.0798)  loss: 8.2709 (9.3950)  lr: 0.000010  max mem: 2.9 GB
2025-01-05 21:15:10,160 Train INFO: eta: 0:34:35  iter: 29280  time: 0.1423 (0.1936)  data: 0.0240 (0.0798)  loss: 9.1409 (9.3950)  lr: 0.000010  max mem: 2.9 GB
2025-01-05 21:15:13,059 Train INFO: eta: 0:34:31  iter: 29300  time: 0.1420 (0.1936)  data: 0.0239 (0.0798)  loss: 9.4890 (9.3953)  lr: 0.000010  max mem: 2.9 GB
2025-01-05 21:15:15,915 Train INFO: eta: 0:34:26  iter: 29320  time: 0.1417 (0.1935)  data: 0.0238 (0.0797)  loss: 9.6108 (9.3954)  lr: 0.000010  max mem: 2.9 GB
2025-01-05 21:15:18,782 Train INFO: eta: 0:34:22  iter: 29340  time: 0.1422 (0.1935)  data: 0.0241 (0.0797)  loss: 9.8195 (9.3959)  lr: 0.000010  max mem: 2.9 GB
2025-01-05 21:15:21,726 Train INFO: eta: 0:34:18  iter: 29360  time: 0.1433 (0.1935)  data: 0.0232 (0.0796)  loss: 10.6537 (9.3968)  lr: 0.000010  max mem: 2.9 GB
2025-01-05 21:15:24,582 Train INFO: eta: 0:34:14  iter: 29380  time: 0.1425 (0.1934)  data: 0.0239 (0.0796)  loss: 9.8625 (9.3976)  lr: 0.000010  max mem: 2.9 GB
2025-01-05 21:15:27,486 Train INFO: eta: 0:34:10  iter: 29400  time: 0.1439 (0.1934)  data: 0.0237 (0.0796)  loss: 10.9353 (9.3988)  lr: 0.000010  max mem: 2.9 GB
2025-01-05 21:15:30,312 Train INFO: eta: 0:34:05  iter: 29420  time: 0.1408 (0.1934)  data: 0.0233 (0.0795)  loss: 10.4702 (9.3995)  lr: 0.000010  max mem: 2.9 GB
2025-01-05 21:15:33,192 Train INFO: eta: 0:34:01  iter: 29440  time: 0.1439 (0.1933)  data: 0.0236 (0.0795)  loss: 10.6139 (9.4005)  lr: 0.000010  max mem: 2.9 GB
2025-01-05 21:15:36,012 Train INFO: eta: 0:33:57  iter: 29460  time: 0.1409 (0.1933)  data: 0.0261 (0.0795)  loss: 10.9038 (9.4016)  lr: 0.000010  max mem: 2.9 GB
2025-01-05 21:15:38,835 Train INFO: eta: 0:33:53  iter: 29480  time: 0.1410 (0.1933)  data: 0.0248 (0.0794)  loss: 10.7898 (9.4026)  lr: 0.000010  max mem: 2.9 GB
2025-01-05 21:15:41,675 Train INFO: eta: 0:33:48  iter: 29500  time: 0.1419 (0.1932)  data: 0.0248 (0.0794)  loss: 10.4448 (9.4033)  lr: 0.000010  max mem: 2.9 GB
2025-01-05 21:15:44,469 Train INFO: eta: 0:33:44  iter: 29520  time: 0.1387 (0.1932)  data: 0.0261 (0.0793)  loss: 10.8710 (9.4042)  lr: 0.000010  max mem: 2.9 GB
2025-01-05 21:15:47,280 Train INFO: eta: 0:33:40  iter: 29540  time: 0.1384 (0.1932)  data: 0.0257 (0.0793)  loss: 10.3203 (9.4048)  lr: 0.000010  max mem: 2.9 GB
2025-01-05 21:15:50,128 Train INFO: eta: 0:33:36  iter: 29560  time: 0.1408 (0.1931)  data: 0.0251 (0.0793)  loss: 10.2522 (9.4054)  lr: 0.000010  max mem: 2.9 GB
2025-01-05 21:15:52,938 Train INFO: eta: 0:33:31  iter: 29580  time: 0.1386 (0.1931)  data: 0.0258 (0.0792)  loss: 9.7475 (9.4057)  lr: 0.000010  max mem: 2.9 GB
2025-01-05 21:15:55,737 Train INFO: eta: 0:33:27  iter: 29600  time: 0.1390 (0.1930)  data: 0.0248 (0.0792)  loss: 9.6014 (9.4060)  lr: 0.000010  max mem: 2.9 GB
2025-01-05 21:15:58,518 Train INFO: eta: 0:33:23  iter: 29620  time: 0.1376 (0.1930)  data: 0.0258 (0.0792)  loss: 10.0242 (9.4066)  lr: 0.000010  max mem: 2.9 GB
2025-01-05 21:16:01,315 Train INFO: eta: 0:33:19  iter: 29640  time: 0.1386 (0.1930)  data: 0.0250 (0.0791)  loss: 9.2228 (9.4066)  lr: 0.000010  max mem: 2.9 GB
2025-01-05 21:16:04,091 Train INFO: eta: 0:33:14  iter: 29660  time: 0.1375 (0.1929)  data: 0.0255 (0.0791)  loss: 9.4193 (9.4069)  lr: 0.000010  max mem: 2.9 GB
2025-01-05 21:16:06,875 Train INFO: eta: 0:33:10  iter: 29680  time: 0.1396 (0.1929)  data: 0.0252 (0.0791)  loss: 9.5297 (9.4068)  lr: 0.000010  max mem: 2.9 GB
2025-01-05 21:16:09,682 Train INFO: eta: 0:33:06  iter: 29700  time: 0.1402 (0.1929)  data: 0.0238 (0.0790)  loss: 10.4467 (9.4076)  lr: 0.000010  max mem: 2.9 GB
2025-01-05 21:16:12,440 Train INFO: eta: 0:33:02  iter: 29720  time: 0.1373 (0.1928)  data: 0.0238 (0.0790)  loss: 9.5667 (9.4077)  lr: 0.000010  max mem: 2.9 GB
2025-01-05 21:16:15,220 Train INFO: eta: 0:32:58  iter: 29740  time: 0.1386 (0.1928)  data: 0.0241 (0.0789)  loss: 9.2032 (9.4078)  lr: 0.000010  max mem: 2.9 GB
2025-01-05 21:16:17,986 Train INFO: eta: 0:32:53  iter: 29760  time: 0.1375 (0.1928)  data: 0.0234 (0.0789)  loss: 9.4842 (9.4077)  lr: 0.000010  max mem: 2.9 GB
2025-01-05 21:16:20,828 Train INFO: eta: 0:32:49  iter: 29780  time: 0.1417 (0.1927)  data: 0.0227 (0.0789)  loss: 8.9466 (9.4076)  lr: 0.000010  max mem: 2.9 GB
2025-01-05 21:16:23,657 Train INFO: eta: 0:32:45  iter: 29800  time: 0.1411 (0.1927)  data: 0.0226 (0.0788)  loss: 8.7391 (9.4076)  lr: 0.000010  max mem: 2.9 GB
2025-01-05 21:16:26,497 Train INFO: eta: 0:32:41  iter: 29820  time: 0.1415 (0.1927)  data: 0.0219 (0.0788)  loss: 9.8419 (9.4077)  lr: 0.000010  max mem: 2.9 GB
2025-01-05 21:16:29,325 Train INFO: eta: 0:32:37  iter: 29840  time: 0.1403 (0.1926)  data: 0.0217 (0.0788)  loss: 10.0780 (9.4080)  lr: 0.000010  max mem: 2.9 GB
2025-01-05 21:16:32,123 Train INFO: eta: 0:32:32  iter: 29860  time: 0.1393 (0.1926)  data: 0.0217 (0.0787)  loss: 8.6515 (9.4076)  lr: 0.000010  max mem: 2.9 GB
2025-01-05 21:16:34,973 Train INFO: eta: 0:32:28  iter: 29880  time: 0.1416 (0.1925)  data: 0.0219 (0.0787)  loss: 8.8723 (9.4075)  lr: 0.000010  max mem: 2.9 GB
2025-01-05 21:16:37,781 Train INFO: eta: 0:32:24  iter: 29900  time: 0.1391 (0.1925)  data: 0.0215 (0.0786)  loss: 9.1896 (9.4074)  lr: 0.000010  max mem: 2.9 GB
2025-01-05 21:16:40,568 Train INFO: eta: 0:32:20  iter: 29920  time: 0.1384 (0.1925)  data: 0.0215 (0.0786)  loss: 8.7918 (9.4071)  lr: 0.000010  max mem: 2.9 GB
2025-01-05 21:16:43,346 Train INFO: eta: 0:32:15  iter: 29940  time: 0.1379 (0.1924)  data: 0.0213 (0.0786)  loss: 8.1639 (9.4065)  lr: 0.000010  max mem: 2.9 GB
2025-01-05 21:16:46,163 Train INFO: eta: 0:32:11  iter: 29960  time: 0.1391 (0.1924)  data: 0.0211 (0.0785)  loss: 8.8268 (9.4062)  lr: 0.000010  max mem: 2.9 GB
2025-01-05 21:16:48,960 Train INFO: eta: 0:32:07  iter: 29980  time: 0.1388 (0.1924)  data: 0.0215 (0.0785)  loss: 8.2038 (9.4056)  lr: 0.000010  max mem: 2.9 GB
2025-01-05 21:16:51,706 Train INFO: eta: 0:32:03  iter: 30000  time: 0.1361 (0.1923)  data: 0.0220 (0.0785)  loss: 8.3295 (9.4051)  lr: 0.000010  max mem: 2.9 GB
2025-01-05 21:16:51,813 Train INFO: Validation
2025-01-05 21:16:51,817 Train INFO: Begin extract
2025-01-05 21:17:49,251 Train INFO: Best iteration 30000: {'mean_average_precision_at_r': 0.5433025104003079, 'precision_at_1': 0.802998247991802, 'r_precision': 0.5706303759268951}
2025-01-05 21:17:52,072 Train INFO: eta: 0:32:18  iter: 30020  time: 0.1396 (0.1942)  data: 0.0220 (0.0803)  loss: 8.5399 (9.4047)  lr: 0.000010  max mem: 2.9 GB
2025-01-05 21:17:54,896 Train INFO: eta: 0:32:14  iter: 30040  time: 0.1403 (0.1942)  data: 0.0221 (0.0803)  loss: 8.5006 (9.4041)  lr: 0.000010  max mem: 2.9 GB
2025-01-05 21:17:57,735 Train INFO: eta: 0:32:09  iter: 30060  time: 0.1422 (0.1942)  data: 0.0223 (0.0803)  loss: 8.6202 (9.4034)  lr: 0.000010  max mem: 2.9 GB
2025-01-05 21:18:00,600 Train INFO: eta: 0:32:05  iter: 30080  time: 0.1429 (0.1941)  data: 0.0208 (0.0802)  loss: 8.8717 (9.4032)  lr: 0.000010  max mem: 2.9 GB
2025-01-05 21:18:03,456 Train INFO: eta: 0:32:01  iter: 30100  time: 0.1431 (0.1941)  data: 0.0203 (0.0802)  loss: 7.9835 (9.4023)  lr: 0.000010  max mem: 2.9 GB
2025-01-05 21:18:06,322 Train INFO: eta: 0:31:57  iter: 30120  time: 0.1415 (0.1940)  data: 0.0206 (0.0801)  loss: 8.1757 (9.4016)  lr: 0.000010  max mem: 2.9 GB
2025-01-05 21:18:09,359 Train INFO: eta: 0:31:53  iter: 30140  time: 0.1439 (0.1940)  data: 0.0202 (0.0801)  loss: 7.6499 (9.4006)  lr: 0.000010  max mem: 2.9 GB
2025-01-05 21:18:12,200 Train INFO: eta: 0:31:48  iter: 30160  time: 0.1419 (0.1940)  data: 0.0200 (0.0801)  loss: 8.3659 (9.4002)  lr: 0.000010  max mem: 2.9 GB
2025-01-05 21:18:14,978 Train INFO: eta: 0:31:44  iter: 30180  time: 0.1386 (0.1939)  data: 0.0212 (0.0800)  loss: 8.5079 (9.3997)  lr: 0.000010  max mem: 2.9 GB
2025-01-05 21:18:17,689 Train INFO: eta: 0:31:40  iter: 30200  time: 0.1354 (0.1939)  data: 0.0211 (0.0800)  loss: 8.4818 (9.3991)  lr: 0.000010  max mem: 2.9 GB
2025-01-05 21:18:20,410 Train INFO: eta: 0:31:36  iter: 30220  time: 0.1363 (0.1939)  data: 0.0213 (0.0799)  loss: 8.1670 (9.3984)  lr: 0.000010  max mem: 2.9 GB
2025-01-05 21:18:23,115 Train INFO: eta: 0:31:31  iter: 30240  time: 0.1344 (0.1938)  data: 0.0210 (0.0799)  loss: 7.9642 (9.3975)  lr: 0.000010  max mem: 2.9 GB
2025-01-05 21:18:25,807 Train INFO: eta: 0:31:27  iter: 30260  time: 0.1346 (0.1938)  data: 0.0210 (0.0799)  loss: 8.2245 (9.3968)  lr: 0.000010  max mem: 2.9 GB
2025-01-05 21:18:28,542 Train INFO: eta: 0:31:23  iter: 30280  time: 0.1349 (0.1938)  data: 0.0210 (0.0798)  loss: 8.6009 (9.3963)  lr: 0.000010  max mem: 2.9 GB
2025-01-05 21:18:31,255 Train INFO: eta: 0:31:19  iter: 30300  time: 0.1347 (0.1937)  data: 0.0202 (0.0798)  loss: 7.2058 (9.3951)  lr: 0.000010  max mem: 2.9 GB
2025-01-05 21:18:33,915 Train INFO: eta: 0:31:14  iter: 30320  time: 0.1324 (0.1937)  data: 0.0205 (0.0797)  loss: 7.7536 (9.3942)  lr: 0.000010  max mem: 2.9 GB
2025-01-05 21:18:36,632 Train INFO: eta: 0:31:10  iter: 30340  time: 0.1342 (0.1936)  data: 0.0209 (0.0797)  loss: 7.4631 (9.3931)  lr: 0.000010  max mem: 2.9 GB
2025-01-05 21:18:39,374 Train INFO: eta: 0:31:06  iter: 30360  time: 0.1355 (0.1936)  data: 0.0192 (0.0797)  loss: 7.4387 (9.3919)  lr: 0.000010  max mem: 2.9 GB
2025-01-05 21:18:42,100 Train INFO: eta: 0:31:02  iter: 30380  time: 0.1349 (0.1936)  data: 0.0188 (0.0796)  loss: 7.9021 (9.3910)  lr: 0.000010  max mem: 2.9 GB
2025-01-05 21:18:45,470 Train INFO: eta: 0:30:58  iter: 30400  time: 0.1427 (0.1935)  data: 0.0227 (0.0796)  loss: 7.8081 (9.3901)  lr: 0.000010  max mem: 2.9 GB
2025-01-05 21:18:48,343 Train INFO: eta: 0:30:53  iter: 30420  time: 0.1441 (0.1935)  data: 0.0243 (0.0796)  loss: 8.3253 (9.3895)  lr: 0.000010  max mem: 2.9 GB
2025-01-05 21:18:51,223 Train INFO: eta: 0:30:49  iter: 30440  time: 0.1437 (0.1935)  data: 0.0243 (0.0795)  loss: 9.5726 (9.3897)  lr: 0.000010  max mem: 2.9 GB
2025-01-05 21:18:54,090 Train INFO: eta: 0:30:45  iter: 30460  time: 0.1433 (0.1935)  data: 0.0242 (0.0795)  loss: 10.4948 (9.3904)  lr: 0.000010  max mem: 2.9 GB
2025-01-05 21:18:56,963 Train INFO: eta: 0:30:41  iter: 30480  time: 0.1425 (0.1934)  data: 0.0239 (0.0795)  loss: 9.6400 (9.3908)  lr: 0.000010  max mem: 2.9 GB
2025-01-05 21:18:59,768 Train INFO: eta: 0:30:37  iter: 30500  time: 0.1392 (0.1934)  data: 0.0251 (0.0794)  loss: 9.6636 (9.3914)  lr: 0.000010  max mem: 2.9 GB
2025-01-05 21:19:02,560 Train INFO: eta: 0:30:32  iter: 30520  time: 0.1389 (0.1933)  data: 0.0252 (0.0794)  loss: 10.2015 (9.3920)  lr: 0.000010  max mem: 2.9 GB
2025-01-05 21:19:05,311 Train INFO: eta: 0:30:28  iter: 30540  time: 0.1367 (0.1933)  data: 0.0261 (0.0794)  loss: 9.6135 (9.3924)  lr: 0.000010  max mem: 2.9 GB
2025-01-05 21:19:08,034 Train INFO: eta: 0:30:24  iter: 30560  time: 0.1359 (0.1933)  data: 0.0253 (0.0793)  loss: 10.2571 (9.3929)  lr: 0.000010  max mem: 2.9 GB
2025-01-05 21:19:10,779 Train INFO: eta: 0:30:20  iter: 30580  time: 0.1365 (0.1932)  data: 0.0259 (0.0793)  loss: 10.2731 (9.3934)  lr: 0.000010  max mem: 2.9 GB
2025-01-05 21:19:13,638 Train INFO: eta: 0:30:16  iter: 30600  time: 0.1425 (0.1932)  data: 0.0236 (0.0792)  loss: 11.0164 (9.3944)  lr: 0.000010  max mem: 2.9 GB
2025-01-05 21:19:16,496 Train INFO: eta: 0:30:11  iter: 30620  time: 0.1422 (0.1932)  data: 0.0238 (0.0792)  loss: 10.4617 (9.3949)  lr: 0.000010  max mem: 2.9 GB
2025-01-05 21:19:19,701 Train INFO: eta: 0:30:07  iter: 30640  time: 0.1476 (0.1932)  data: 0.0235 (0.0792)  loss: 10.5827 (9.3958)  lr: 0.000010  max mem: 2.9 GB
2025-01-05 21:19:22,450 Train INFO: eta: 0:30:03  iter: 30660  time: 0.1376 (0.1931)  data: 0.0259 (0.0791)  loss: 10.1698 (9.3965)  lr: 0.000010  max mem: 2.9 GB
2025-01-05 21:19:25,182 Train INFO: eta: 0:29:59  iter: 30680  time: 0.1352 (0.1931)  data: 0.0256 (0.0791)  loss: 10.4305 (9.3973)  lr: 0.000010  max mem: 2.9 GB
2025-01-05 21:19:27,897 Train INFO: eta: 0:29:55  iter: 30700  time: 0.1354 (0.1930)  data: 0.0258 (0.0791)  loss: 9.7108 (9.3977)  lr: 0.000010  max mem: 2.9 GB
2025-01-05 21:19:30,660 Train INFO: eta: 0:29:51  iter: 30720  time: 0.1382 (0.1930)  data: 0.0252 (0.0790)  loss: 10.5859 (9.3985)  lr: 0.000010  max mem: 2.9 GB
2025-01-05 21:19:33,413 Train INFO: eta: 0:29:46  iter: 30740  time: 0.1372 (0.1930)  data: 0.0241 (0.0790)  loss: 9.8818 (9.3990)  lr: 0.000010  max mem: 2.9 GB
2025-01-05 21:19:36,214 Train INFO: eta: 0:29:42  iter: 30760  time: 0.1386 (0.1929)  data: 0.0243 (0.0790)  loss: 10.4738 (9.3998)  lr: 0.000010  max mem: 2.9 GB
2025-01-05 21:19:39,015 Train INFO: eta: 0:29:38  iter: 30780  time: 0.1400 (0.1929)  data: 0.0243 (0.0789)  loss: 9.8068 (9.4002)  lr: 0.000010  max mem: 2.9 GB
2025-01-05 21:19:41,825 Train INFO: eta: 0:29:34  iter: 30800  time: 0.1409 (0.1929)  data: 0.0247 (0.0789)  loss: 9.4154 (9.4004)  lr: 0.000010  max mem: 2.9 GB
2025-01-05 21:19:44,646 Train INFO: eta: 0:29:30  iter: 30820  time: 0.1411 (0.1928)  data: 0.0235 (0.0789)  loss: 9.8210 (9.4007)  lr: 0.000010  max mem: 2.9 GB
2025-01-05 21:19:47,676 Train INFO: eta: 0:29:26  iter: 30840  time: 0.1429 (0.1928)  data: 0.0231 (0.0788)  loss: 9.4249 (9.4008)  lr: 0.000010  max mem: 2.9 GB
2025-01-05 21:19:50,472 Train INFO: eta: 0:29:21  iter: 30860  time: 0.1391 (0.1928)  data: 0.0234 (0.0788)  loss: 9.6981 (9.4010)  lr: 0.000010  max mem: 2.9 GB
2025-01-05 21:19:53,637 Train INFO: eta: 0:29:17  iter: 30880  time: 0.1408 (0.1927)  data: 0.0226 (0.0788)  loss: 9.1022 (9.4009)  lr: 0.000010  max mem: 2.9 GB
2025-01-05 21:19:56,816 Train INFO: eta: 0:29:13  iter: 30900  time: 0.1407 (0.1927)  data: 0.0229 (0.0787)  loss: 9.2053 (9.4009)  lr: 0.000010  max mem: 2.9 GB
2025-01-05 21:19:59,628 Train INFO: eta: 0:29:09  iter: 30920  time: 0.1401 (0.1927)  data: 0.0230 (0.0787)  loss: 9.1968 (9.4007)  lr: 0.000010  max mem: 2.9 GB
2025-01-05 21:20:02,485 Train INFO: eta: 0:29:05  iter: 30940  time: 0.1422 (0.1927)  data: 0.0218 (0.0786)  loss: 9.2451 (9.4005)  lr: 0.000010  max mem: 2.9 GB
2025-01-05 21:20:05,349 Train INFO: eta: 0:29:01  iter: 30960  time: 0.1417 (0.1926)  data: 0.0230 (0.0786)  loss: 8.8285 (9.4005)  lr: 0.000010  max mem: 2.9 GB
2025-01-05 21:20:08,173 Train INFO: eta: 0:28:57  iter: 30980  time: 0.1414 (0.1926)  data: 0.0223 (0.0786)  loss: 9.2427 (9.4005)  lr: 0.000010  max mem: 2.9 GB
2025-01-05 21:20:11,008 Train INFO: eta: 0:28:53  iter: 31000  time: 0.1399 (0.1926)  data: 0.0225 (0.0785)  loss: 8.8279 (9.4002)  lr: 0.000010  max mem: 2.9 GB
2025-01-05 21:20:11,155 Train INFO: Validation
2025-01-05 21:20:11,163 Train INFO: Begin extract
2025-01-05 21:21:11,732 Train INFO: Performance at iteration 031000: {'mean_average_precision_at_r': 0.5432373221199251, 'precision_at_1': 0.8023371128227166, 'r_precision': 0.570835136429249}
2025-01-05 21:21:14,554 Train INFO: eta: 0:29:06  iter: 31020  time: 0.1413 (0.1945)  data: 0.0231 (0.0805)  loss: 9.2373 (9.4004)  lr: 0.000005  max mem: 2.9 GB
2025-01-05 21:21:17,352 Train INFO: eta: 0:29:02  iter: 31040  time: 0.1400 (0.1945)  data: 0.0231 (0.0804)  loss: 9.6483 (9.4006)  lr: 0.000005  max mem: 2.9 GB
2025-01-05 21:21:20,137 Train INFO: eta: 0:28:58  iter: 31060  time: 0.1385 (0.1944)  data: 0.0233 (0.0804)  loss: 9.0941 (9.4006)  lr: 0.000005  max mem: 2.9 GB
2025-01-05 21:21:22,934 Train INFO: eta: 0:28:53  iter: 31080  time: 0.1390 (0.1944)  data: 0.0235 (0.0803)  loss: 10.0247 (9.4009)  lr: 0.000005  max mem: 2.9 GB
2025-01-05 21:21:25,749 Train INFO: eta: 0:28:49  iter: 31100  time: 0.1394 (0.1943)  data: 0.0218 (0.0803)  loss: 9.4149 (9.4012)  lr: 0.000005  max mem: 2.9 GB
2025-01-05 21:21:28,505 Train INFO: eta: 0:28:45  iter: 31120  time: 0.1370 (0.1943)  data: 0.0223 (0.0803)  loss: 9.6794 (9.4015)  lr: 0.000005  max mem: 2.9 GB
2025-01-05 21:21:31,297 Train INFO: eta: 0:28:41  iter: 31140  time: 0.1394 (0.1943)  data: 0.0218 (0.0802)  loss: 9.5202 (9.4017)  lr: 0.000005  max mem: 2.9 GB
2025-01-05 21:21:34,072 Train INFO: eta: 0:28:37  iter: 31160  time: 0.1377 (0.1942)  data: 0.0217 (0.0802)  loss: 9.3013 (9.4019)  lr: 0.000005  max mem: 2.9 GB
2025-01-05 21:21:36,831 Train INFO: eta: 0:28:32  iter: 31180  time: 0.1363 (0.1942)  data: 0.0222 (0.0802)  loss: 9.3190 (9.4021)  lr: 0.000005  max mem: 2.9 GB
2025-01-05 21:21:39,568 Train INFO: eta: 0:28:28  iter: 31200  time: 0.1363 (0.1942)  data: 0.0226 (0.0801)  loss: 9.2621 (9.4019)  lr: 0.000005  max mem: 2.9 GB
2025-01-05 21:21:42,297 Train INFO: eta: 0:28:24  iter: 31220  time: 0.1355 (0.1941)  data: 0.0228 (0.0801)  loss: 9.2778 (9.4019)  lr: 0.000005  max mem: 2.9 GB
2025-01-05 21:21:45,038 Train INFO: eta: 0:28:20  iter: 31240  time: 0.1356 (0.1941)  data: 0.0226 (0.0800)  loss: 8.4731 (9.4015)  lr: 0.000005  max mem: 2.9 GB
2025-01-05 21:21:47,744 Train INFO: eta: 0:28:16  iter: 31260  time: 0.1345 (0.1941)  data: 0.0224 (0.0800)  loss: 9.0317 (9.4012)  lr: 0.000005  max mem: 2.9 GB
2025-01-05 21:21:50,470 Train INFO: eta: 0:28:11  iter: 31280  time: 0.1358 (0.1940)  data: 0.0222 (0.0800)  loss: 7.7180 (9.4002)  lr: 0.000005  max mem: 2.9 GB
2025-01-05 21:21:53,176 Train INFO: eta: 0:28:07  iter: 31300  time: 0.1340 (0.1940)  data: 0.0222 (0.0799)  loss: 8.9222 (9.4000)  lr: 0.000005  max mem: 2.9 GB
2025-01-05 21:21:55,911 Train INFO: eta: 0:28:03  iter: 31320  time: 0.1366 (0.1939)  data: 0.0210 (0.0799)  loss: 8.7188 (9.3995)  lr: 0.000005  max mem: 2.9 GB
2025-01-05 21:21:58,665 Train INFO: eta: 0:27:59  iter: 31340  time: 0.1368 (0.1939)  data: 0.0210 (0.0799)  loss: 8.9185 (9.3992)  lr: 0.000005  max mem: 2.9 GB
2025-01-05 21:22:01,461 Train INFO: eta: 0:27:55  iter: 31360  time: 0.1388 (0.1939)  data: 0.0211 (0.0798)  loss: 8.5242 (9.3986)  lr: 0.000005  max mem: 2.9 GB
2025-01-05 21:22:04,205 Train INFO: eta: 0:27:50  iter: 31380  time: 0.1372 (0.1938)  data: 0.0216 (0.0798)  loss: 8.5156 (9.3981)  lr: 0.000005  max mem: 2.9 GB
2025-01-05 21:22:06,977 Train INFO: eta: 0:27:46  iter: 31400  time: 0.1378 (0.1938)  data: 0.0217 (0.0798)  loss: 8.4096 (9.3976)  lr: 0.000005  max mem: 2.9 GB
2025-01-05 21:22:09,691 Train INFO: eta: 0:27:42  iter: 31420  time: 0.1358 (0.1938)  data: 0.0210 (0.0797)  loss: 8.6380 (9.3971)  lr: 0.000005  max mem: 2.9 GB
2025-01-05 21:22:12,440 Train INFO: eta: 0:27:38  iter: 31440  time: 0.1359 (0.1937)  data: 0.0211 (0.0797)  loss: 8.5366 (9.3965)  lr: 0.000005  max mem: 2.9 GB
2025-01-05 21:22:15,123 Train INFO: eta: 0:27:34  iter: 31460  time: 0.1336 (0.1937)  data: 0.0208 (0.0796)  loss: 8.7546 (9.3961)  lr: 0.000005  max mem: 2.9 GB
2025-01-05 21:22:17,805 Train INFO: eta: 0:27:29  iter: 31480  time: 0.1340 (0.1937)  data: 0.0211 (0.0796)  loss: 8.6866 (9.3958)  lr: 0.000005  max mem: 2.9 GB
2025-01-05 21:22:20,787 Train INFO: eta: 0:27:25  iter: 31500  time: 0.1353 (0.1936)  data: 0.0206 (0.0796)  loss: 8.9518 (9.3955)  lr: 0.000005  max mem: 2.9 GB
2025-01-05 21:22:23,397 Train INFO: eta: 0:27:21  iter: 31520  time: 0.1298 (0.1936)  data: 0.0220 (0.0795)  loss: 8.4516 (9.3949)  lr: 0.000005  max mem: 2.9 GB
2025-01-05 21:22:25,991 Train INFO: eta: 0:27:17  iter: 31540  time: 0.1291 (0.1935)  data: 0.0218 (0.0795)  loss: 8.3240 (9.3945)  lr: 0.000005  max mem: 2.9 GB
2025-01-05 21:22:29,058 Train INFO: eta: 0:27:13  iter: 31560  time: 0.1292 (0.1935)  data: 0.0217 (0.0795)  loss: 8.6316 (9.3940)  lr: 0.000005  max mem: 2.9 GB
2025-01-05 21:22:31,762 Train INFO: eta: 0:27:09  iter: 31580  time: 0.1352 (0.1935)  data: 0.0266 (0.0794)  loss: 8.0063 (9.3935)  lr: 0.000005  max mem: 2.9 GB
2025-01-05 21:22:34,484 Train INFO: eta: 0:27:04  iter: 31600  time: 0.1351 (0.1934)  data: 0.0265 (0.0794)  loss: 9.8549 (9.3937)  lr: 0.000005  max mem: 2.9 GB
2025-01-05 21:22:37,192 Train INFO: eta: 0:27:00  iter: 31620  time: 0.1347 (0.1934)  data: 0.0269 (0.0794)  loss: 10.2148 (9.3944)  lr: 0.000005  max mem: 2.9 GB
2025-01-05 21:22:39,897 Train INFO: eta: 0:26:56  iter: 31640  time: 0.1346 (0.1934)  data: 0.0258 (0.0793)  loss: 10.1934 (9.3953)  lr: 0.000005  max mem: 2.9 GB
2025-01-05 21:22:42,645 Train INFO: eta: 0:26:52  iter: 31660  time: 0.1371 (0.1933)  data: 0.0258 (0.0793)  loss: 10.3077 (9.3960)  lr: 0.000005  max mem: 2.9 GB
2025-01-05 21:22:45,392 Train INFO: eta: 0:26:48  iter: 31680  time: 0.1374 (0.1933)  data: 0.0255 (0.0793)  loss: 10.7699 (9.3970)  lr: 0.000005  max mem: 2.9 GB
2025-01-05 21:22:48,136 Train INFO: eta: 0:26:44  iter: 31700  time: 0.1365 (0.1933)  data: 0.0257 (0.0792)  loss: 10.4088 (9.3977)  lr: 0.000005  max mem: 2.9 GB
2025-01-05 21:22:50,879 Train INFO: eta: 0:26:39  iter: 31720  time: 0.1364 (0.1932)  data: 0.0252 (0.0792)  loss: 10.6796 (9.3985)  lr: 0.000005  max mem: 2.9 GB
2025-01-05 21:22:54,011 Train INFO: eta: 0:26:35  iter: 31740  time: 0.1380 (0.1932)  data: 0.0252 (0.0792)  loss: 10.1837 (9.3992)  lr: 0.000005  max mem: 2.9 GB
2025-01-05 21:22:56,773 Train INFO: eta: 0:26:31  iter: 31760  time: 0.1366 (0.1932)  data: 0.0254 (0.0791)  loss: 10.7311 (9.4000)  lr: 0.000005  max mem: 2.9 GB
2025-01-05 21:22:59,512 Train INFO: eta: 0:26:27  iter: 31780  time: 0.1369 (0.1931)  data: 0.0253 (0.0791)  loss: 10.3121 (9.4007)  lr: 0.000005  max mem: 2.9 GB
2025-01-05 21:23:02,256 Train INFO: eta: 0:26:23  iter: 31800  time: 0.1364 (0.1931)  data: 0.0250 (0.0791)  loss: 9.9954 (9.4011)  lr: 0.000005  max mem: 2.9 GB
2025-01-05 21:23:04,995 Train INFO: eta: 0:26:19  iter: 31820  time: 0.1365 (0.1931)  data: 0.0247 (0.0790)  loss: 10.5602 (9.4019)  lr: 0.000005  max mem: 2.9 GB
2025-01-05 21:23:07,700 Train INFO: eta: 0:26:15  iter: 31840  time: 0.1343 (0.1930)  data: 0.0258 (0.0790)  loss: 9.5572 (9.4022)  lr: 0.000005  max mem: 2.9 GB
2025-01-05 21:23:10,389 Train INFO: eta: 0:26:10  iter: 31860  time: 0.1342 (0.1930)  data: 0.0255 (0.0790)  loss: 9.6155 (9.4025)  lr: 0.000005  max mem: 2.9 GB
2025-01-05 21:23:13,093 Train INFO: eta: 0:26:06  iter: 31880  time: 0.1345 (0.1930)  data: 0.0255 (0.0789)  loss: 10.7505 (9.4034)  lr: 0.000005  max mem: 2.9 GB
2025-01-05 21:23:15,783 Train INFO: eta: 0:26:02  iter: 31900  time: 0.1339 (0.1929)  data: 0.0257 (0.0789)  loss: 10.4988 (9.4041)  lr: 0.000005  max mem: 2.9 GB
2025-01-05 21:23:18,468 Train INFO: eta: 0:25:58  iter: 31920  time: 0.1340 (0.1929)  data: 0.0258 (0.0789)  loss: 9.8626 (9.4045)  lr: 0.000005  max mem: 2.9 GB
2025-01-05 21:23:21,174 Train INFO: eta: 0:25:54  iter: 31940  time: 0.1349 (0.1928)  data: 0.0258 (0.0788)  loss: 10.0513 (9.4050)  lr: 0.000005  max mem: 2.9 GB
2025-01-05 21:23:23,850 Train INFO: eta: 0:25:50  iter: 31960  time: 0.1334 (0.1928)  data: 0.0255 (0.0788)  loss: 9.4929 (9.4053)  lr: 0.000005  max mem: 2.9 GB
2025-01-05 21:23:26,519 Train INFO: eta: 0:25:46  iter: 31980  time: 0.1328 (0.1928)  data: 0.0256 (0.0788)  loss: 9.9393 (9.4057)  lr: 0.000005  max mem: 2.9 GB
2025-01-05 21:23:29,594 Train INFO: eta: 0:25:42  iter: 32000  time: 0.1343 (0.1928)  data: 0.0253 (0.0787)  loss: 9.9651 (9.4062)  lr: 0.000005  max mem: 2.9 GB
2025-01-05 21:23:29,693 Train INFO: Validation
2025-01-05 21:23:29,697 Train INFO: Begin extract
2025-01-05 21:24:25,040 Train INFO: Best iteration 32000: {'mean_average_precision_at_r': 0.5442589456995716, 'precision_at_1': 0.8033453439555717, 'r_precision': 0.5715671516326868}
2025-01-05 21:24:27,730 Train INFO: eta: 0:25:51  iter: 32020  time: 0.1341 (0.1944)  data: 0.0257 (0.0804)  loss: 10.0365 (9.4068)  lr: 0.000005  max mem: 2.9 GB
2025-01-05 21:24:30,461 Train INFO: eta: 0:25:47  iter: 32040  time: 0.1356 (0.1944)  data: 0.0255 (0.0804)  loss: 9.8036 (9.4072)  lr: 0.000005  max mem: 2.9 GB
2025-01-05 21:24:33,177 Train INFO: eta: 0:25:43  iter: 32060  time: 0.1355 (0.1944)  data: 0.0252 (0.0804)  loss: 9.6225 (9.4076)  lr: 0.000005  max mem: 2.9 GB
2025-01-05 21:24:35,865 Train INFO: eta: 0:25:39  iter: 32080  time: 0.1329 (0.1943)  data: 0.0250 (0.0803)  loss: 9.7323 (9.4077)  lr: 0.000005  max mem: 2.9 GB
2025-01-05 21:24:38,617 Train INFO: eta: 0:25:34  iter: 32100  time: 0.1354 (0.1943)  data: 0.0245 (0.0803)  loss: 9.6929 (9.4078)  lr: 0.000005  max mem: 2.9 GB
2025-01-05 21:24:41,333 Train INFO: eta: 0:25:30  iter: 32120  time: 0.1350 (0.1943)  data: 0.0247 (0.0803)  loss: 9.6712 (9.4081)  lr: 0.000005  max mem: 2.9 GB
2025-01-05 21:24:44,036 Train INFO: eta: 0:25:26  iter: 32140  time: 0.1347 (0.1942)  data: 0.0249 (0.0802)  loss: 9.5349 (9.4082)  lr: 0.000005  max mem: 2.9 GB
2025-01-05 21:24:46,764 Train INFO: eta: 0:25:22  iter: 32160  time: 0.1358 (0.1942)  data: 0.0244 (0.0802)  loss: 9.4764 (9.4084)  lr: 0.000005  max mem: 2.9 GB
2025-01-05 21:24:49,525 Train INFO: eta: 0:25:18  iter: 32180  time: 0.1370 (0.1942)  data: 0.0246 (0.0802)  loss: 9.2167 (9.4087)  lr: 0.000005  max mem: 2.9 GB
2025-01-05 21:24:52,266 Train INFO: eta: 0:25:14  iter: 32200  time: 0.1373 (0.1941)  data: 0.0240 (0.0801)  loss: 9.1144 (9.4086)  lr: 0.000005  max mem: 2.9 GB
2025-01-05 21:24:54,978 Train INFO: eta: 0:25:09  iter: 32220  time: 0.1353 (0.1941)  data: 0.0241 (0.0801)  loss: 9.1051 (9.4083)  lr: 0.000005  max mem: 2.9 GB
2025-01-05 21:24:57,674 Train INFO: eta: 0:25:05  iter: 32240  time: 0.1346 (0.1940)  data: 0.0245 (0.0800)  loss: 8.6985 (9.4080)  lr: 0.000005  max mem: 2.9 GB
2025-01-05 21:25:00,355 Train INFO: eta: 0:25:01  iter: 32260  time: 0.1341 (0.1940)  data: 0.0239 (0.0800)  loss: 9.0205 (9.4078)  lr: 0.000005  max mem: 2.9 GB
2025-01-05 21:25:03,027 Train INFO: eta: 0:24:57  iter: 32280  time: 0.1333 (0.1940)  data: 0.0243 (0.0800)  loss: 8.5488 (9.4075)  lr: 0.000005  max mem: 2.9 GB
2025-01-05 21:25:05,802 Train INFO: eta: 0:24:53  iter: 32300  time: 0.1387 (0.1939)  data: 0.0228 (0.0799)  loss: 9.2435 (9.4072)  lr: 0.000005  max mem: 2.9 GB
2025-01-05 21:25:08,584 Train INFO: eta: 0:24:49  iter: 32320  time: 0.1387 (0.1939)  data: 0.0223 (0.0799)  loss: 9.2875 (9.4072)  lr: 0.000005  max mem: 2.9 GB
2025-01-05 21:25:11,305 Train INFO: eta: 0:24:45  iter: 32340  time: 0.1362 (0.1939)  data: 0.0227 (0.0799)  loss: 9.0768 (9.4068)  lr: 0.000005  max mem: 2.9 GB
2025-01-05 21:25:13,980 Train INFO: eta: 0:24:40  iter: 32360  time: 0.1332 (0.1938)  data: 0.0239 (0.0798)  loss: 8.6558 (9.4064)  lr: 0.000005  max mem: 2.9 GB
2025-01-05 21:25:16,994 Train INFO: eta: 0:24:36  iter: 32380  time: 0.1371 (0.1938)  data: 0.0234 (0.0798)  loss: 9.0643 (9.4063)  lr: 0.000005  max mem: 2.9 GB
2025-01-05 21:25:19,666 Train INFO: eta: 0:24:32  iter: 32400  time: 0.1328 (0.1938)  data: 0.0237 (0.0798)  loss: 8.7726 (9.4060)  lr: 0.000005  max mem: 2.9 GB
2025-01-05 21:25:22,324 Train INFO: eta: 0:24:28  iter: 32420  time: 0.1321 (0.1937)  data: 0.0239 (0.0797)  loss: 9.1251 (9.4057)  lr: 0.000005  max mem: 2.9 GB
2025-01-05 21:25:24,974 Train INFO: eta: 0:24:24  iter: 32440  time: 0.1320 (0.1937)  data: 0.0236 (0.0797)  loss: 9.4034 (9.4057)  lr: 0.000005  max mem: 2.9 GB
2025-01-05 21:25:27,641 Train INFO: eta: 0:24:20  iter: 32460  time: 0.1327 (0.1937)  data: 0.0232 (0.0797)  loss: 8.6585 (9.4052)  lr: 0.000005  max mem: 2.9 GB
2025-01-05 21:25:30,304 Train INFO: eta: 0:24:16  iter: 32480  time: 0.1333 (0.1936)  data: 0.0226 (0.0796)  loss: 8.4643 (9.4048)  lr: 0.000005  max mem: 2.9 GB
2025-01-05 21:25:33,017 Train INFO: eta: 0:24:11  iter: 32500  time: 0.1345 (0.1936)  data: 0.0224 (0.0796)  loss: 8.5724 (9.4043)  lr: 0.000005  max mem: 2.9 GB
2025-01-05 21:25:35,763 Train INFO: eta: 0:24:07  iter: 32520  time: 0.1364 (0.1935)  data: 0.0222 (0.0796)  loss: 8.6018 (9.4041)  lr: 0.000005  max mem: 2.9 GB
2025-01-05 21:25:38,557 Train INFO: eta: 0:24:03  iter: 32540  time: 0.1389 (0.1935)  data: 0.0216 (0.0795)  loss: 8.9358 (9.4039)  lr: 0.000005  max mem: 2.9 GB
2025-01-05 21:25:41,197 Train INFO: eta: 0:23:59  iter: 32560  time: 0.1311 (0.1935)  data: 0.0229 (0.0795)  loss: 8.6770 (9.4036)  lr: 0.000005  max mem: 2.9 GB
2025-01-05 21:25:43,833 Train INFO: eta: 0:23:55  iter: 32580  time: 0.1313 (0.1934)  data: 0.0226 (0.0795)  loss: 8.6458 (9.4032)  lr: 0.000005  max mem: 2.9 GB
2025-01-05 21:25:46,466 Train INFO: eta: 0:23:51  iter: 32600  time: 0.1309 (0.1934)  data: 0.0222 (0.0794)  loss: 8.8287 (9.4029)  lr: 0.000005  max mem: 2.9 GB
2025-01-05 21:25:49,258 Train INFO: eta: 0:23:47  iter: 32620  time: 0.1322 (0.1934)  data: 0.0222 (0.0794)  loss: 8.4906 (9.4025)  lr: 0.000005  max mem: 2.9 GB
2025-01-05 21:25:52,291 Train INFO: eta: 0:23:43  iter: 32640  time: 0.1324 (0.1933)  data: 0.0209 (0.0793)  loss: 8.4462 (9.4021)  lr: 0.000005  max mem: 2.9 GB
2025-01-05 21:25:54,966 Train INFO: eta: 0:23:38  iter: 32660  time: 0.1310 (0.1933)  data: 0.0220 (0.0793)  loss: 8.9743 (9.4017)  lr: 0.000005  max mem: 2.9 GB
2025-01-05 21:25:57,676 Train INFO: eta: 0:23:34  iter: 32680  time: 0.1344 (0.1933)  data: 0.0206 (0.0793)  loss: 8.5186 (9.4014)  lr: 0.000005  max mem: 2.9 GB
2025-01-05 21:26:00,310 Train INFO: eta: 0:23:30  iter: 32700  time: 0.1312 (0.1932)  data: 0.0218 (0.0792)  loss: 8.0434 (9.4007)  lr: 0.000005  max mem: 2.9 GB
2025-01-05 21:26:02,961 Train INFO: eta: 0:23:26  iter: 32720  time: 0.1326 (0.1932)  data: 0.0216 (0.0792)  loss: 8.4868 (9.4001)  lr: 0.000005  max mem: 2.9 GB
2025-01-05 21:26:05,955 Train INFO: eta: 0:23:22  iter: 32740  time: 0.1355 (0.1932)  data: 0.0251 (0.0792)  loss: 8.3867 (9.3997)  lr: 0.000005  max mem: 2.9 GB
2025-01-05 21:26:08,696 Train INFO: eta: 0:23:18  iter: 32760  time: 0.1367 (0.1931)  data: 0.0259 (0.0791)  loss: 8.5192 (9.3993)  lr: 0.000005  max mem: 2.9 GB
2025-01-05 21:26:11,438 Train INFO: eta: 0:23:14  iter: 32780  time: 0.1362 (0.1931)  data: 0.0260 (0.0791)  loss: 10.2314 (9.3999)  lr: 0.000005  max mem: 2.9 GB
2025-01-05 21:26:14,166 Train INFO: eta: 0:23:10  iter: 32800  time: 0.1363 (0.1931)  data: 0.0257 (0.0791)  loss: 10.4201 (9.4007)  lr: 0.000005  max mem: 2.9 GB
2025-01-05 21:26:16,911 Train INFO: eta: 0:23:05  iter: 32820  time: 0.1360 (0.1930)  data: 0.0260 (0.0791)  loss: 10.6714 (9.4014)  lr: 0.000005  max mem: 2.9 GB
2025-01-05 21:26:19,600 Train INFO: eta: 0:23:01  iter: 32840  time: 0.1341 (0.1930)  data: 0.0266 (0.0790)  loss: 10.6832 (9.4023)  lr: 0.000005  max mem: 2.9 GB
2025-01-05 21:26:22,299 Train INFO: eta: 0:22:57  iter: 32860  time: 0.1349 (0.1930)  data: 0.0255 (0.0790)  loss: 10.1497 (9.4029)  lr: 0.000005  max mem: 2.9 GB
2025-01-05 21:26:25,013 Train INFO: eta: 0:22:53  iter: 32880  time: 0.1352 (0.1929)  data: 0.0254 (0.0790)  loss: 10.8609 (9.4039)  lr: 0.000005  max mem: 2.9 GB
2025-01-05 21:26:28,151 Train INFO: eta: 0:22:49  iter: 32900  time: 0.1380 (0.1929)  data: 0.0250 (0.0789)  loss: 10.0183 (9.4045)  lr: 0.000005  max mem: 2.9 GB
2025-01-05 21:26:31,303 Train INFO: eta: 0:22:45  iter: 32920  time: 0.1382 (0.1929)  data: 0.0255 (0.0789)  loss: 10.5059 (9.4052)  lr: 0.000005  max mem: 2.9 GB
2025-01-05 21:26:34,021 Train INFO: eta: 0:22:41  iter: 32940  time: 0.1350 (0.1928)  data: 0.0258 (0.0789)  loss: 10.7333 (9.4063)  lr: 0.000005  max mem: 2.9 GB
2025-01-05 21:26:36,705 Train INFO: eta: 0:22:37  iter: 32960  time: 0.1336 (0.1928)  data: 0.0258 (0.0788)  loss: 10.8104 (9.4073)  lr: 0.000005  max mem: 2.9 GB
2025-01-05 21:26:39,388 Train INFO: eta: 0:22:33  iter: 32980  time: 0.1340 (0.1928)  data: 0.0261 (0.0788)  loss: 10.7777 (9.4081)  lr: 0.000005  max mem: 2.9 GB
2025-01-05 21:26:42,071 Train INFO: eta: 0:22:29  iter: 33000  time: 0.1342 (0.1927)  data: 0.0264 (0.0788)  loss: 11.1289 (9.4093)  lr: 0.000005  max mem: 2.9 GB
2025-01-05 21:26:42,191 Train INFO: Validation
2025-01-05 21:26:42,195 Train INFO: Begin extract
2025-01-05 21:27:36,479 Train INFO: Performance at iteration 033000: {'mean_average_precision_at_r': 0.5427854687745037, 'precision_at_1': 0.8024362830980794, 'r_precision': 0.5701520433202858}
2025-01-05 21:27:39,152 Train INFO: eta: 0:22:36  iter: 33020  time: 0.1333 (0.1944)  data: 0.0260 (0.0804)  loss: 11.1364 (9.4102)  lr: 0.000005  max mem: 2.9 GB
2025-01-05 21:27:41,825 Train INFO: eta: 0:22:32  iter: 33040  time: 0.1333 (0.1943)  data: 0.0260 (0.0803)  loss: 11.8101 (9.4117)  lr: 0.000005  max mem: 2.9 GB
2025-01-05 21:27:44,496 Train INFO: eta: 0:22:28  iter: 33060  time: 0.1333 (0.1943)  data: 0.0258 (0.0803)  loss: 11.0638 (9.4127)  lr: 0.000005  max mem: 2.9 GB
2025-01-05 21:27:47,156 Train INFO: eta: 0:22:24  iter: 33080  time: 0.1328 (0.1942)  data: 0.0259 (0.0803)  loss: 10.2179 (9.4133)  lr: 0.000005  max mem: 2.9 GB
2025-01-05 21:27:49,835 Train INFO: eta: 0:22:20  iter: 33100  time: 0.1332 (0.1942)  data: 0.0253 (0.0802)  loss: 10.6784 (9.4141)  lr: 0.000005  max mem: 2.9 GB
2025-01-05 21:27:52,535 Train INFO: eta: 0:22:15  iter: 33120  time: 0.1340 (0.1942)  data: 0.0260 (0.0802)  loss: 9.8317 (9.4145)  lr: 0.000005  max mem: 2.9 GB
2025-01-05 21:27:55,216 Train INFO: eta: 0:22:11  iter: 33140  time: 0.1338 (0.1941)  data: 0.0258 (0.0802)  loss: 9.9996 (9.4152)  lr: 0.000005  max mem: 2.9 GB
2025-01-05 21:27:57,900 Train INFO: eta: 0:22:07  iter: 33160  time: 0.1337 (0.1941)  data: 0.0257 (0.0801)  loss: 9.9408 (9.4156)  lr: 0.000005  max mem: 2.9 GB
2025-01-05 21:28:00,578 Train INFO: eta: 0:22:03  iter: 33180  time: 0.1337 (0.1941)  data: 0.0253 (0.0801)  loss: 9.6266 (9.4160)  lr: 0.000005  max mem: 2.9 GB
2025-01-05 21:28:03,246 Train INFO: eta: 0:21:59  iter: 33200  time: 0.1332 (0.1940)  data: 0.0252 (0.0801)  loss: 9.2753 (9.4160)  lr: 0.000005  max mem: 2.9 GB
2025-01-05 21:28:05,978 Train INFO: eta: 0:21:55  iter: 33220  time: 0.1377 (0.1940)  data: 0.0248 (0.0800)  loss: 9.8187 (9.4163)  lr: 0.000005  max mem: 2.9 GB
2025-01-05 21:28:08,932 Train INFO: eta: 0:21:51  iter: 33240  time: 0.1412 (0.1940)  data: 0.0246 (0.0800)  loss: 9.8159 (9.4167)  lr: 0.000005  max mem: 2.9 GB
2025-01-05 21:28:11,738 Train INFO: eta: 0:21:47  iter: 33260  time: 0.1400 (0.1939)  data: 0.0242 (0.0800)  loss: 9.8028 (9.4171)  lr: 0.000005  max mem: 2.9 GB
2025-01-05 21:28:14,511 Train INFO: eta: 0:21:42  iter: 33280  time: 0.1389 (0.1939)  data: 0.0246 (0.0799)  loss: 9.6209 (9.4171)  lr: 0.000005  max mem: 2.9 GB
2025-01-05 21:28:17,316 Train INFO: eta: 0:21:38  iter: 33300  time: 0.1402 (0.1939)  data: 0.0240 (0.0799)  loss: 9.4704 (9.4171)  lr: 0.000005  max mem: 2.9 GB
2025-01-05 21:28:20,111 Train INFO: eta: 0:21:34  iter: 33320  time: 0.1396 (0.1938)  data: 0.0239 (0.0799)  loss: 9.5014 (9.4171)  lr: 0.000005  max mem: 2.9 GB
2025-01-05 21:28:22,933 Train INFO: eta: 0:21:30  iter: 33340  time: 0.1403 (0.1938)  data: 0.0234 (0.0798)  loss: 9.6278 (9.4173)  lr: 0.000005  max mem: 2.9 GB
2025-01-05 21:28:25,784 Train INFO: eta: 0:21:26  iter: 33360  time: 0.1421 (0.1938)  data: 0.0234 (0.0798)  loss: 9.9824 (9.4174)  lr: 0.000005  max mem: 2.9 GB
2025-01-05 21:28:28,565 Train INFO: eta: 0:21:22  iter: 33380  time: 0.1388 (0.1937)  data: 0.0237 (0.0798)  loss: 8.9659 (9.4171)  lr: 0.000005  max mem: 2.9 GB
2025-01-05 21:28:31,314 Train INFO: eta: 0:21:18  iter: 33400  time: 0.1367 (0.1937)  data: 0.0240 (0.0797)  loss: 9.5831 (9.4172)  lr: 0.000005  max mem: 2.9 GB
2025-01-05 21:28:34,115 Train INFO: eta: 0:21:14  iter: 33420  time: 0.1400 (0.1937)  data: 0.0236 (0.0797)  loss: 9.2193 (9.4170)  lr: 0.000005  max mem: 2.9 GB
2025-01-05 21:28:36,865 Train INFO: eta: 0:21:10  iter: 33440  time: 0.1365 (0.1936)  data: 0.0239 (0.0797)  loss: 8.9961 (9.4167)  lr: 0.000005  max mem: 2.9 GB
2025-01-05 21:28:39,577 Train INFO: eta: 0:21:06  iter: 33460  time: 0.1344 (0.1936)  data: 0.0242 (0.0796)  loss: 8.9197 (9.4165)  lr: 0.000005  max mem: 2.9 GB
2025-01-05 21:28:42,306 Train INFO: eta: 0:21:02  iter: 33480  time: 0.1357 (0.1936)  data: 0.0239 (0.0796)  loss: 8.9281 (9.4163)  lr: 0.000005  max mem: 2.9 GB
2025-01-05 21:28:45,037 Train INFO: eta: 0:20:57  iter: 33500  time: 0.1346 (0.1935)  data: 0.0233 (0.0796)  loss: 8.9393 (9.4162)  lr: 0.000005  max mem: 2.9 GB
2025-01-05 21:28:47,803 Train INFO: eta: 0:20:53  iter: 33520  time: 0.1373 (0.1935)  data: 0.0239 (0.0795)  loss: 9.1485 (9.4160)  lr: 0.000005  max mem: 2.9 GB
2025-01-05 21:28:50,557 Train INFO: eta: 0:20:49  iter: 33540  time: 0.1367 (0.1935)  data: 0.0232 (0.0795)  loss: 8.7258 (9.4158)  lr: 0.000005  max mem: 2.9 GB
2025-01-05 21:28:53,299 Train INFO: eta: 0:20:45  iter: 33560  time: 0.1371 (0.1934)  data: 0.0233 (0.0795)  loss: 8.9608 (9.4154)  lr: 0.000005  max mem: 2.9 GB
2025-01-05 21:28:56,074 Train INFO: eta: 0:20:41  iter: 33580  time: 0.1385 (0.1934)  data: 0.0226 (0.0794)  loss: 8.4339 (9.4148)  lr: 0.000005  max mem: 2.9 GB
2025-01-05 21:28:58,859 Train INFO: eta: 0:20:37  iter: 33600  time: 0.1399 (0.1934)  data: 0.0218 (0.0794)  loss: 8.8683 (9.4146)  lr: 0.000005  max mem: 2.9 GB
2025-01-05 21:29:01,667 Train INFO: eta: 0:20:33  iter: 33620  time: 0.1404 (0.1933)  data: 0.0224 (0.0794)  loss: 8.5506 (9.4143)  lr: 0.000005  max mem: 2.9 GB
2025-01-05 21:29:04,452 Train INFO: eta: 0:20:29  iter: 33640  time: 0.1376 (0.1933)  data: 0.0227 (0.0793)  loss: 8.6796 (9.4138)  lr: 0.000005  max mem: 2.9 GB
2025-01-05 21:29:07,204 Train INFO: eta: 0:20:25  iter: 33660  time: 0.1364 (0.1933)  data: 0.0228 (0.0793)  loss: 8.7450 (9.4134)  lr: 0.000005  max mem: 2.9 GB
2025-01-05 21:29:09,967 Train INFO: eta: 0:20:21  iter: 33680  time: 0.1377 (0.1932)  data: 0.0225 (0.0793)  loss: 8.7308 (9.4130)  lr: 0.000005  max mem: 2.9 GB
2025-01-05 21:29:12,711 Train INFO: eta: 0:20:17  iter: 33700  time: 0.1362 (0.1932)  data: 0.0222 (0.0792)  loss: 8.6938 (9.4129)  lr: 0.000005  max mem: 2.9 GB
2025-01-05 21:29:15,541 Train INFO: eta: 0:20:13  iter: 33720  time: 0.1413 (0.1932)  data: 0.0214 (0.0792)  loss: 8.3895 (9.4124)  lr: 0.000005  max mem: 2.9 GB
2025-01-05 21:29:18,354 Train INFO: eta: 0:20:09  iter: 33740  time: 0.1396 (0.1931)  data: 0.0218 (0.0792)  loss: 9.0587 (9.4124)  lr: 0.000005  max mem: 2.9 GB
2025-01-05 21:29:21,136 Train INFO: eta: 0:20:05  iter: 33760  time: 0.1402 (0.1931)  data: 0.0216 (0.0791)  loss: 9.2953 (9.4121)  lr: 0.000005  max mem: 2.9 GB
2025-01-05 21:29:23,864 Train INFO: eta: 0:20:00  iter: 33780  time: 0.1369 (0.1931)  data: 0.0217 (0.0791)  loss: 8.7174 (9.4121)  lr: 0.000005  max mem: 2.9 GB
2025-01-05 21:29:26,633 Train INFO: eta: 0:19:56  iter: 33800  time: 0.1373 (0.1930)  data: 0.0218 (0.0791)  loss: 8.8193 (9.4118)  lr: 0.000005  max mem: 2.9 GB
2025-01-05 21:29:29,346 Train INFO: eta: 0:19:52  iter: 33820  time: 0.1358 (0.1930)  data: 0.0216 (0.0790)  loss: 8.3042 (9.4114)  lr: 0.000005  max mem: 2.9 GB
2025-01-05 21:29:32,080 Train INFO: eta: 0:19:48  iter: 33840  time: 0.1361 (0.1930)  data: 0.0218 (0.0790)  loss: 8.5392 (9.4109)  lr: 0.000005  max mem: 2.9 GB
2025-01-05 21:29:34,809 Train INFO: eta: 0:19:44  iter: 33860  time: 0.1362 (0.1929)  data: 0.0214 (0.0790)  loss: 8.4551 (9.4104)  lr: 0.000005  max mem: 2.9 GB
2025-01-05 21:29:37,534 Train INFO: eta: 0:19:40  iter: 33880  time: 0.1356 (0.1929)  data: 0.0213 (0.0789)  loss: 8.6679 (9.4100)  lr: 0.000005  max mem: 2.9 GB
2025-01-05 21:29:40,567 Train INFO: eta: 0:19:36  iter: 33900  time: 0.1354 (0.1929)  data: 0.0210 (0.0789)  loss: 8.4696 (9.4094)  lr: 0.000005  max mem: 2.9 GB
2025-01-05 21:29:43,382 Train INFO: eta: 0:19:32  iter: 33920  time: 0.1402 (0.1929)  data: 0.0252 (0.0789)  loss: 8.4249 (9.4088)  lr: 0.000005  max mem: 2.9 GB
2025-01-05 21:29:46,311 Train INFO: eta: 0:19:28  iter: 33940  time: 0.1392 (0.1928)  data: 0.0257 (0.0788)  loss: 9.1735 (9.4086)  lr: 0.000005  max mem: 2.9 GB
2025-01-05 21:29:49,136 Train INFO: eta: 0:19:24  iter: 33960  time: 0.1411 (0.1928)  data: 0.0261 (0.0788)  loss: 9.9096 (9.4090)  lr: 0.000005  max mem: 2.9 GB
2025-01-05 21:29:52,075 Train INFO: eta: 0:19:20  iter: 33980  time: 0.1422 (0.1928)  data: 0.0259 (0.0788)  loss: 10.3750 (9.4095)  lr: 0.000005  max mem: 2.9 GB
2025-01-05 21:29:54,911 Train INFO: eta: 0:19:16  iter: 34000  time: 0.1420 (0.1927)  data: 0.0254 (0.0788)  loss: 9.7538 (9.4099)  lr: 0.000005  max mem: 2.9 GB
2025-01-05 21:29:55,009 Train INFO: Validation
2025-01-05 21:29:55,013 Train INFO: Begin extract
2025-01-05 21:30:52,126 Train INFO: Performance at iteration 034000: {'mean_average_precision_at_r': 0.5424876398237318, 'precision_at_1': 0.8027337939241678, 'r_precision': 0.5698764451181727}
2025-01-05 21:30:54,949 Train INFO: eta: 0:19:22  iter: 34020  time: 0.1407 (0.1944)  data: 0.0250 (0.0804)  loss: 10.5023 (9.4106)  lr: 0.000005  max mem: 2.9 GB
2025-01-05 21:30:57,737 Train INFO: eta: 0:19:18  iter: 34040  time: 0.1386 (0.1944)  data: 0.0247 (0.0804)  loss: 10.9537 (9.4117)  lr: 0.000005  max mem: 2.9 GB
2025-01-05 21:31:00,519 Train INFO: eta: 0:19:14  iter: 34060  time: 0.1390 (0.1943)  data: 0.0252 (0.0803)  loss: 10.7311 (9.4125)  lr: 0.000005  max mem: 2.9 GB
2025-01-05 21:31:03,278 Train INFO: eta: 0:19:10  iter: 34080  time: 0.1374 (0.1943)  data: 0.0250 (0.0803)  loss: 10.8033 (9.4134)  lr: 0.000005  max mem: 2.9 GB
2025-01-05 21:31:06,050 Train INFO: eta: 0:19:06  iter: 34100  time: 0.1382 (0.1943)  data: 0.0250 (0.0803)  loss: 10.7570 (9.4142)  lr: 0.000005  max mem: 2.9 GB
2025-01-05 21:31:08,819 Train INFO: eta: 0:19:02  iter: 34120  time: 0.1366 (0.1942)  data: 0.0249 (0.0802)  loss: 11.0967 (9.4151)  lr: 0.000005  max mem: 2.9 GB
2025-01-05 21:31:11,564 Train INFO: eta: 0:18:58  iter: 34140  time: 0.1367 (0.1942)  data: 0.0259 (0.0802)  loss: 10.6970 (9.4161)  lr: 0.000005  max mem: 2.9 GB
2025-01-05 21:31:14,333 Train INFO: eta: 0:18:53  iter: 34160  time: 0.1379 (0.1942)  data: 0.0245 (0.0802)  loss: 10.6448 (9.4170)  lr: 0.000005  max mem: 2.9 GB
2025-01-05 21:31:17,115 Train INFO: eta: 0:18:49  iter: 34180  time: 0.1388 (0.1941)  data: 0.0242 (0.0801)  loss: 10.5432 (9.4178)  lr: 0.000005  max mem: 2.9 GB
2025-01-05 21:31:19,868 Train INFO: eta: 0:18:45  iter: 34200  time: 0.1365 (0.1941)  data: 0.0251 (0.0801)  loss: 10.7198 (9.4186)  lr: 0.000005  max mem: 2.9 GB
2025-01-05 21:31:22,601 Train INFO: eta: 0:18:41  iter: 34220  time: 0.1354 (0.1941)  data: 0.0255 (0.0801)  loss: 10.9663 (9.4195)  lr: 0.000005  max mem: 2.9 GB
2025-01-05 21:31:25,322 Train INFO: eta: 0:18:37  iter: 34240  time: 0.1350 (0.1940)  data: 0.0252 (0.0801)  loss: 10.5967 (9.4201)  lr: 0.000005  max mem: 2.9 GB
2025-01-05 21:31:28,037 Train INFO: eta: 0:18:33  iter: 34260  time: 0.1352 (0.1940)  data: 0.0258 (0.0800)  loss: 10.0515 (9.4205)  lr: 0.000005  max mem: 2.9 GB
2025-01-05 21:31:30,739 Train INFO: eta: 0:18:29  iter: 34280  time: 0.1346 (0.1940)  data: 0.0251 (0.0800)  loss: 10.0477 (9.4210)  lr: 0.000005  max mem: 2.9 GB
2025-01-05 21:31:33,410 Train INFO: eta: 0:18:25  iter: 34300  time: 0.1334 (0.1939)  data: 0.0254 (0.0800)  loss: 9.6271 (9.4213)  lr: 0.000005  max mem: 2.9 GB
2025-01-05 21:31:36,110 Train INFO: eta: 0:18:21  iter: 34320  time: 0.1346 (0.1939)  data: 0.0256 (0.0799)  loss: 9.2194 (9.4214)  lr: 0.000005  max mem: 2.9 GB
2025-01-05 21:31:38,811 Train INFO: eta: 0:18:17  iter: 34340  time: 0.1345 (0.1939)  data: 0.0252 (0.0799)  loss: 9.5149 (9.4216)  lr: 0.000005  max mem: 2.9 GB
2025-01-05 21:31:41,488 Train INFO: eta: 0:18:13  iter: 34360  time: 0.1334 (0.1938)  data: 0.0253 (0.0799)  loss: 9.4802 (9.4219)  lr: 0.000005  max mem: 2.9 GB
2025-01-05 21:31:44,159 Train INFO: eta: 0:18:09  iter: 34380  time: 0.1330 (0.1938)  data: 0.0249 (0.0798)  loss: 9.2471 (9.4219)  lr: 0.000005  max mem: 2.9 GB
2025-01-05 21:31:46,838 Train INFO: eta: 0:18:05  iter: 34400  time: 0.1337 (0.1938)  data: 0.0250 (0.0798)  loss: 9.7986 (9.4220)  lr: 0.000005  max mem: 2.9 GB
2025-01-05 21:31:49,569 Train INFO: eta: 0:18:00  iter: 34420  time: 0.1372 (0.1937)  data: 0.0236 (0.0798)  loss: 9.2954 (9.4219)  lr: 0.000005  max mem: 2.9 GB
2025-01-05 21:31:52,268 Train INFO: eta: 0:17:56  iter: 34440  time: 0.1345 (0.1937)  data: 0.0246 (0.0797)  loss: 9.4765 (9.4221)  lr: 0.000005  max mem: 2.9 GB
2025-01-05 21:31:54,960 Train INFO: eta: 0:17:52  iter: 34460  time: 0.1342 (0.1937)  data: 0.0248 (0.0797)  loss: 9.5091 (9.4221)  lr: 0.000005  max mem: 2.9 GB
2025-01-05 21:31:57,643 Train INFO: eta: 0:17:48  iter: 34480  time: 0.1341 (0.1936)  data: 0.0250 (0.0797)  loss: 9.6425 (9.4221)  lr: 0.000005  max mem: 2.9 GB
2025-01-05 21:32:00,338 Train INFO: eta: 0:17:44  iter: 34500  time: 0.1347 (0.1936)  data: 0.0247 (0.0796)  loss: 10.0795 (9.4225)  lr: 0.000005  max mem: 2.9 GB
2025-01-05 21:32:03,035 Train INFO: eta: 0:17:40  iter: 34520  time: 0.1336 (0.1936)  data: 0.0246 (0.0796)  loss: 8.9198 (9.4225)  lr: 0.000005  max mem: 2.9 GB
2025-01-05 21:32:05,730 Train INFO: eta: 0:17:36  iter: 34540  time: 0.1346 (0.1935)  data: 0.0247 (0.0796)  loss: 9.5323 (9.4226)  lr: 0.000005  max mem: 2.9 GB
2025-01-05 21:32:08,434 Train INFO: eta: 0:17:32  iter: 34560  time: 0.1347 (0.1935)  data: 0.0246 (0.0795)  loss: 9.0758 (9.4224)  lr: 0.000005  max mem: 2.9 GB
2025-01-05 21:32:11,123 Train INFO: eta: 0:17:28  iter: 34580  time: 0.1338 (0.1935)  data: 0.0243 (0.0795)  loss: 9.3566 (9.4224)  lr: 0.000005  max mem: 2.9 GB
2025-01-05 21:32:13,837 Train INFO: eta: 0:17:24  iter: 34600  time: 0.1350 (0.1934)  data: 0.0242 (0.0795)  loss: 9.2639 (9.4224)  lr: 0.000005  max mem: 2.9 GB
2025-01-05 21:32:16,529 Train INFO: eta: 0:17:20  iter: 34620  time: 0.1343 (0.1934)  data: 0.0241 (0.0794)  loss: 9.1834 (9.4224)  lr: 0.000005  max mem: 2.9 GB
2025-01-05 21:32:19,207 Train INFO: eta: 0:17:16  iter: 34640  time: 0.1334 (0.1933)  data: 0.0243 (0.0794)  loss: 9.2645 (9.4223)  lr: 0.000005  max mem: 2.9 GB
2025-01-05 21:32:21,941 Train INFO: eta: 0:17:12  iter: 34660  time: 0.1365 (0.1933)  data: 0.0232 (0.0794)  loss: 8.7275 (9.4220)  lr: 0.000005  max mem: 2.9 GB
2025-01-05 21:32:24,670 Train INFO: eta: 0:17:08  iter: 34680  time: 0.1358 (0.1933)  data: 0.0231 (0.0793)  loss: 8.6966 (9.4216)  lr: 0.000005  max mem: 2.9 GB
2025-01-05 21:32:27,360 Train INFO: eta: 0:17:04  iter: 34700  time: 0.1347 (0.1932)  data: 0.0231 (0.0793)  loss: 8.8966 (9.4213)  lr: 0.000005  max mem: 2.9 GB
2025-01-05 21:32:30,023 Train INFO: eta: 0:17:00  iter: 34720  time: 0.1333 (0.1932)  data: 0.0236 (0.0793)  loss: 9.2817 (9.4211)  lr: 0.000005  max mem: 2.9 GB
2025-01-05 21:32:32,690 Train INFO: eta: 0:16:56  iter: 34740  time: 0.1333 (0.1932)  data: 0.0236 (0.0793)  loss: 8.8422 (9.4208)  lr: 0.000005  max mem: 2.9 GB
2025-01-05 21:32:35,358 Train INFO: eta: 0:16:52  iter: 34760  time: 0.1327 (0.1931)  data: 0.0237 (0.0792)  loss: 8.7251 (9.4204)  lr: 0.000005  max mem: 2.9 GB
2025-01-05 21:32:38,046 Train INFO: eta: 0:16:48  iter: 34780  time: 0.1342 (0.1931)  data: 0.0223 (0.0792)  loss: 8.3801 (9.4200)  lr: 0.000005  max mem: 2.9 GB
2025-01-05 21:32:40,759 Train INFO: eta: 0:16:44  iter: 34800  time: 0.1356 (0.1931)  data: 0.0223 (0.0792)  loss: 8.4027 (9.4195)  lr: 0.000005  max mem: 2.9 GB
2025-01-05 21:32:43,477 Train INFO: eta: 0:16:39  iter: 34820  time: 0.1357 (0.1930)  data: 0.0222 (0.0791)  loss: 8.5623 (9.4190)  lr: 0.000005  max mem: 2.9 GB
2025-01-05 21:32:46,179 Train INFO: eta: 0:16:35  iter: 34840  time: 0.1349 (0.1930)  data: 0.0220 (0.0791)  loss: 7.9573 (9.4183)  lr: 0.000005  max mem: 2.9 GB
2025-01-05 21:32:48,854 Train INFO: eta: 0:16:31  iter: 34860  time: 0.1336 (0.1930)  data: 0.0227 (0.0791)  loss: 8.5880 (9.4179)  lr: 0.000005  max mem: 2.9 GB
2025-01-05 21:32:51,506 Train INFO: eta: 0:16:27  iter: 34880  time: 0.1322 (0.1929)  data: 0.0227 (0.0790)  loss: 8.4978 (9.4174)  lr: 0.000005  max mem: 2.9 GB
2025-01-05 21:32:54,162 Train INFO: eta: 0:16:23  iter: 34900  time: 0.1324 (0.1929)  data: 0.0226 (0.0790)  loss: 8.3176 (9.4168)  lr: 0.000005  max mem: 2.9 GB
2025-01-05 21:32:56,794 Train INFO: eta: 0:16:19  iter: 34920  time: 0.1314 (0.1929)  data: 0.0226 (0.0790)  loss: 7.9392 (9.4161)  lr: 0.000005  max mem: 2.9 GB
2025-01-05 21:32:59,437 Train INFO: eta: 0:16:15  iter: 34940  time: 0.1322 (0.1928)  data: 0.0225 (0.0789)  loss: 8.2214 (9.4156)  lr: 0.000005  max mem: 2.9 GB
2025-01-05 21:33:02,094 Train INFO: eta: 0:16:11  iter: 34960  time: 0.1312 (0.1928)  data: 0.0223 (0.0789)  loss: 8.6594 (9.4152)  lr: 0.000005  max mem: 2.9 GB
2025-01-05 21:33:04,733 Train INFO: eta: 0:16:07  iter: 34980  time: 0.1319 (0.1928)  data: 0.0222 (0.0789)  loss: 8.3024 (9.4147)  lr: 0.000005  max mem: 2.9 GB
2025-01-05 21:33:07,366 Train INFO: eta: 0:16:03  iter: 35000  time: 0.1316 (0.1927)  data: 0.0222 (0.0788)  loss: 8.1878 (9.4141)  lr: 0.000005  max mem: 2.9 GB
2025-01-05 21:33:07,463 Train INFO: Validation
2025-01-05 21:33:07,467 Train INFO: Begin extract
2025-01-05 21:34:02,645 Train INFO: Best iteration 35000: {'mean_average_precision_at_r': 0.5445469092365428, 'precision_at_1': 0.8038907804700671, 'r_precision': 0.5720224083083989}
2025-01-05 21:34:05,387 Train INFO: eta: 0:16:07  iter: 35020  time: 0.1360 (0.1943)  data: 0.0200 (0.0804)  loss: 8.5888 (9.4138)  lr: 0.000005  max mem: 2.9 GB
2025-01-05 21:34:08,327 Train INFO: eta: 0:16:03  iter: 35040  time: 0.1368 (0.1943)  data: 0.0198 (0.0803)  loss: 8.5989 (9.4133)  lr: 0.000005  max mem: 2.9 GB
2025-01-05 21:34:11,031 Train INFO: eta: 0:15:59  iter: 35060  time: 0.1347 (0.1942)  data: 0.0198 (0.0803)  loss: 8.5692 (9.4129)  lr: 0.000005  max mem: 2.9 GB
2025-01-05 21:34:14,145 Train INFO: eta: 0:15:55  iter: 35080  time: 0.1428 (0.1942)  data: 0.0223 (0.0803)  loss: 8.5977 (9.4124)  lr: 0.000005  max mem: 2.9 GB
2025-01-05 21:34:16,997 Train INFO: eta: 0:15:51  iter: 35100  time: 0.1409 (0.1942)  data: 0.0241 (0.0803)  loss: 8.3639 (9.4121)  lr: 0.000005  max mem: 2.9 GB
2025-01-05 21:34:19,828 Train INFO: eta: 0:15:47  iter: 35120  time: 0.1409 (0.1941)  data: 0.0249 (0.0802)  loss: 10.6107 (9.4127)  lr: 0.000005  max mem: 2.9 GB
2025-01-05 21:34:22,638 Train INFO: eta: 0:15:43  iter: 35140  time: 0.1400 (0.1941)  data: 0.0248 (0.0802)  loss: 10.2685 (9.4133)  lr: 0.000005  max mem: 2.9 GB
2025-01-05 21:34:25,853 Train INFO: eta: 0:15:39  iter: 35160  time: 0.1414 (0.1941)  data: 0.0251 (0.0802)  loss: 11.0126 (9.4143)  lr: 0.000005  max mem: 2.9 GB
2025-01-05 21:34:28,766 Train INFO: eta: 0:15:35  iter: 35180  time: 0.1445 (0.1941)  data: 0.0254 (0.0801)  loss: 9.9271 (9.4147)  lr: 0.000005  max mem: 2.9 GB
2025-01-05 21:34:31,767 Train INFO: eta: 0:15:31  iter: 35200  time: 0.1452 (0.1940)  data: 0.0247 (0.0801)  loss: 10.5536 (9.4154)  lr: 0.000005  max mem: 2.9 GB
2025-01-05 21:34:34,580 Train INFO: eta: 0:15:27  iter: 35220  time: 0.1393 (0.1940)  data: 0.0251 (0.0801)  loss: 10.7433 (9.4164)  lr: 0.000005  max mem: 2.9 GB
2025-01-05 21:34:37,383 Train INFO: eta: 0:15:23  iter: 35240  time: 0.1396 (0.1940)  data: 0.0255 (0.0800)  loss: 10.4471 (9.4172)  lr: 0.000005  max mem: 2.9 GB
2025-01-05 21:34:40,133 Train INFO: eta: 0:15:19  iter: 35260  time: 0.1373 (0.1939)  data: 0.0253 (0.0800)  loss: 10.4197 (9.4179)  lr: 0.000005  max mem: 2.9 GB
2025-01-05 21:34:42,885 Train INFO: eta: 0:15:15  iter: 35280  time: 0.1373 (0.1939)  data: 0.0247 (0.0800)  loss: 10.7684 (9.4185)  lr: 0.000005  max mem: 2.9 GB
2025-01-05 21:34:45,643 Train INFO: eta: 0:15:11  iter: 35300  time: 0.1376 (0.1939)  data: 0.0251 (0.0799)  loss: 9.9983 (9.4192)  lr: 0.000005  max mem: 2.9 GB
2025-01-05 21:34:48,398 Train INFO: eta: 0:15:07  iter: 35320  time: 0.1373 (0.1939)  data: 0.0249 (0.0799)  loss: 10.2887 (9.4199)  lr: 0.000005  max mem: 2.9 GB
2025-01-05 21:34:51,152 Train INFO: eta: 0:15:03  iter: 35340  time: 0.1373 (0.1938)  data: 0.0249 (0.0799)  loss: 10.8372 (9.4206)  lr: 0.000005  max mem: 2.9 GB
2025-01-05 21:34:53,914 Train INFO: eta: 0:14:59  iter: 35360  time: 0.1374 (0.1938)  data: 0.0249 (0.0798)  loss: 11.2723 (9.4215)  lr: 0.000005  max mem: 2.9 GB
2025-01-05 21:34:56,664 Train INFO: eta: 0:14:55  iter: 35380  time: 0.1372 (0.1938)  data: 0.0248 (0.0798)  loss: 9.9143 (9.4220)  lr: 0.000005  max mem: 2.9 GB
2025-01-05 21:34:59,451 Train INFO: eta: 0:14:51  iter: 35400  time: 0.1383 (0.1937)  data: 0.0249 (0.0798)  loss: 10.9467 (9.4230)  lr: 0.000005  max mem: 2.9 GB
2025-01-05 21:35:02,256 Train INFO: eta: 0:14:47  iter: 35420  time: 0.1386 (0.1937)  data: 0.0249 (0.0798)  loss: 10.2631 (9.4237)  lr: 0.000005  max mem: 2.9 GB
2025-01-05 21:35:05,025 Train INFO: eta: 0:14:43  iter: 35440  time: 0.1373 (0.1937)  data: 0.0248 (0.0797)  loss: 10.0319 (9.4241)  lr: 0.000005  max mem: 2.9 GB
2025-01-05 21:35:07,813 Train INFO: eta: 0:14:39  iter: 35460  time: 0.1391 (0.1936)  data: 0.0252 (0.0797)  loss: 9.7944 (9.4244)  lr: 0.000005  max mem: 2.9 GB
2025-01-05 21:35:10,581 Train INFO: eta: 0:14:35  iter: 35480  time: 0.1376 (0.1936)  data: 0.0245 (0.0797)  loss: 10.6036 (9.4250)  lr: 0.000005  max mem: 2.9 GB
2025-01-05 21:35:13,333 Train INFO: eta: 0:14:31  iter: 35500  time: 0.1370 (0.1936)  data: 0.0251 (0.0796)  loss: 10.1382 (9.4256)  lr: 0.000005  max mem: 2.9 GB
2025-01-05 21:35:16,028 Train INFO: eta: 0:14:27  iter: 35520  time: 0.1346 (0.1935)  data: 0.0255 (0.0796)  loss: 9.7993 (9.4259)  lr: 0.000005  max mem: 2.9 GB
2025-01-05 21:35:18,728 Train INFO: eta: 0:14:23  iter: 35540  time: 0.1347 (0.1935)  data: 0.0251 (0.0796)  loss: 10.1475 (9.4263)  lr: 0.000005  max mem: 2.9 GB
2025-01-05 21:35:21,426 Train INFO: eta: 0:14:19  iter: 35560  time: 0.1344 (0.1935)  data: 0.0253 (0.0795)  loss: 9.9216 (9.4265)  lr: 0.000005  max mem: 2.9 GB
2025-01-05 21:35:24,123 Train INFO: eta: 0:14:14  iter: 35580  time: 0.1347 (0.1934)  data: 0.0249 (0.0795)  loss: 10.5898 (9.4270)  lr: 0.000005  max mem: 2.9 GB
2025-01-05 21:35:26,845 Train INFO: eta: 0:14:10  iter: 35600  time: 0.1362 (0.1934)  data: 0.0252 (0.0795)  loss: 9.5885 (9.4273)  lr: 0.000005  max mem: 2.9 GB
2025-01-05 21:35:29,541 Train INFO: eta: 0:14:06  iter: 35620  time: 0.1339 (0.1934)  data: 0.0257 (0.0794)  loss: 9.4229 (9.4273)  lr: 0.000005  max mem: 2.9 GB
2025-01-05 21:35:32,224 Train INFO: eta: 0:14:02  iter: 35640  time: 0.1339 (0.1933)  data: 0.0251 (0.0794)  loss: 9.5617 (9.4273)  lr: 0.000005  max mem: 2.9 GB
2025-01-05 21:35:34,942 Train INFO: eta: 0:13:58  iter: 35660  time: 0.1355 (0.1933)  data: 0.0253 (0.0794)  loss: 9.4876 (9.4273)  lr: 0.000005  max mem: 2.9 GB
2025-01-05 21:35:37,623 Train INFO: eta: 0:13:54  iter: 35680  time: 0.1337 (0.1933)  data: 0.0249 (0.0794)  loss: 9.0598 (9.4271)  lr: 0.000005  max mem: 2.9 GB
2025-01-05 21:35:40,308 Train INFO: eta: 0:13:50  iter: 35700  time: 0.1334 (0.1932)  data: 0.0248 (0.0793)  loss: 9.6679 (9.4273)  lr: 0.000005  max mem: 2.9 GB
2025-01-05 21:35:43,127 Train INFO: eta: 0:13:46  iter: 35720  time: 0.1316 (0.1932)  data: 0.0247 (0.0793)  loss: 9.4165 (9.4271)  lr: 0.000005  max mem: 2.9 GB
2025-01-05 21:35:45,788 Train INFO: eta: 0:13:42  iter: 35740  time: 0.1331 (0.1932)  data: 0.0248 (0.0793)  loss: 8.9582 (9.4269)  lr: 0.000005  max mem: 2.9 GB
2025-01-05 21:35:48,449 Train INFO: eta: 0:13:38  iter: 35760  time: 0.1323 (0.1931)  data: 0.0244 (0.0792)  loss: 8.9218 (9.4268)  lr: 0.000005  max mem: 2.9 GB
2025-01-05 21:35:51,146 Train INFO: eta: 0:13:34  iter: 35780  time: 0.1338 (0.1931)  data: 0.0241 (0.0792)  loss: 9.2264 (9.4268)  lr: 0.000005  max mem: 2.9 GB
2025-01-05 21:35:53,830 Train INFO: eta: 0:13:30  iter: 35800  time: 0.1340 (0.1931)  data: 0.0235 (0.0792)  loss: 9.4070 (9.4269)  lr: 0.000005  max mem: 2.9 GB
2025-01-05 21:35:56,520 Train INFO: eta: 0:13:26  iter: 35820  time: 0.1340 (0.1930)  data: 0.0232 (0.0791)  loss: 8.7177 (9.4267)  lr: 0.000005  max mem: 2.9 GB
2025-01-05 21:35:59,182 Train INFO: eta: 0:13:22  iter: 35840  time: 0.1323 (0.1930)  data: 0.0233 (0.0791)  loss: 8.9019 (9.4265)  lr: 0.000005  max mem: 2.9 GB
2025-01-05 21:36:01,855 Train INFO: eta: 0:13:18  iter: 35860  time: 0.1331 (0.1930)  data: 0.0231 (0.0791)  loss: 9.2507 (9.4263)  lr: 0.000005  max mem: 2.9 GB
2025-01-05 21:36:04,504 Train INFO: eta: 0:13:14  iter: 35880  time: 0.1311 (0.1929)  data: 0.0234 (0.0790)  loss: 8.2405 (9.4258)  lr: 0.000005  max mem: 2.9 GB
2025-01-05 21:36:07,149 Train INFO: eta: 0:13:10  iter: 35900  time: 0.1314 (0.1929)  data: 0.0239 (0.0790)  loss: 9.0815 (9.4255)  lr: 0.000005  max mem: 2.9 GB
2025-01-05 21:36:09,809 Train INFO: eta: 0:13:06  iter: 35920  time: 0.1323 (0.1929)  data: 0.0238 (0.0790)  loss: 8.6189 (9.4250)  lr: 0.000005  max mem: 2.9 GB
2025-01-05 21:36:12,466 Train INFO: eta: 0:13:02  iter: 35940  time: 0.1323 (0.1928)  data: 0.0235 (0.0790)  loss: 8.3751 (9.4245)  lr: 0.000005  max mem: 2.9 GB
2025-01-05 21:36:15,162 Train INFO: eta: 0:12:58  iter: 35960  time: 0.1346 (0.1928)  data: 0.0227 (0.0789)  loss: 9.1302 (9.4243)  lr: 0.000005  max mem: 2.9 GB
2025-01-05 21:36:17,831 Train INFO: eta: 0:12:54  iter: 35980  time: 0.1335 (0.1928)  data: 0.0227 (0.0789)  loss: 7.7195 (9.4237)  lr: 0.000005  max mem: 2.9 GB
2025-01-05 21:36:20,501 Train INFO: eta: 0:12:50  iter: 36000  time: 0.1330 (0.1927)  data: 0.0225 (0.0789)  loss: 7.9526 (9.4231)  lr: 0.000005  max mem: 2.9 GB
2025-01-05 21:36:20,610 Train INFO: Validation
2025-01-05 21:36:20,614 Train INFO: Begin extract
2025-01-05 21:37:18,023 Train INFO: Best iteration 36000: {'mean_average_precision_at_r': 0.5448072223396736, 'precision_at_1': 0.8038411953323857, 'r_precision': 0.5721569410868939}
2025-01-05 21:37:20,751 Train INFO: eta: 0:12:53  iter: 36020  time: 0.1361 (0.1943)  data: 0.0219 (0.0804)  loss: 8.4945 (9.4226)  lr: 0.000005  max mem: 2.9 GB
2025-01-05 21:37:23,441 Train INFO: eta: 0:12:49  iter: 36040  time: 0.1341 (0.1943)  data: 0.0220 (0.0804)  loss: 7.8915 (9.4219)  lr: 0.000005  max mem: 2.9 GB
2025-01-05 21:37:26,127 Train INFO: eta: 0:12:45  iter: 36060  time: 0.1339 (0.1942)  data: 0.0214 (0.0804)  loss: 8.8071 (9.4216)  lr: 0.000005  max mem: 2.9 GB
2025-01-05 21:37:28,795 Train INFO: eta: 0:12:41  iter: 36080  time: 0.1326 (0.1942)  data: 0.0215 (0.0803)  loss: 8.6348 (9.4212)  lr: 0.000005  max mem: 2.9 GB
2025-01-05 21:37:31,463 Train INFO: eta: 0:12:37  iter: 36100  time: 0.1330 (0.1942)  data: 0.0217 (0.0803)  loss: 8.4317 (9.4209)  lr: 0.000005  max mem: 2.9 GB
2025-01-05 21:37:34,133 Train INFO: eta: 0:12:33  iter: 36120  time: 0.1331 (0.1941)  data: 0.0212 (0.0803)  loss: 8.7943 (9.4205)  lr: 0.000005  max mem: 2.9 GB
2025-01-05 21:37:36,788 Train INFO: eta: 0:12:29  iter: 36140  time: 0.1327 (0.1941)  data: 0.0211 (0.0802)  loss: 8.4408 (9.4200)  lr: 0.000005  max mem: 2.9 GB
2025-01-05 21:37:39,431 Train INFO: eta: 0:12:25  iter: 36160  time: 0.1317 (0.1941)  data: 0.0214 (0.0802)  loss: 8.3117 (9.4193)  lr: 0.000005  max mem: 2.9 GB
2025-01-05 21:37:42,051 Train INFO: eta: 0:12:21  iter: 36180  time: 0.1305 (0.1940)  data: 0.0210 (0.0802)  loss: 8.4306 (9.4189)  lr: 0.000005  max mem: 2.9 GB
2025-01-05 21:37:44,676 Train INFO: eta: 0:12:17  iter: 36200  time: 0.1313 (0.1940)  data: 0.0209 (0.0801)  loss: 9.1401 (9.4189)  lr: 0.000005  max mem: 2.9 GB
2025-01-05 21:37:47,297 Train INFO: eta: 0:12:13  iter: 36220  time: 0.1308 (0.1940)  data: 0.0209 (0.0801)  loss: 9.0622 (9.4186)  lr: 0.000005  max mem: 2.9 GB
2025-01-05 21:37:50,208 Train INFO: eta: 0:12:09  iter: 36240  time: 0.1305 (0.1939)  data: 0.0206 (0.0801)  loss: 9.1685 (9.4185)  lr: 0.000005  max mem: 2.9 GB
2025-01-05 21:37:52,971 Train INFO: eta: 0:12:05  iter: 36260  time: 0.1378 (0.1939)  data: 0.0253 (0.0800)  loss: 8.9043 (9.4184)  lr: 0.000005  max mem: 2.9 GB
2025-01-05 21:37:55,712 Train INFO: eta: 0:12:01  iter: 36280  time: 0.1372 (0.1939)  data: 0.0253 (0.0800)  loss: 9.3268 (9.4188)  lr: 0.000005  max mem: 2.9 GB
2025-01-05 21:37:58,441 Train INFO: eta: 0:11:57  iter: 36300  time: 0.1361 (0.1939)  data: 0.0256 (0.0800)  loss: 9.4972 (9.4191)  lr: 0.000005  max mem: 2.9 GB
2025-01-05 21:38:01,165 Train INFO: eta: 0:11:53  iter: 36320  time: 0.1355 (0.1938)  data: 0.0250 (0.0800)  loss: 10.5967 (9.4196)  lr: 0.000005  max mem: 2.9 GB
2025-01-05 21:38:03,873 Train INFO: eta: 0:11:49  iter: 36340  time: 0.1349 (0.1938)  data: 0.0245 (0.0799)  loss: 11.0105 (9.4205)  lr: 0.000005  max mem: 2.9 GB
2025-01-05 21:38:06,592 Train INFO: eta: 0:11:45  iter: 36360  time: 0.1363 (0.1938)  data: 0.0252 (0.0799)  loss: 10.4942 (9.4213)  lr: 0.000005  max mem: 2.9 GB
2025-01-05 21:38:09,321 Train INFO: eta: 0:11:41  iter: 36380  time: 0.1364 (0.1937)  data: 0.0251 (0.0799)  loss: 10.7497 (9.4221)  lr: 0.000005  max mem: 2.9 GB
2025-01-05 21:38:12,238 Train INFO: eta: 0:11:37  iter: 36400  time: 0.1353 (0.1937)  data: 0.0248 (0.0798)  loss: 10.6971 (9.4229)  lr: 0.000005  max mem: 2.9 GB
2025-01-05 21:38:14,942 Train INFO: eta: 0:11:33  iter: 36420  time: 0.1349 (0.1937)  data: 0.0253 (0.0798)  loss: 10.1316 (9.4233)  lr: 0.000005  max mem: 2.9 GB
2025-01-05 21:38:17,659 Train INFO: eta: 0:11:29  iter: 36440  time: 0.1345 (0.1936)  data: 0.0246 (0.0798)  loss: 10.7754 (9.4240)  lr: 0.000005  max mem: 2.9 GB
2025-01-05 21:38:20,441 Train INFO: eta: 0:11:25  iter: 36460  time: 0.1381 (0.1936)  data: 0.0248 (0.0797)  loss: 10.9410 (9.4248)  lr: 0.000005  max mem: 2.9 GB
2025-01-05 21:38:23,217 Train INFO: eta: 0:11:21  iter: 36480  time: 0.1383 (0.1936)  data: 0.0247 (0.0797)  loss: 10.0506 (9.4252)  lr: 0.000005  max mem: 2.9 GB
2025-01-05 21:38:25,994 Train INFO: eta: 0:11:17  iter: 36500  time: 0.1381 (0.1935)  data: 0.0248 (0.0797)  loss: 10.6609 (9.4260)  lr: 0.000005  max mem: 2.9 GB
2025-01-05 21:38:28,762 Train INFO: eta: 0:11:13  iter: 36520  time: 0.1380 (0.1935)  data: 0.0253 (0.0797)  loss: 10.0591 (9.4265)  lr: 0.000005  max mem: 2.9 GB
2025-01-05 21:38:31,496 Train INFO: eta: 0:11:09  iter: 36540  time: 0.1361 (0.1935)  data: 0.0248 (0.0796)  loss: 10.6542 (9.4271)  lr: 0.000005  max mem: 2.9 GB
2025-01-05 21:38:34,218 Train INFO: eta: 0:11:05  iter: 36560  time: 0.1355 (0.1935)  data: 0.0249 (0.0796)  loss: 9.7284 (9.4274)  lr: 0.000005  max mem: 2.9 GB
2025-01-05 21:38:36,928 Train INFO: eta: 0:11:01  iter: 36580  time: 0.1355 (0.1934)  data: 0.0247 (0.0796)  loss: 10.1032 (9.4279)  lr: 0.000005  max mem: 2.9 GB
2025-01-05 21:38:39,644 Train INFO: eta: 0:10:57  iter: 36600  time: 0.1343 (0.1934)  data: 0.0255 (0.0795)  loss: 9.9837 (9.4285)  lr: 0.000005  max mem: 2.9 GB
2025-01-05 21:38:42,328 Train INFO: eta: 0:10:53  iter: 36620  time: 0.1335 (0.1934)  data: 0.0253 (0.0795)  loss: 9.9880 (9.4288)  lr: 0.000005  max mem: 2.9 GB
2025-01-05 21:38:45,031 Train INFO: eta: 0:10:49  iter: 36640  time: 0.1346 (0.1933)  data: 0.0252 (0.0795)  loss: 10.3204 (9.4293)  lr: 0.000005  max mem: 2.9 GB
2025-01-05 21:38:47,753 Train INFO: eta: 0:10:45  iter: 36660  time: 0.1355 (0.1933)  data: 0.0251 (0.0794)  loss: 10.2562 (9.4299)  lr: 0.000005  max mem: 2.9 GB
2025-01-05 21:38:50,465 Train INFO: eta: 0:10:41  iter: 36680  time: 0.1356 (0.1933)  data: 0.0254 (0.0794)  loss: 10.1289 (9.4302)  lr: 0.000005  max mem: 2.9 GB
2025-01-05 21:38:53,138 Train INFO: eta: 0:10:37  iter: 36700  time: 0.1332 (0.1932)  data: 0.0248 (0.0794)  loss: 10.3186 (9.4307)  lr: 0.000005  max mem: 2.9 GB
2025-01-05 21:38:55,820 Train INFO: eta: 0:10:33  iter: 36720  time: 0.1332 (0.1932)  data: 0.0254 (0.0794)  loss: 10.2889 (9.4311)  lr: 0.000005  max mem: 2.9 GB
2025-01-05 21:38:58,513 Train INFO: eta: 0:10:29  iter: 36740  time: 0.1344 (0.1932)  data: 0.0250 (0.0793)  loss: 9.8263 (9.4313)  lr: 0.000005  max mem: 2.9 GB
2025-01-05 21:39:01,174 Train INFO: eta: 0:10:25  iter: 36760  time: 0.1327 (0.1931)  data: 0.0248 (0.0793)  loss: 9.5443 (9.4315)  lr: 0.000005  max mem: 2.9 GB
2025-01-05 21:39:03,830 Train INFO: eta: 0:10:21  iter: 36780  time: 0.1326 (0.1931)  data: 0.0249 (0.0793)  loss: 9.0018 (9.4315)  lr: 0.000005  max mem: 2.9 GB
2025-01-05 21:39:06,513 Train INFO: eta: 0:10:17  iter: 36800  time: 0.1333 (0.1931)  data: 0.0242 (0.0792)  loss: 9.5846 (9.4317)  lr: 0.000005  max mem: 2.9 GB
2025-01-05 21:39:09,203 Train INFO: eta: 0:10:13  iter: 36820  time: 0.1342 (0.1930)  data: 0.0251 (0.0792)  loss: 9.5331 (9.4320)  lr: 0.000005  max mem: 2.9 GB
2025-01-05 21:39:11,883 Train INFO: eta: 0:10:09  iter: 36840  time: 0.1330 (0.1930)  data: 0.0247 (0.0792)  loss: 9.3301 (9.4320)  lr: 0.000005  max mem: 2.9 GB
2025-01-05 21:39:14,592 Train INFO: eta: 0:10:05  iter: 36860  time: 0.1350 (0.1930)  data: 0.0238 (0.0792)  loss: 9.2856 (9.4323)  lr: 0.000005  max mem: 2.9 GB
2025-01-05 21:39:17,287 Train INFO: eta: 0:10:01  iter: 36880  time: 0.1344 (0.1929)  data: 0.0234 (0.0791)  loss: 9.2085 (9.4323)  lr: 0.000005  max mem: 2.9 GB
2025-01-05 21:39:19,978 Train INFO: eta: 0:09:58  iter: 36900  time: 0.1337 (0.1929)  data: 0.0237 (0.0791)  loss: 9.4465 (9.4323)  lr: 0.000005  max mem: 2.9 GB
2025-01-05 21:39:22,674 Train INFO: eta: 0:09:54  iter: 36920  time: 0.1346 (0.1929)  data: 0.0234 (0.0791)  loss: 9.0908 (9.4322)  lr: 0.000005  max mem: 2.9 GB
2025-01-05 21:39:25,368 Train INFO: eta: 0:09:50  iter: 36940  time: 0.1330 (0.1928)  data: 0.0238 (0.0790)  loss: 9.3908 (9.4322)  lr: 0.000005  max mem: 2.9 GB
2025-01-05 21:39:28,023 Train INFO: eta: 0:09:46  iter: 36960  time: 0.1324 (0.1928)  data: 0.0246 (0.0790)  loss: 8.9700 (9.4320)  lr: 0.000005  max mem: 2.9 GB
2025-01-05 21:39:30,686 Train INFO: eta: 0:09:42  iter: 36980  time: 0.1329 (0.1928)  data: 0.0245 (0.0790)  loss: 9.0278 (9.4319)  lr: 0.000005  max mem: 2.9 GB
2025-01-05 21:39:33,365 Train INFO: eta: 0:09:38  iter: 37000  time: 0.1345 (0.1928)  data: 0.0237 (0.0789)  loss: 8.7055 (9.4316)  lr: 0.000005  max mem: 2.9 GB
2025-01-05 21:39:33,482 Train INFO: Validation
2025-01-05 21:39:33,486 Train INFO: Begin extract
2025-01-05 21:40:30,252 Train INFO: Performance at iteration 037000: {'mean_average_precision_at_r': 0.5446921744389291, 'precision_at_1': 0.8039403656077485, 'r_precision': 0.5719810557584516}
2025-01-05 21:40:32,986 Train INFO: eta: 0:09:38  iter: 37020  time: 0.1361 (0.1943)  data: 0.0226 (0.0804)  loss: 9.2331 (9.4316)  lr: 0.000005  max mem: 2.9 GB
2025-01-05 21:40:35,705 Train INFO: eta: 0:09:34  iter: 37040  time: 0.1354 (0.1942)  data: 0.0227 (0.0804)  loss: 8.9905 (9.4315)  lr: 0.000005  max mem: 2.9 GB
2025-01-05 21:40:38,410 Train INFO: eta: 0:09:30  iter: 37060  time: 0.1356 (0.1942)  data: 0.0224 (0.0804)  loss: 8.5587 (9.4312)  lr: 0.000005  max mem: 2.9 GB
2025-01-05 21:40:41,118 Train INFO: eta: 0:09:26  iter: 37080  time: 0.1345 (0.1942)  data: 0.0224 (0.0804)  loss: 8.8542 (9.4308)  lr: 0.000005  max mem: 2.9 GB
2025-01-05 21:40:43,822 Train INFO: eta: 0:09:22  iter: 37100  time: 0.1350 (0.1941)  data: 0.0225 (0.0803)  loss: 9.1897 (9.4306)  lr: 0.000005  max mem: 2.9 GB
2025-01-05 21:40:46,554 Train INFO: eta: 0:09:19  iter: 37120  time: 0.1367 (0.1941)  data: 0.0223 (0.0803)  loss: 8.8905 (9.4304)  lr: 0.000005  max mem: 2.9 GB
2025-01-05 21:40:49,280 Train INFO: eta: 0:09:15  iter: 37140  time: 0.1359 (0.1941)  data: 0.0220 (0.0803)  loss: 8.6463 (9.4301)  lr: 0.000005  max mem: 2.9 GB
2025-01-05 21:40:52,082 Train INFO: eta: 0:09:11  iter: 37160  time: 0.1352 (0.1940)  data: 0.0219 (0.0802)  loss: 8.4703 (9.4296)  lr: 0.000005  max mem: 2.9 GB
2025-01-05 21:40:54,786 Train INFO: eta: 0:09:07  iter: 37180  time: 0.1347 (0.1940)  data: 0.0217 (0.0802)  loss: 8.6608 (9.4292)  lr: 0.000005  max mem: 2.9 GB
2025-01-05 21:40:57,491 Train INFO: eta: 0:09:03  iter: 37200  time: 0.1346 (0.1940)  data: 0.0213 (0.0802)  loss: 8.2647 (9.4285)  lr: 0.000005  max mem: 2.9 GB
2025-01-05 21:41:00,188 Train INFO: eta: 0:08:59  iter: 37220  time: 0.1344 (0.1939)  data: 0.0215 (0.0801)  loss: 8.3092 (9.4279)  lr: 0.000005  max mem: 2.9 GB
2025-01-05 21:41:02,898 Train INFO: eta: 0:08:55  iter: 37240  time: 0.1357 (0.1939)  data: 0.0212 (0.0801)  loss: 8.6312 (9.4276)  lr: 0.000005  max mem: 2.9 GB
2025-01-05 21:41:05,613 Train INFO: eta: 0:08:51  iter: 37260  time: 0.1352 (0.1939)  data: 0.0211 (0.0801)  loss: 8.7885 (9.4273)  lr: 0.000005  max mem: 2.9 GB
2025-01-05 21:41:08,322 Train INFO: eta: 0:08:47  iter: 37280  time: 0.1350 (0.1939)  data: 0.0211 (0.0800)  loss: 8.7013 (9.4270)  lr: 0.000005  max mem: 2.9 GB
2025-01-05 21:41:11,003 Train INFO: eta: 0:08:43  iter: 37300  time: 0.1345 (0.1938)  data: 0.0207 (0.0800)  loss: 8.6485 (9.4264)  lr: 0.000005  max mem: 2.9 GB
2025-01-05 21:41:13,700 Train INFO: eta: 0:08:39  iter: 37320  time: 0.1345 (0.1938)  data: 0.0207 (0.0800)  loss: 8.3227 (9.4259)  lr: 0.000005  max mem: 2.9 GB
2025-01-05 21:41:16,380 Train INFO: eta: 0:08:35  iter: 37340  time: 0.1333 (0.1938)  data: 0.0205 (0.0799)  loss: 8.7125 (9.4255)  lr: 0.000005  max mem: 2.9 GB
2025-01-05 21:41:19,066 Train INFO: eta: 0:08:31  iter: 37360  time: 0.1336 (0.1937)  data: 0.0205 (0.0799)  loss: 8.6041 (9.4250)  lr: 0.000005  max mem: 2.9 GB
2025-01-05 21:41:21,765 Train INFO: eta: 0:08:27  iter: 37380  time: 0.1345 (0.1937)  data: 0.0205 (0.0799)  loss: 8.6789 (9.4246)  lr: 0.000005  max mem: 2.9 GB
2025-01-05 21:41:24,438 Train INFO: eta: 0:08:23  iter: 37400  time: 0.1333 (0.1937)  data: 0.0200 (0.0799)  loss: 8.4709 (9.4241)  lr: 0.000005  max mem: 2.9 GB
2025-01-05 21:41:27,633 Train INFO: eta: 0:08:19  iter: 37420  time: 0.1372 (0.1936)  data: 0.0247 (0.0798)  loss: 8.0991 (9.4236)  lr: 0.000005  max mem: 2.9 GB
2025-01-05 21:41:30,433 Train INFO: eta: 0:08:15  iter: 37440  time: 0.1396 (0.1936)  data: 0.0252 (0.0798)  loss: 7.9441 (9.4229)  lr: 0.000005  max mem: 2.9 GB
2025-01-05 21:41:33,212 Train INFO: eta: 0:08:11  iter: 37460  time: 0.1386 (0.1936)  data: 0.0252 (0.0798)  loss: 10.6232 (9.4234)  lr: 0.000005  max mem: 2.9 GB
2025-01-05 21:41:36,005 Train INFO: eta: 0:08:07  iter: 37480  time: 0.1395 (0.1936)  data: 0.0252 (0.0797)  loss: 9.9167 (9.4238)  lr: 0.000005  max mem: 2.9 GB
2025-01-05 21:41:38,813 Train INFO: eta: 0:08:03  iter: 37500  time: 0.1406 (0.1935)  data: 0.0251 (0.0797)  loss: 10.8842 (9.4247)  lr: 0.000005  max mem: 2.9 GB
2025-01-05 21:41:41,601 Train INFO: eta: 0:07:59  iter: 37520  time: 0.1389 (0.1935)  data: 0.0247 (0.0797)  loss: 10.5703 (9.4254)  lr: 0.000005  max mem: 2.9 GB
2025-01-05 21:41:44,389 Train INFO: eta: 0:07:55  iter: 37540  time: 0.1396 (0.1935)  data: 0.0249 (0.0797)  loss: 11.0826 (9.4262)  lr: 0.000005  max mem: 2.9 GB
2025-01-05 21:41:47,159 Train INFO: eta: 0:07:51  iter: 37560  time: 0.1377 (0.1934)  data: 0.0255 (0.0796)  loss: 10.2861 (9.4268)  lr: 0.000005  max mem: 2.9 GB
2025-01-05 21:41:49,854 Train INFO: eta: 0:07:48  iter: 37580  time: 0.1347 (0.1934)  data: 0.0262 (0.0796)  loss: 10.9730 (9.4278)  lr: 0.000005  max mem: 2.9 GB
2025-01-05 21:41:52,559 Train INFO: eta: 0:07:44  iter: 37600  time: 0.1343 (0.1934)  data: 0.0263 (0.0796)  loss: 10.7682 (9.4285)  lr: 0.000005  max mem: 2.9 GB
2025-01-05 21:41:55,259 Train INFO: eta: 0:07:40  iter: 37620  time: 0.1348 (0.1933)  data: 0.0263 (0.0795)  loss: 9.9127 (9.4288)  lr: 0.000005  max mem: 2.9 GB
2025-01-05 21:41:57,947 Train INFO: eta: 0:07:36  iter: 37640  time: 0.1338 (0.1933)  data: 0.0261 (0.0795)  loss: 10.3425 (9.4294)  lr: 0.000005  max mem: 2.9 GB
2025-01-05 21:42:00,621 Train INFO: eta: 0:07:32  iter: 37660  time: 0.1332 (0.1933)  data: 0.0260 (0.0795)  loss: 11.0086 (9.4302)  lr: 0.000005  max mem: 2.9 GB
2025-01-05 21:42:03,294 Train INFO: eta: 0:07:28  iter: 37680  time: 0.1328 (0.1933)  data: 0.0253 (0.0795)  loss: 10.1642 (9.4308)  lr: 0.000005  max mem: 2.9 GB
2025-01-05 21:42:05,994 Train INFO: eta: 0:07:24  iter: 37700  time: 0.1346 (0.1932)  data: 0.0259 (0.0794)  loss: 10.6114 (9.4314)  lr: 0.000005  max mem: 2.9 GB
2025-01-05 21:42:08,690 Train INFO: eta: 0:07:20  iter: 37720  time: 0.1344 (0.1932)  data: 0.0258 (0.0794)  loss: 9.9382 (9.4318)  lr: 0.000005  max mem: 2.9 GB
2025-01-05 21:42:11,380 Train INFO: eta: 0:07:16  iter: 37740  time: 0.1338 (0.1932)  data: 0.0257 (0.0794)  loss: 10.1517 (9.4323)  lr: 0.000005  max mem: 2.9 GB
2025-01-05 21:42:14,072 Train INFO: eta: 0:07:12  iter: 37760  time: 0.1342 (0.1931)  data: 0.0254 (0.0793)  loss: 10.6174 (9.4330)  lr: 0.000005  max mem: 2.9 GB
2025-01-05 21:42:16,744 Train INFO: eta: 0:07:08  iter: 37780  time: 0.1336 (0.1931)  data: 0.0255 (0.0793)  loss: 9.8030 (9.4334)  lr: 0.000005  max mem: 2.9 GB
2025-01-05 21:42:19,440 Train INFO: eta: 0:07:04  iter: 37800  time: 0.1334 (0.1931)  data: 0.0250 (0.0793)  loss: 9.9668 (9.4338)  lr: 0.000005  max mem: 2.9 GB
2025-01-05 21:42:22,158 Train INFO: eta: 0:07:00  iter: 37820  time: 0.1342 (0.1930)  data: 0.0251 (0.0793)  loss: 9.6439 (9.4341)  lr: 0.000005  max mem: 2.9 GB
2025-01-05 21:42:24,849 Train INFO: eta: 0:06:56  iter: 37840  time: 0.1342 (0.1930)  data: 0.0254 (0.0792)  loss: 9.8851 (9.4344)  lr: 0.000005  max mem: 2.9 GB
2025-01-05 21:42:27,541 Train INFO: eta: 0:06:52  iter: 37860  time: 0.1346 (0.1930)  data: 0.0253 (0.0792)  loss: 9.3929 (9.4346)  lr: 0.000005  max mem: 2.9 GB
2025-01-05 21:42:30,231 Train INFO: eta: 0:06:49  iter: 37880  time: 0.1342 (0.1929)  data: 0.0255 (0.0792)  loss: 9.9365 (9.4348)  lr: 0.000005  max mem: 2.9 GB
2025-01-05 21:42:32,905 Train INFO: eta: 0:06:45  iter: 37900  time: 0.1332 (0.1929)  data: 0.0252 (0.0791)  loss: 8.5966 (9.4344)  lr: 0.000005  max mem: 2.9 GB
2025-01-05 21:42:35,591 Train INFO: eta: 0:06:41  iter: 37920  time: 0.1338 (0.1929)  data: 0.0251 (0.0791)  loss: 9.5286 (9.4346)  lr: 0.000005  max mem: 2.9 GB
2025-01-05 21:42:38,263 Train INFO: eta: 0:06:37  iter: 37940  time: 0.1330 (0.1928)  data: 0.0252 (0.0791)  loss: 8.8462 (9.4344)  lr: 0.000005  max mem: 2.9 GB
2025-01-05 21:42:40,934 Train INFO: eta: 0:06:33  iter: 37960  time: 0.1332 (0.1928)  data: 0.0253 (0.0791)  loss: 9.1051 (9.4343)  lr: 0.000005  max mem: 2.9 GB
2025-01-05 21:42:43,598 Train INFO: eta: 0:06:29  iter: 37980  time: 0.1327 (0.1928)  data: 0.0245 (0.0790)  loss: 9.2654 (9.4343)  lr: 0.000005  max mem: 2.9 GB
2025-01-05 21:42:46,274 Train INFO: eta: 0:06:25  iter: 38000  time: 0.1337 (0.1928)  data: 0.0250 (0.0790)  loss: 9.6671 (9.4345)  lr: 0.000005  max mem: 2.9 GB
2025-01-05 21:42:46,392 Train INFO: Validation
2025-01-05 21:42:46,396 Train INFO: Begin extract
2025-01-05 21:43:42,953 Train INFO: Best iteration 38000: {'mean_average_precision_at_r': 0.5459017901540834, 'precision_at_1': 0.8045188588806982, 'r_precision': 0.5731811979502138}
2025-01-05 21:43:45,896 Train INFO: eta: 0:06:24  iter: 38020  time: 0.1447 (0.1942)  data: 0.0230 (0.0805)  loss: 9.2845 (9.4345)  lr: 0.000005  max mem: 2.9 GB
2025-01-05 21:43:48,787 Train INFO: eta: 0:06:20  iter: 38040  time: 0.1423 (0.1942)  data: 0.0229 (0.0804)  loss: 9.1247 (9.4345)  lr: 0.000005  max mem: 2.9 GB
2025-01-05 21:43:51,553 Train INFO: eta: 0:06:16  iter: 38060  time: 0.1374 (0.1942)  data: 0.0228 (0.0804)  loss: 9.0829 (9.4342)  lr: 0.000005  max mem: 2.9 GB
2025-01-05 21:43:54,284 Train INFO: eta: 0:06:12  iter: 38080  time: 0.1358 (0.1941)  data: 0.0228 (0.0804)  loss: 9.0201 (9.4341)  lr: 0.000005  max mem: 2.9 GB
2025-01-05 21:43:57,012 Train INFO: eta: 0:06:08  iter: 38100  time: 0.1365 (0.1941)  data: 0.0227 (0.0803)  loss: 8.7241 (9.4339)  lr: 0.000005  max mem: 2.9 GB
2025-01-05 21:43:59,897 Train INFO: eta: 0:06:04  iter: 38120  time: 0.1360 (0.1941)  data: 0.0224 (0.0803)  loss: 8.8594 (9.4337)  lr: 0.000005  max mem: 2.9 GB
2025-01-05 21:44:02,613 Train INFO: eta: 0:06:00  iter: 38140  time: 0.1350 (0.1940)  data: 0.0225 (0.0803)  loss: 8.9354 (9.4334)  lr: 0.000005  max mem: 2.9 GB
2025-01-05 21:44:05,343 Train INFO: eta: 0:05:56  iter: 38160  time: 0.1356 (0.1940)  data: 0.0221 (0.0803)  loss: 9.0833 (9.4332)  lr: 0.000005  max mem: 2.9 GB
2025-01-05 21:44:08,065 Train INFO: eta: 0:05:53  iter: 38180  time: 0.1355 (0.1940)  data: 0.0224 (0.0802)  loss: 8.4946 (9.4329)  lr: 0.000005  max mem: 2.9 GB
2025-01-05 21:44:10,792 Train INFO: eta: 0:05:49  iter: 38200  time: 0.1362 (0.1940)  data: 0.0226 (0.0802)  loss: 8.6289 (9.4324)  lr: 0.000005  max mem: 2.9 GB
2025-01-05 21:44:13,511 Train INFO: eta: 0:05:45  iter: 38220  time: 0.1354 (0.1939)  data: 0.0223 (0.0802)  loss: 8.9643 (9.4322)  lr: 0.000005  max mem: 2.9 GB
2025-01-05 21:44:16,239 Train INFO: eta: 0:05:41  iter: 38240  time: 0.1360 (0.1939)  data: 0.0221 (0.0801)  loss: 9.2959 (9.4323)  lr: 0.000005  max mem: 2.9 GB
2025-01-05 21:44:18,949 Train INFO: eta: 0:05:37  iter: 38260  time: 0.1351 (0.1939)  data: 0.0221 (0.0801)  loss: 8.5513 (9.4318)  lr: 0.000005  max mem: 2.9 GB
2025-01-05 21:44:21,703 Train INFO: eta: 0:05:33  iter: 38280  time: 0.1362 (0.1938)  data: 0.0220 (0.0801)  loss: 8.7266 (9.4313)  lr: 0.000005  max mem: 2.9 GB
2025-01-05 21:44:24,417 Train INFO: eta: 0:05:29  iter: 38300  time: 0.1354 (0.1938)  data: 0.0219 (0.0800)  loss: 8.3800 (9.4309)  lr: 0.000005  max mem: 2.9 GB
2025-01-05 21:44:27,162 Train INFO: eta: 0:05:25  iter: 38320  time: 0.1363 (0.1938)  data: 0.0214 (0.0800)  loss: 8.6058 (9.4305)  lr: 0.000005  max mem: 2.9 GB
2025-01-05 21:44:29,851 Train INFO: eta: 0:05:21  iter: 38340  time: 0.1339 (0.1937)  data: 0.0216 (0.0800)  loss: 8.5245 (9.4302)  lr: 0.000005  max mem: 2.9 GB
2025-01-05 21:44:32,548 Train INFO: eta: 0:05:17  iter: 38360  time: 0.1349 (0.1937)  data: 0.0214 (0.0800)  loss: 8.6390 (9.4297)  lr: 0.000005  max mem: 2.9 GB
2025-01-05 21:44:35,263 Train INFO: eta: 0:05:13  iter: 38380  time: 0.1354 (0.1937)  data: 0.0213 (0.0799)  loss: 8.8934 (9.4294)  lr: 0.000005  max mem: 2.9 GB
2025-01-05 21:44:37,965 Train INFO: eta: 0:05:09  iter: 38400  time: 0.1348 (0.1937)  data: 0.0211 (0.0799)  loss: 7.8153 (9.4287)  lr: 0.000005  max mem: 2.9 GB
2025-01-05 21:44:40,699 Train INFO: eta: 0:05:05  iter: 38420  time: 0.1357 (0.1936)  data: 0.0210 (0.0799)  loss: 8.6756 (9.4283)  lr: 0.000005  max mem: 2.9 GB
2025-01-05 21:44:43,436 Train INFO: eta: 0:05:02  iter: 38440  time: 0.1359 (0.1936)  data: 0.0211 (0.0798)  loss: 8.5930 (9.4279)  lr: 0.000005  max mem: 2.9 GB
2025-01-05 21:44:46,139 Train INFO: eta: 0:04:58  iter: 38460  time: 0.1349 (0.1936)  data: 0.0208 (0.0798)  loss: 8.8150 (9.4276)  lr: 0.000005  max mem: 2.9 GB
2025-01-05 21:44:48,890 Train INFO: eta: 0:04:54  iter: 38480  time: 0.1373 (0.1935)  data: 0.0204 (0.0798)  loss: 8.6369 (9.4274)  lr: 0.000005  max mem: 2.9 GB
2025-01-05 21:44:51,612 Train INFO: eta: 0:04:50  iter: 38500  time: 0.1357 (0.1935)  data: 0.0202 (0.0797)  loss: 8.4166 (9.4269)  lr: 0.000005  max mem: 2.9 GB
2025-01-05 21:44:54,336 Train INFO: eta: 0:04:46  iter: 38520  time: 0.1341 (0.1935)  data: 0.0203 (0.0797)  loss: 8.2818 (9.4264)  lr: 0.000005  max mem: 2.9 GB
2025-01-05 21:44:57,080 Train INFO: eta: 0:04:42  iter: 38540  time: 0.1363 (0.1934)  data: 0.0201 (0.0797)  loss: 8.8683 (9.4261)  lr: 0.000005  max mem: 2.9 GB
2025-01-05 21:44:59,761 Train INFO: eta: 0:04:38  iter: 38560  time: 0.1328 (0.1934)  data: 0.0201 (0.0796)  loss: 8.8024 (9.4258)  lr: 0.000005  max mem: 2.9 GB
2025-01-05 21:45:02,731 Train INFO: eta: 0:04:34  iter: 38580  time: 0.1336 (0.1934)  data: 0.0199 (0.0796)  loss: 8.5768 (9.4255)  lr: 0.000005  max mem: 2.9 GB
2025-01-05 21:45:05,542 Train INFO: eta: 0:04:30  iter: 38600  time: 0.1402 (0.1934)  data: 0.0252 (0.0796)  loss: 8.8145 (9.4253)  lr: 0.000005  max mem: 2.9 GB
2025-01-05 21:45:08,341 Train INFO: eta: 0:04:26  iter: 38620  time: 0.1399 (0.1933)  data: 0.0248 (0.0796)  loss: 9.5043 (9.4254)  lr: 0.000005  max mem: 2.9 GB
2025-01-05 21:45:11,125 Train INFO: eta: 0:04:22  iter: 38640  time: 0.1393 (0.1933)  data: 0.0250 (0.0795)  loss: 10.0606 (9.4258)  lr: 0.000005  max mem: 2.9 GB
2025-01-05 21:45:13,915 Train INFO: eta: 0:04:18  iter: 38660  time: 0.1392 (0.1933)  data: 0.0243 (0.0795)  loss: 10.3086 (9.4265)  lr: 0.000005  max mem: 2.9 GB
2025-01-05 21:45:16,703 Train INFO: eta: 0:04:15  iter: 38680  time: 0.1385 (0.1933)  data: 0.0260 (0.0795)  loss: 10.8141 (9.4272)  lr: 0.000005  max mem: 2.9 GB
2025-01-05 21:45:19,427 Train INFO: eta: 0:04:11  iter: 38700  time: 0.1356 (0.1932)  data: 0.0260 (0.0795)  loss: 10.1716 (9.4277)  lr: 0.000005  max mem: 2.9 GB
2025-01-05 21:45:22,160 Train INFO: eta: 0:04:07  iter: 38720  time: 0.1364 (0.1932)  data: 0.0262 (0.0794)  loss: 10.2711 (9.4282)  lr: 0.000005  max mem: 2.9 GB
2025-01-05 21:45:24,866 Train INFO: eta: 0:04:03  iter: 38740  time: 0.1349 (0.1932)  data: 0.0259 (0.0794)  loss: 10.4644 (9.4289)  lr: 0.000005  max mem: 2.9 GB
2025-01-05 21:45:27,575 Train INFO: eta: 0:03:59  iter: 38760  time: 0.1350 (0.1931)  data: 0.0256 (0.0794)  loss: 11.0562 (9.4297)  lr: 0.000005  max mem: 2.9 GB
2025-01-05 21:45:30,272 Train INFO: eta: 0:03:55  iter: 38780  time: 0.1351 (0.1931)  data: 0.0260 (0.0793)  loss: 10.3870 (9.4303)  lr: 0.000005  max mem: 2.9 GB
2025-01-05 21:45:33,114 Train INFO: eta: 0:03:51  iter: 38800  time: 0.1343 (0.1931)  data: 0.0257 (0.0793)  loss: 10.8798 (9.4311)  lr: 0.000005  max mem: 2.9 GB
2025-01-05 21:45:35,825 Train INFO: eta: 0:03:47  iter: 38820  time: 0.1351 (0.1931)  data: 0.0264 (0.0793)  loss: 10.1161 (9.4315)  lr: 0.000005  max mem: 2.9 GB
2025-01-05 21:45:38,542 Train INFO: eta: 0:03:43  iter: 38840  time: 0.1352 (0.1930)  data: 0.0263 (0.0793)  loss: 10.0743 (9.4319)  lr: 0.000005  max mem: 2.9 GB
2025-01-05 21:45:41,254 Train INFO: eta: 0:03:40  iter: 38860  time: 0.1357 (0.1930)  data: 0.0257 (0.0792)  loss: 10.6529 (9.4326)  lr: 0.000005  max mem: 2.9 GB
2025-01-05 21:45:43,979 Train INFO: eta: 0:03:36  iter: 38880  time: 0.1360 (0.1930)  data: 0.0257 (0.0792)  loss: 10.5685 (9.4333)  lr: 0.000005  max mem: 2.9 GB
2025-01-05 21:45:46,727 Train INFO: eta: 0:03:32  iter: 38900  time: 0.1374 (0.1929)  data: 0.0257 (0.0792)  loss: 10.1689 (9.4338)  lr: 0.000005  max mem: 2.9 GB
2025-01-05 21:45:49,448 Train INFO: eta: 0:03:28  iter: 38920  time: 0.1359 (0.1929)  data: 0.0259 (0.0792)  loss: 10.0832 (9.4342)  lr: 0.000005  max mem: 2.9 GB
2025-01-05 21:45:52,154 Train INFO: eta: 0:03:24  iter: 38940  time: 0.1350 (0.1929)  data: 0.0259 (0.0791)  loss: 10.8148 (9.4350)  lr: 0.000005  max mem: 2.9 GB
2025-01-05 21:45:54,857 Train INFO: eta: 0:03:20  iter: 38960  time: 0.1345 (0.1928)  data: 0.0254 (0.0791)  loss: 9.6541 (9.4354)  lr: 0.000005  max mem: 2.9 GB
2025-01-05 21:45:57,562 Train INFO: eta: 0:03:16  iter: 38980  time: 0.1346 (0.1928)  data: 0.0255 (0.0791)  loss: 10.2086 (9.4356)  lr: 0.000005  max mem: 2.9 GB
2025-01-05 21:46:00,297 Train INFO: eta: 0:03:12  iter: 39000  time: 0.1362 (0.1928)  data: 0.0254 (0.0790)  loss: 10.4231 (9.4361)  lr: 0.000005  max mem: 2.9 GB
2025-01-05 21:46:00,416 Train INFO: Validation
2025-01-05 21:46:00,421 Train INFO: Begin extract
2025-01-05 21:46:58,510 Train INFO: Performance at iteration 039000: {'mean_average_precision_at_r': 0.5441345927533582, 'precision_at_1': 0.8034775709893888, 'r_precision': 0.5715350751287579}
2025-01-05 21:47:01,248 Train INFO: eta: 0:03:10  iter: 39020  time: 0.1363 (0.1943)  data: 0.0239 (0.0805)  loss: 9.7641 (9.4363)  lr: 0.000005  max mem: 2.9 GB
2025-01-05 21:47:03,991 Train INFO: eta: 0:03:06  iter: 39040  time: 0.1370 (0.1942)  data: 0.0241 (0.0805)  loss: 9.9456 (9.4369)  lr: 0.000005  max mem: 2.9 GB
2025-01-05 21:47:06,706 Train INFO: eta: 0:03:02  iter: 39060  time: 0.1353 (0.1942)  data: 0.0239 (0.0804)  loss: 9.4184 (9.4370)  lr: 0.000005  max mem: 2.9 GB
2025-01-05 21:47:09,414 Train INFO: eta: 0:02:58  iter: 39080  time: 0.1347 (0.1942)  data: 0.0239 (0.0804)  loss: 10.1375 (9.4373)  lr: 0.000005  max mem: 2.9 GB
2025-01-05 21:47:12,166 Train INFO: eta: 0:02:54  iter: 39100  time: 0.1366 (0.1941)  data: 0.0238 (0.0804)  loss: 9.9429 (9.4375)  lr: 0.000005  max mem: 2.9 GB
2025-01-05 21:47:14,868 Train INFO: eta: 0:02:50  iter: 39120  time: 0.1345 (0.1941)  data: 0.0239 (0.0804)  loss: 9.8988 (9.4378)  lr: 0.000005  max mem: 2.9 GB
2025-01-05 21:47:17,552 Train INFO: eta: 0:02:46  iter: 39140  time: 0.1342 (0.1941)  data: 0.0238 (0.0803)  loss: 9.9480 (9.4379)  lr: 0.000005  max mem: 2.9 GB
2025-01-05 21:47:20,255 Train INFO: eta: 0:02:42  iter: 39160  time: 0.1345 (0.1940)  data: 0.0237 (0.0803)  loss: 9.6264 (9.4380)  lr: 0.000005  max mem: 2.9 GB
2025-01-05 21:47:22,999 Train INFO: eta: 0:02:39  iter: 39180  time: 0.1376 (0.1940)  data: 0.0237 (0.0803)  loss: 9.3457 (9.4379)  lr: 0.000005  max mem: 2.9 GB
2025-01-05 21:47:25,702 Train INFO: eta: 0:02:35  iter: 39200  time: 0.1348 (0.1940)  data: 0.0239 (0.0802)  loss: 9.4830 (9.4380)  lr: 0.000005  max mem: 2.9 GB
2025-01-05 21:47:28,396 Train INFO: eta: 0:02:31  iter: 39220  time: 0.1338 (0.1940)  data: 0.0245 (0.0802)  loss: 8.7575 (9.4378)  lr: 0.000005  max mem: 2.9 GB
2025-01-05 21:47:31,086 Train INFO: eta: 0:02:27  iter: 39240  time: 0.1338 (0.1939)  data: 0.0241 (0.0802)  loss: 9.2579 (9.4377)  lr: 0.000005  max mem: 2.9 GB
2025-01-05 21:47:33,753 Train INFO: eta: 0:02:23  iter: 39260  time: 0.1330 (0.1939)  data: 0.0245 (0.0802)  loss: 8.5516 (9.4373)  lr: 0.000005  max mem: 2.9 GB
2025-01-05 21:47:36,458 Train INFO: eta: 0:02:19  iter: 39280  time: 0.1353 (0.1939)  data: 0.0241 (0.0801)  loss: 9.5678 (9.4372)  lr: 0.000005  max mem: 2.9 GB
2025-01-05 21:47:39,120 Train INFO: eta: 0:02:15  iter: 39300  time: 0.1332 (0.1938)  data: 0.0244 (0.0801)  loss: 8.7498 (9.4369)  lr: 0.000005  max mem: 2.9 GB
2025-01-05 21:47:41,766 Train INFO: eta: 0:02:11  iter: 39320  time: 0.1322 (0.1938)  data: 0.0242 (0.0801)  loss: 8.4244 (9.4366)  lr: 0.000005  max mem: 2.9 GB
2025-01-05 21:47:44,436 Train INFO: eta: 0:02:07  iter: 39340  time: 0.1324 (0.1938)  data: 0.0243 (0.0800)  loss: 8.6709 (9.4363)  lr: 0.000005  max mem: 2.9 GB
2025-01-05 21:47:47,090 Train INFO: eta: 0:02:03  iter: 39360  time: 0.1323 (0.1937)  data: 0.0241 (0.0800)  loss: 8.6915 (9.4358)  lr: 0.000005  max mem: 2.9 GB
2025-01-05 21:47:49,764 Train INFO: eta: 0:02:00  iter: 39380  time: 0.1327 (0.1937)  data: 0.0241 (0.0800)  loss: 8.6870 (9.4355)  lr: 0.000005  max mem: 2.9 GB
2025-01-05 21:47:52,417 Train INFO: eta: 0:01:56  iter: 39400  time: 0.1328 (0.1937)  data: 0.0234 (0.0800)  loss: 8.4769 (9.4350)  lr: 0.000005  max mem: 2.9 GB
2025-01-05 21:47:55,059 Train INFO: eta: 0:01:52  iter: 39420  time: 0.1318 (0.1936)  data: 0.0235 (0.0799)  loss: 8.7521 (9.4347)  lr: 0.000005  max mem: 2.9 GB
2025-01-05 21:47:57,703 Train INFO: eta: 0:01:48  iter: 39440  time: 0.1318 (0.1936)  data: 0.0235 (0.0799)  loss: 8.7985 (9.4344)  lr: 0.000005  max mem: 2.9 GB
2025-01-05 21:48:00,377 Train INFO: eta: 0:01:44  iter: 39460  time: 0.1318 (0.1936)  data: 0.0235 (0.0799)  loss: 8.7338 (9.4341)  lr: 0.000005  max mem: 2.9 GB
2025-01-05 21:48:03,009 Train INFO: eta: 0:01:40  iter: 39480  time: 0.1312 (0.1936)  data: 0.0235 (0.0798)  loss: 8.5633 (9.4338)  lr: 0.000005  max mem: 2.9 GB
2025-01-05 21:48:05,692 Train INFO: eta: 0:01:36  iter: 39500  time: 0.1333 (0.1935)  data: 0.0225 (0.0798)  loss: 8.3643 (9.4333)  lr: 0.000005  max mem: 2.9 GB
2025-01-05 21:48:08,362 Train INFO: eta: 0:01:32  iter: 39520  time: 0.1333 (0.1935)  data: 0.0223 (0.0798)  loss: 8.4812 (9.4328)  lr: 0.000005  max mem: 2.9 GB
2025-01-05 21:48:11,012 Train INFO: eta: 0:01:28  iter: 39540  time: 0.1323 (0.1935)  data: 0.0220 (0.0798)  loss: 8.6041 (9.4325)  lr: 0.000005  max mem: 2.9 GB
2025-01-05 21:48:13,673 Train INFO: eta: 0:01:25  iter: 39560  time: 0.1328 (0.1934)  data: 0.0220 (0.0797)  loss: 8.7074 (9.4322)  lr: 0.000005  max mem: 2.9 GB
2025-01-05 21:48:16,311 Train INFO: eta: 0:01:21  iter: 39580  time: 0.1316 (0.1934)  data: 0.0222 (0.0797)  loss: 8.6269 (9.4319)  lr: 0.000005  max mem: 2.9 GB
2025-01-05 21:48:18,923 Train INFO: eta: 0:01:17  iter: 39600  time: 0.1298 (0.1934)  data: 0.0227 (0.0797)  loss: 8.4456 (9.4314)  lr: 0.000005  max mem: 2.9 GB
2025-01-05 21:48:21,535 Train INFO: eta: 0:01:13  iter: 39620  time: 0.1302 (0.1933)  data: 0.0226 (0.0796)  loss: 8.9994 (9.4311)  lr: 0.000005  max mem: 2.9 GB
2025-01-05 21:48:24,133 Train INFO: eta: 0:01:09  iter: 39640  time: 0.1295 (0.1933)  data: 0.0225 (0.0796)  loss: 7.8956 (9.4304)  lr: 0.000005  max mem: 2.9 GB
2025-01-05 21:48:26,752 Train INFO: eta: 0:01:05  iter: 39660  time: 0.1303 (0.1933)  data: 0.0223 (0.0796)  loss: 8.0831 (9.4298)  lr: 0.000005  max mem: 2.9 GB
2025-01-05 21:48:29,359 Train INFO: eta: 0:01:01  iter: 39680  time: 0.1301 (0.1932)  data: 0.0222 (0.0796)  loss: 8.5055 (9.4294)  lr: 0.000005  max mem: 2.9 GB
2025-01-05 21:48:31,974 Train INFO: eta: 0:00:57  iter: 39700  time: 0.1302 (0.1932)  data: 0.0218 (0.0795)  loss: 8.4315 (9.4289)  lr: 0.000005  max mem: 2.9 GB
2025-01-05 21:48:34,575 Train INFO: eta: 0:00:54  iter: 39720  time: 0.1296 (0.1932)  data: 0.0217 (0.0795)  loss: 8.1376 (9.4283)  lr: 0.000005  max mem: 2.9 GB
2025-01-05 21:48:37,184 Train INFO: eta: 0:00:50  iter: 39740  time: 0.1307 (0.1931)  data: 0.0216 (0.0795)  loss: 8.1542 (9.4277)  lr: 0.000005  max mem: 2.9 GB
2025-01-05 21:48:40,270 Train INFO: eta: 0:00:46  iter: 39760  time: 0.1341 (0.1931)  data: 0.0263 (0.0795)  loss: 8.7894 (9.4275)  lr: 0.000005  max mem: 2.9 GB
2025-01-05 21:48:42,981 Train INFO: eta: 0:00:42  iter: 39780  time: 0.1356 (0.1931)  data: 0.0265 (0.0794)  loss: 8.0823 (9.4270)  lr: 0.000005  max mem: 2.9 GB
2025-01-05 21:48:45,689 Train INFO: eta: 0:00:38  iter: 39800  time: 0.1345 (0.1931)  data: 0.0266 (0.0794)  loss: 9.8433 (9.4272)  lr: 0.000005  max mem: 2.9 GB
2025-01-05 21:48:48,379 Train INFO: eta: 0:00:34  iter: 39820  time: 0.1340 (0.1930)  data: 0.0264 (0.0794)  loss: 10.1985 (9.4277)  lr: 0.000005  max mem: 2.9 GB
2025-01-05 21:48:51,081 Train INFO: eta: 0:00:30  iter: 39840  time: 0.1347 (0.1930)  data: 0.0261 (0.0793)  loss: 9.7264 (9.4280)  lr: 0.000005  max mem: 2.9 GB
2025-01-05 21:48:53,807 Train INFO: eta: 0:00:27  iter: 39860  time: 0.1353 (0.1930)  data: 0.0256 (0.0793)  loss: 10.2120 (9.4284)  lr: 0.000005  max mem: 2.9 GB
2025-01-05 21:48:56,567 Train INFO: eta: 0:00:23  iter: 39880  time: 0.1379 (0.1930)  data: 0.0258 (0.0793)  loss: 11.1143 (9.4293)  lr: 0.000005  max mem: 2.9 GB
2025-01-05 21:48:59,295 Train INFO: eta: 0:00:19  iter: 39900  time: 0.1357 (0.1929)  data: 0.0251 (0.0793)  loss: 10.7114 (9.4300)  lr: 0.000005  max mem: 2.9 GB
2025-01-05 21:49:02,007 Train INFO: eta: 0:00:15  iter: 39920  time: 0.1351 (0.1929)  data: 0.0250 (0.0792)  loss: 10.6591 (9.4306)  lr: 0.000005  max mem: 2.9 GB
2025-01-05 21:49:04,739 Train INFO: eta: 0:00:11  iter: 39940  time: 0.1371 (0.1929)  data: 0.0256 (0.0792)  loss: 9.9402 (9.4311)  lr: 0.000005  max mem: 2.9 GB
2025-01-05 21:49:07,478 Train INFO: eta: 0:00:07  iter: 39960  time: 0.1363 (0.1928)  data: 0.0247 (0.0792)  loss: 10.8258 (9.4319)  lr: 0.000005  max mem: 2.9 GB
2025-01-05 21:49:10,139 Train INFO: eta: 0:00:03  iter: 39980  time: 0.1309 (0.1928)  data: 0.0203 (0.0792)  loss: 11.1187 (9.4328)  lr: 0.000005  max mem: 2.9 GB
2025-01-05 21:49:12,727 Train INFO: eta: 0:00:00  iter: 40000  time: 0.1294 (0.1928)  data: 0.0200 (0.0791)  loss: 11.0016 (9.4335)  lr: 0.000005  max mem: 2.9 GB
2025-01-05 21:49:14,680 Train INFO: Validation
2025-01-05 21:49:14,689 Train INFO: Begin extract
2025-01-05 21:50:11,833 Train INFO: Performance at iteration 040000: {'mean_average_precision_at_r': 0.5441715806477819, 'precision_at_1': 0.804254404813064, 'r_precision': 0.5715667873166799}
2025-01-05 21:50:11,974 Train INFO: Total training time: 2:09:30.424996 (0.1943 s / it)
2025-01-05 21:50:11,975 Train INFO: Best iteration: 038000 | best MAP@R 0.5459017901540834 
